1403636581,-0.00990,0.01465,-0.16346,-0.04085,0.84060,0.04443,0.53829,0.06988,0.00516,0.74923,
1403636581,-0.00301,0.01572,-0.08546,-0.03155,0.83322,0.04531,0.55018,0.06819,0.02420,0.77988,
1403636581,0.00280,0.01849,-0.01034,-0.03212,0.82671,0.04826,0.55963,0.04992,0.03400,0.69799,
1403636581,0.00939,0.02004,0.05480,-0.03595,0.82079,0.04767,0.56810,0.05348,0.01039,0.60248,
1403636581,0.01548,0.01969,0.10928,-0.03726,0.81404,0.04133,0.57814,0.02792,-0.01100,0.47231,
1403636581,0.01926,0.01721,0.14809,-0.04331,0.80633,0.04170,0.58840,-0.01870,-0.01066,0.25248,
1403636581,0.02060,0.01344,0.15656,-0.04491,0.80457,0.04442,0.59049,-0.03383,-0.02324,-0.10258,
1403636582,0.01652,0.00975,0.13129,-0.04274,0.80804,0.04957,0.58549,-0.03489,-0.01661,-0.42529,
1403636582,0.00865,0.00873,0.08135,-0.04026,0.81211,0.04682,0.58023,-0.02036,-0.00868,-0.60542,
1403636582,0.00348,0.00723,0.01909,-0.03444,0.81538,0.04397,0.57622,-0.02738,-0.03130,-0.66650,
1403636582,-0.00651,0.00424,-0.04510,-0.03673,0.81147,0.04434,0.58154,-0.05725,-0.01601,-0.67311,
1403636582,-0.01144,0.00361,-0.11142,-0.04321,0.81308,0.04572,0.57874,-0.05470,0.00401,-0.64450,
1403636582,-0.01448,0.00253,-0.17408,-0.04907,0.82112,0.04698,0.56670,-0.04281,0.00158,-0.56452,
1403636582,-0.01847,0.00452,-0.22250,-0.05114,0.83058,0.05143,0.55215,-0.04852,0.02009,-0.37445,
1403636582,-0.02205,0.00930,-0.24707,-0.06434,0.83733,0.06232,0.53932,-0.02098,0.02361,-0.07484,
1403636582,-0.02142,0.01327,-0.23726,-0.07120,0.83941,0.06826,0.53448,0.01825,0.02421,0.28869,
1403636582,-0.02023,0.01748,-0.19452,-0.08077,0.83430,0.07367,0.54036,0.02112,0.01353,0.53438,
1403636583,-0.01726,0.01849,-0.13506,-0.08370,0.82594,0.07606,0.55230,0.03818,-0.00684,0.63981,
1403636583,-0.01428,0.01752,-0.06918,-0.08540,0.82097,0.08000,0.55886,0.03483,-0.02702,0.66952,
1403636583,-0.01164,0.01395,-0.00274,-0.08554,0.81862,0.07896,0.56242,0.04189,-0.04329,0.65772,
1403636583,-0.00586,0.00889,0.06177,-0.08400,0.81495,0.07111,0.56898,0.06083,-0.06467,0.64575,
1403636583,-0.00108,0.00359,0.12331,-0.07602,0.80798,0.05707,0.58149,0.02788,-0.05589,0.56746,
1403636583,-0.00097,-0.00042,0.17006,-0.06971,0.79834,0.04960,0.59610,-0.00994,-0.03435,0.34217,
1403636583,-0.00241,-0.00201,0.18854,-0.06210,0.79354,0.04656,0.60354,-0.00386,-0.02168,0.02576,
1403636583,-0.00276,-0.00416,0.17418,-0.05772,0.79381,0.04866,0.60347,0.00008,0.01267,-0.30395,
1403636583,-0.00262,-0.00302,0.13463,-0.05597,0.79542,0.04934,0.60145,0.02080,0.00914,-0.51783,
1403636583,-0.00241,-0.00361,0.07666,-0.05880,0.79720,0.05165,0.59862,0.00993,-0.01391,-0.64799,
1403636584,-0.00350,-0.00525,0.01148,-0.06087,0.79962,0.05705,0.59468,-0.00828,-0.01695,-0.69243,
1403636584,-0.00444,-0.00706,-0.05781,-0.05862,0.80445,0.06065,0.58800,-0.00843,-0.00990,-0.70335,
1403636584,-0.00703,-0.00567,-0.12617,-0.06641,0.81548,0.06201,0.57161,-0.03563,0.00991,-0.63192,
1403636584,-0.01119,-0.00615,-0.18465,-0.07214,0.82749,0.06089,0.55348,-0.04438,-0.00127,-0.51826,
1403636584,-0.01555,-0.00558,-0.23117,-0.07025,0.83426,0.06467,0.54304,-0.05069,-0.00398,-0.37860,
1403636584,-0.02050,-0.00362,-0.25853,-0.07226,0.83591,0.07286,0.53918,-0.05254,0.01946,-0.15612,
1403636584,-0.02201,0.00049,-0.26018,-0.07800,0.83523,0.07797,0.53872,0.00028,0.01775,0.12312,
1403636584,-0.02035,0.00143,-0.23247,-0.07908,0.83487,0.07998,0.53884,0.02681,0.00596,0.39474,
1403636584,-0.01705,0.00133,-0.18290,-0.07713,0.83316,0.07791,0.54206,0.04233,0.00279,0.55462,
1403636584,-0.01050,-0.00026,-0.11984,-0.06723,0.83121,0.07578,0.54665,0.07107,-0.01898,0.67919,
1403636585,-0.00306,-0.00205,-0.04890,-0.06080,0.82696,0.07424,0.55401,0.06958,-0.00544,0.73469,
1403636585,0.00374,-0.00346,0.02519,-0.05873,0.81889,0.06855,0.56680,0.05691,-0.01082,0.73501,
1403636585,0.00692,-0.00474,0.09550,-0.05254,0.80695,0.05964,0.58525,0.01008,-0.01124,0.65472,
1403636585,0.00730,-0.00579,0.15485,-0.05134,0.79596,0.05540,0.60062,-0.02148,-0.00365,0.52621,
1403636585,0.00590,-0.00662,0.19625,-0.05885,0.78952,0.05364,0.60853,-0.03345,0.01189,0.29261,
1403636585,0.00561,-0.00757,0.21027,-0.06223,0.78872,0.04974,0.60957,0.00380,0.01007,-0.01175,
1403636585,0.00779,-0.00809,0.19601,-0.06412,0.79142,0.04908,0.60591,0.01819,0.01295,-0.28054,
1403636585,0.01029,-0.00882,0.15955,-0.06089,0.79526,0.04705,0.60137,0.03185,-0.00910,-0.46341,
1403636585,0.01329,-0.01097,0.11087,-0.05259,0.79859,0.04933,0.59754,0.03664,-0.02772,-0.53441,
1403636585,0.01533,-0.01313,0.05821,-0.04622,0.80202,0.05405,0.59304,0.02210,-0.01381,-0.53162,
1403636586,0.01256,-0.01521,0.00595,-0.04613,0.80718,0.05959,0.58548,-0.03883,-0.02002,-0.49673,
1403636586,0.00543,-0.01600,-0.03984,-0.05844,0.81390,0.07045,0.57375,-0.10498,-0.01573,-0.39496,
1403636586,-0.00605,-0.01782,-0.07174,-0.07210,0.82113,0.07638,0.56100,-0.11905,-0.02177,-0.24503,
1403636586,-0.01701,-0.01978,-0.08810,-0.08112,0.82938,0.07646,0.54745,-0.11575,-0.01617,-0.10794,
1403636586,-0.02727,-0.02140,-0.09210,-0.08753,0.83929,0.07556,0.53125,-0.09841,-0.01558,-0.00978,
1403636586,-0.03455,-0.02279,-0.09114,-0.08601,0.85178,0.07189,0.51176,-0.06174,-0.01347,0.01997,
1403636586,-0.03996,-0.02317,-0.08731,-0.07517,0.86450,0.06446,0.49279,-0.06656,0.01998,0.04304,
1403636586,-0.04699,-0.02029,-0.08215,-0.06927,0.87428,0.05676,0.47710,-0.08832,0.03064,0.03963,
1403636586,-0.05593,-0.01872,-0.07828,-0.06824,0.88408,0.05306,0.45928,-0.09857,0.00228,0.02298,
1403636586,-0.06706,-0.01991,-0.07599,-0.06827,0.89478,0.04921,0.43850,-0.11713,-0.02117,0.00390,
1403636587,-0.07804,-0.02428,-0.07378,-0.06607,0.90346,0.05060,0.42051,-0.08841,-0.05824,0.01988,
1403636587,-0.08346,-0.03171,-0.07007,-0.06946,0.90777,0.05635,0.40982,-0.02155,-0.08198,0.03789,
1403636587,-0.08235,-0.04176,-0.06600,-0.07497,0.90705,0.05965,0.40997,0.02522,-0.08737,0.02381,
1403636587,-0.07726,-0.05066,-0.06413,-0.08375,0.90348,0.06358,0.41553,0.06095,-0.08432,0.00248,
1403636587,-0.07195,-0.05501,-0.06462,-0.08527,0.90057,0.06735,0.42092,0.04883,-0.01680,-0.01417,
1403636587,-0.06630,-0.05616,-0.06508,-0.08961,0.89854,0.07490,0.42306,0.05707,-0.00346,-0.00392,
1403636587,-0.06022,-0.05694,-0.06476,-0.08934,0.89972,0.07904,0.41985,0.06047,-0.02601,-0.00515,
1403636587,-0.05299,-0.06198,-0.06543,-0.08977,0.90123,0.08219,0.41589,0.07547,-0.08000,-0.01554,
1403636587,-0.04382,-0.07308,-0.06683,-0.08848,0.90238,0.07949,0.41419,0.10295,-0.15368,-0.02064,
1403636587,-0.03222,-0.09103,-0.06838,-0.08657,0.90364,0.07565,0.41257,0.11615,-0.21608,-0.02313,
1403636588,-0.02023,-0.11573,-0.07020,-0.08692,0.90510,0.07097,0.41012,0.11640,-0.28346,-0.02021,
1403636588,-0.00799,-0.14683,-0.07139,-0.08614,0.90568,0.06595,0.40984,0.12611,-0.33421,-0.00435,
1403636588,0.00565,-0.18178,-0.07098,-0.08497,0.90397,0.05919,0.41486,0.14014,-0.35436,0.00896,
1403636588,0.01951,-0.21765,-0.07079,-0.08319,0.90188,0.05109,0.42081,0.12805,-0.35564,-0.00998,
1403636588,0.03160,-0.25244,-0.07366,-0.08027,0.90261,0.04476,0.42053,0.10192,-0.33683,-0.04463,
1403636588,0.04140,-0.28458,-0.07929,-0.07296,0.90706,0.03951,0.41275,0.08295,-0.30285,-0.05997,
1403636588,0.04975,-0.31021,-0.08622,-0.07029,0.91084,0.03464,0.40524,0.06599,-0.22741,-0.06290,
1403636588,0.05592,-0.32935,-0.09226,-0.06981,0.91173,0.03515,0.40330,0.04640,-0.15430,-0.05149,
1403636588,0.05971,-0.34049,-0.09665,-0.07257,0.91054,0.03492,0.40549,0.01933,-0.07139,-0.03147,
1403636588,0.06038,-0.34346,-0.09931,-0.07610,0.90900,0.03477,0.40830,-0.01833,0.00565,-0.01867,
1403636589,0.05732,-0.33910,-0.09917,-0.07467,0.90914,0.03412,0.40832,-0.04941,0.07554,0.02548,
1403636589,0.05149,-0.32674,-0.09502,-0.07385,0.90899,0.03427,0.40880,-0.08247,0.16082,0.05403,
1403636589,0.04197,-0.30692,-0.09065,-0.07646,0.90882,0.03589,0.40854,-0.11772,0.22806,0.02867,
1403636589,0.03031,-0.28120,-0.08842,-0.07903,0.90969,0.04044,0.40569,-0.11944,0.27995,0.01691,
1403636589,0.01770,-0.24902,-0.08602,-0.08323,0.90961,0.04382,0.40468,-0.14070,0.34284,0.03584,
1403636589,0.00305,-0.21199,-0.08097,-0.08735,0.90799,0.04886,0.40685,-0.15860,0.38399,0.06520,
1403636589,-0.01328,-0.17221,-0.07362,-0.09125,0.90511,0.05488,0.41163,-0.16083,0.40698,0.08436,
1403636589,-0.02956,-0.12939,-0.06528,-0.09401,0.90301,0.05876,0.41507,-0.16631,0.43855,0.08185,
1403636589,-0.04647,-0.08464,-0.05845,-0.09688,0.90297,0.06460,0.41363,-0.17133,0.45131,0.04842,
1403636589,-0.06311,-0.03874,-0.05455,-0.09886,0.90402,0.07086,0.40982,-0.16205,0.44726,0.03051,
1403636590,-0.07944,0.00685,-0.05182,-0.09954,0.90341,0.07443,0.41036,-0.16915,0.45433,0.02309,
1403636590,-0.09568,0.05263,-0.05026,-0.10100,0.90194,0.07706,0.41275,-0.16363,0.44374,0.02140,
1403636590,-0.11219,0.09669,-0.04870,-0.10289,0.90063,0.08035,0.41452,-0.16413,0.43420,0.00670,
1403636590,-0.12656,0.13910,-0.05030,-0.10683,0.90091,0.08522,0.41193,-0.14767,0.39013,-0.02334,
1403636590,-0.13789,0.17624,-0.05489,-0.10942,0.90281,0.09107,0.40580,-0.12614,0.33250,-0.03855,
1403636590,-0.14741,0.20697,-0.05869,-0.11526,0.90257,0.09529,0.40374,-0.09717,0.26124,-0.00824,
1403636590,-0.15395,0.22872,-0.05866,-0.11893,0.89942,0.09825,0.40896,-0.06567,0.16508,0.01865,
1403636590,-0.15684,0.23929,-0.05780,-0.12016,0.89687,0.09922,0.41394,-0.03605,0.03422,0.02568,
1403636590,-0.15645,0.23733,-0.05760,-0.11435,0.89743,0.09883,0.41446,-0.01204,-0.08888,0.02012,
1403636590,-0.15392,0.22316,-0.05714,-0.10574,0.89919,0.09526,0.41375,0.01096,-0.20694,0.02009,
1403636591,-0.14935,0.19760,-0.05547,-0.09661,0.89964,0.09074,0.41603,0.03555,-0.30093,0.03062,
1403636591,-0.14304,0.16395,-0.05303,-0.08841,0.89917,0.08652,0.41975,0.05729,-0.36434,0.02514,
1403636591,-0.13464,0.12510,-0.05195,-0.08089,0.89976,0.08121,0.42106,0.08030,-0.40983,0.00321,
1403636591,-0.12415,0.08320,-0.05318,-0.07701,0.90232,0.07541,0.41738,0.10540,-0.43152,-0.02667,
1403636591,-0.11186,0.03870,-0.05604,-0.07425,0.90530,0.07049,0.41225,0.12381,-0.45878,-0.02710,
1403636591,-0.09885,-0.00688,-0.05903,-0.07171,0.90606,0.06828,0.41140,0.13237,-0.44352,-0.02660,
1403636591,-0.08488,-0.05012,-0.06169,-0.07370,0.90541,0.06765,0.41257,0.13190,-0.42151,-0.01917,
1403636591,-0.07100,-0.09023,-0.06418,-0.07439,0.90591,0.06486,0.41181,0.12370,-0.38424,-0.02975,
1403636591,-0.05876,-0.12516,-0.06868,-0.07239,0.90734,0.06182,0.40948,0.10109,-0.31438,-0.05359,
1403636591,-0.04928,-0.15224,-0.07467,-0.06928,0.90860,0.05729,0.40787,0.07844,-0.22053,-0.07660,
1403636592,-0.03985,-0.17164,-0.08283,-0.06704,0.90851,0.05360,0.40896,0.08820,-0.17478,-0.07848,
1403636592,-0.02964,-0.18706,-0.09061,-0.05768,0.90514,0.04379,0.41890,0.09880,-0.12659,-0.06799,
1403636592,-0.02037,-0.19600,-0.09613,-0.04964,0.89704,0.03610,0.43767,0.07154,-0.06398,-0.02886,
1403636592,-0.01208,-0.20118,-0.09766,-0.04221,0.88772,0.03004,0.45745,0.06404,-0.04618,0.00991,
1403636592,-0.00396,-0.20528,-0.09748,-0.03823,0.88136,0.02300,0.47033,0.06500,-0.04065,0.00696,
1403636592,0.00697,-0.21078,-0.09845,-0.03792,0.88322,0.01415,0.46722,0.12571,-0.08002,-0.01254,
1403636592,0.02499,-0.21948,-0.10064,-0.03557,0.88695,0.00278,0.46048,0.19392,-0.09549,-0.02124,
1403636592,0.04786,-0.22868,-0.10348,-0.03367,0.89126,-0.00582,0.45221,0.23626,-0.08483,-0.02095,
1403636592,0.07384,-0.23449,-0.10518,-0.03391,0.89527,-0.00766,0.44416,0.27138,-0.02227,-0.01241,
1403636592,0.10288,-0.23213,-0.10584,-0.04113,0.89800,-0.00589,0.43803,0.29856,0.07338,0.00597,
1403636593,0.13376,-0.21978,-0.10422,-0.05114,0.89668,0.00395,0.43970,0.30510,0.17034,0.02873,
1403636593,0.16327,-0.19782,-0.10245,-0.06134,0.89161,0.01975,0.44820,0.27717,0.25652,0.01532,
1403636593,0.18849,-0.16729,-0.10199,-0.07092,0.88750,0.03825,0.45371,0.20953,0.34356,0.00363,
1403636593,0.20548,-0.12683,-0.10176,-0.08748,0.88520,0.05989,0.45297,0.09582,0.44829,-0.00179,
1403636593,0.20930,-0.07757,-0.10301,-0.10804,0.88414,0.08295,0.44692,-0.05549,0.51593,-0.01107,
1403636593,0.19654,-0.02339,-0.10278,-0.12635,0.88314,0.10567,0.43923,-0.23371,0.56163,0.00880,
1403636593,0.16857,0.03232,-0.10125,-0.14047,0.88106,0.12815,0.43309,-0.38448,0.55128,0.03136,
1403636593,0.12753,0.08516,-0.09854,-0.15625,0.87828,0.14297,0.42869,-0.49290,0.49871,0.04953,
1403636593,0.07974,0.12885,-0.09707,-0.16847,0.87706,0.15116,0.42371,-0.53431,0.35770,0.03409,
1403636593,0.02984,0.15727,-0.09866,-0.16852,0.87855,0.15513,0.41914,-0.54428,0.17637,-0.00631,
1403636594,-0.02030,0.16638,-0.10337,-0.16147,0.88131,0.15254,0.41708,-0.52228,-0.01009,-0.04671,
1403636594,-0.06555,0.15933,-0.11113,-0.15363,0.88673,0.14045,0.41278,-0.46730,-0.16236,-0.07226,
1403636594,-0.10514,0.13644,-0.11916,-0.14329,0.89438,0.12090,0.40612,-0.39544,-0.31561,-0.06948,
1403636594,-0.13788,0.09950,-0.12576,-0.12550,0.90110,0.09215,0.40469,-0.31537,-0.44291,-0.04401,
1403636594,-0.16226,0.05246,-0.12880,-0.10360,0.90294,0.05641,0.41326,-0.21688,-0.52131,-0.00334,
1403636594,-0.17823,-0.00169,-0.12804,-0.07896,0.90113,0.02168,0.42575,-0.10593,-0.56390,0.02196,
1403636594,-0.18161,-0.05796,-0.12594,-0.05530,0.89960,-0.01067,0.43307,0.03486,-0.55807,0.01371,
1403636594,-0.16923,-0.11352,-0.12541,-0.03606,0.89990,-0.03663,0.43306,0.20121,-0.54132,-0.00126,
1403636594,-0.14049,-0.16637,-0.12637,-0.02004,0.90010,-0.05148,0.43216,0.36258,-0.50849,0.00183,
1403636594,-0.09641,-0.21357,-0.12778,-0.00688,0.89845,-0.05758,0.43523,0.48475,-0.44820,0.00329,
1403636595,-0.04111,-0.25140,-0.13012,0.00000,0.89406,-0.05533,0.44453,0.53831,-0.32192,-0.00345,
1403636595,0.01369,-0.27536,-0.13042,-0.00194,0.88920,-0.05518,0.45418,0.50858,-0.12745,0.00267,
1403636595,0.06480,-0.27621,-0.13213,-0.00873,0.88651,-0.05178,0.45972,0.43247,0.12155,-0.00329,
1403636595,0.10519,-0.25136,-0.13555,-0.02062,0.88499,-0.03700,0.46368,0.33061,0.38067,-0.02822,
1403636595,0.13344,-0.20203,-0.13853,-0.03583,0.88298,-0.01192,0.46788,0.17951,0.60610,-0.01526,
1403636595,0.14374,-0.13272,-0.14012,-0.05726,0.88036,0.02194,0.47032,-0.00864,0.76109,-0.00494,
1403636595,0.13716,-0.05490,-0.14205,-0.08186,0.87884,0.05808,0.46643,-0.15204,0.77420,-0.01366,
1403636595,0.11743,0.01901,-0.14366,-0.10633,0.87776,0.08844,0.45871,-0.26755,0.68033,-0.00624,
1403636595,0.08966,0.07923,-0.14507,-0.12770,0.87607,0.11386,0.45081,-0.34813,0.48732,-0.00219,
1403636595,0.05609,0.11609,-0.14698,-0.13924,0.87473,0.12956,0.44572,-0.36407,0.22897,0.00075,
1403636596,0.02439,0.12522,-0.14942,-0.14342,0.87525,0.13529,0.44166,-0.33378,-0.05233,-0.01552,
1403636596,-0.00346,0.10731,-0.15312,-0.14161,0.87747,0.13703,0.43729,-0.28668,-0.31079,-0.03584,
1403636596,-0.02703,0.06679,-0.15769,-0.13179,0.88098,0.12992,0.43545,-0.22950,-0.49606,-0.05257,
1403636596,-0.04630,0.01110,-0.16347,-0.11157,0.88465,0.11464,0.43796,-0.18294,-0.60955,-0.06302,
1403636596,-0.06401,-0.05020,-0.16994,-0.08927,0.88844,0.09148,0.44085,-0.18728,-0.61203,-0.06499,
1403636596,-0.08548,-0.10736,-0.17497,-0.06809,0.89305,0.06681,0.43974,-0.25769,-0.51418,-0.03968,
1403636596,-0.11447,-0.14869,-0.17665,-0.05090,0.89721,0.04251,0.43659,-0.32793,-0.28855,-0.00865,
1403636596,-0.14760,-0.16348,-0.17442,-0.04333,0.89865,0.02689,0.43570,-0.37495,-0.00386,0.05385,
1403636596,-0.18491,-0.15162,-0.16712,-0.04416,0.89765,0.01859,0.43810,-0.42760,0.20969,0.11785,
1403636596,-0.22731,-0.12433,-0.15567,-0.04322,0.89545,0.01715,0.44273,-0.47249,0.30137,0.14494,
1403636597,-0.27091,-0.09359,-0.14402,-0.04282,0.89257,0.02232,0.44832,-0.41653,0.30234,0.12169,
1403636597,-0.30617,-0.06583,-0.13530,-0.04202,0.89133,0.02764,0.45055,-0.30350,0.25804,0.07237,
1403636597,-0.32771,-0.04460,-0.13097,-0.04238,0.89241,0.02985,0.44823,-0.12480,0.16548,0.01980,
1403636597,-0.32794,-0.03409,-0.13103,-0.04166,0.89102,0.03416,0.45075,0.11109,0.06002,-0.01649,
1403636597,-0.30471,-0.03275,-0.13310,-0.03816,0.88814,0.03800,0.45640,0.34146,-0.01138,-0.02983,
1403636597,-0.26043,-0.03642,-0.13649,-0.03387,0.88909,0.03987,0.45474,0.52347,-0.04433,-0.04139,
1403636597,-0.20160,-0.04204,-0.14112,-0.03471,0.89409,0.04260,0.44450,0.63446,-0.04712,-0.03561,
1403636597,-0.13460,-0.04692,-0.14204,-0.04087,0.89707,0.05269,0.43682,0.69617,-0.04200,0.02454,
1403636597,-0.06432,-0.04899,-0.13778,-0.04827,0.89569,0.06654,0.43702,0.69775,0.00907,0.04851,
1403636597,0.00415,-0.04513,-0.13283,-0.05668,0.89224,0.08177,0.44047,0.64707,0.06557,0.03935,
1403636598,0.06302,-0.03501,-0.13017,-0.06597,0.88829,0.09999,0.44339,0.48907,0.13986,0.01417,
1403636598,0.10202,-0.01813,-0.13016,-0.08295,0.88264,0.11637,0.44780,0.25057,0.20712,-0.01314,
1403636598,0.11606,0.00396,-0.13209,-0.10139,0.87569,0.13103,0.45356,-0.00295,0.23249,-0.02148,
1403636598,0.10560,0.02587,-0.13357,-0.11261,0.86945,0.14277,0.45934,-0.22401,0.19129,-0.01410,
1403636598,0.07722,0.04091,-0.13507,-0.11536,0.86536,0.15383,0.46279,-0.37334,0.10411,-0.02075,
1403636598,0.03728,0.04742,-0.13797,-0.11383,0.86533,0.16210,0.46040,-0.45281,0.02711,-0.03388,
1403636598,-0.00745,0.04649,-0.14371,-0.11254,0.86989,0.16337,0.45160,-0.46494,-0.04160,-0.06820,
1403636598,-0.04911,0.03844,-0.15298,-0.10647,0.87844,0.16232,0.43664,-0.38334,-0.10147,-0.11766,
1403636598,-0.07854,0.02692,-0.16608,-0.09753,0.88659,0.16175,0.42223,-0.21867,-0.12294,-0.13694,
1403636598,-0.08879,0.01480,-0.18014,-0.08742,0.89050,0.15941,0.41707,-0.01147,-0.11134,-0.14877,
1403636599,-0.07861,0.00508,-0.19471,-0.08366,0.88954,0.15892,0.42008,0.19002,-0.07060,-0.13009,
1403636599,-0.05146,-0.00080,-0.20754,-0.08952,0.88340,0.16158,0.43068,0.32126,-0.03494,-0.11853,
1403636599,-0.01640,-0.00356,-0.22109,-0.10029,0.87412,0.16636,0.44518,0.35389,-0.00343,-0.15768,
1403636599,0.01905,-0.00457,-0.23953,-0.11379,0.86209,0.17065,0.46340,0.33176,-0.00581,-0.20425,
1403636599,0.05090,-0.00602,-0.26174,-0.12217,0.85072,0.16952,0.48229,0.29262,-0.01557,-0.23038,
1403636599,0.07733,-0.00737,-0.28504,-0.12353,0.84213,0.16932,0.49688,0.22324,-0.00778,-0.21433,
1403636599,0.09673,-0.00749,-0.30314,-0.13251,0.83216,0.16819,0.51152,0.15936,0.00120,-0.14130,
1403636599,0.11153,-0.00717,-0.31423,-0.14116,0.81643,0.16618,0.53469,0.14170,0.01198,-0.08700,
1403636599,0.12436,-0.00623,-0.32282,-0.14720,0.80053,0.15985,0.55851,0.11088,0.01070,-0.07723,
1403636599,0.13479,-0.00562,-0.33202,-0.14523,0.79230,0.15594,0.57170,0.08262,0.00362,-0.09760,
1403636600,0.14278,-0.00540,-0.34162,-0.13780,0.79305,0.15130,0.57375,0.05346,0.00241,-0.08933,
1403636600,0.14728,-0.00578,-0.35054,-0.13293,0.79792,0.14581,0.56956,0.02018,-0.00790,-0.08206,
1403636600,0.14945,-0.00711,-0.35832,-0.13057,0.79900,0.14392,0.56906,-0.00506,-0.01694,0.02242,
1403636600,0.14940,-0.00949,-0.35867,-0.13316,0.78875,0.14307,0.58282,-0.00694,-0.01548,0.00792,
1403636600,0.14842,-0.01134,-0.35992,-0.13603,0.78390,0.14088,0.58919,-0.01155,-0.01389,-0.00220,
1403636600,0.14863,-0.01261,-0.36093,-0.13550,0.78538,0.13762,0.58812,-0.01241,-0.01519,-0.01692,
1403636600,0.14869,-0.01451,-0.36206,-0.13994,0.78369,0.13441,0.59007,-0.01794,-0.02015,-0.00396,
1403636600,0.14861,-0.01470,-0.36219,-0.13971,0.78362,0.13445,0.59021,-0.01274,0.00695,0.00004,
1403636600,0.14842,-0.01459,-0.36236,-0.14019,0.78368,0.13421,0.59006,-0.01090,-0.00046,0.00380,
1403636600,0.14837,-0.01456,-0.36233,-0.14044,0.78374,0.13378,0.59003,-0.00764,-0.00201,0.00412,
1403636601,0.14831,-0.01462,-0.36231,-0.14045,0.78377,0.13338,0.59007,-0.00803,-0.00217,0.00114,
1403636601,0.14836,-0.01455,-0.36233,-0.14053,0.78395,0.13323,0.58985,-0.01265,0.00264,0.00346,
1403636601,0.14833,-0.01466,-0.36232,-0.14014,0.78413,0.13323,0.58970,-0.01114,0.00579,0.00278,
1403636601,0.14830,-0.01471,-0.36232,-0.13985,0.78419,0.13321,0.58970,-0.01162,0.00165,0.00201,
1403636601,0.14831,-0.01472,-0.36232,-0.13975,0.78430,0.13313,0.58959,-0.01054,0.00095,0.00277,
1403636601,0.14825,-0.01477,-0.36232,-0.13950,0.78443,0.13309,0.58949,-0.01010,0.00107,0.00332,
1403636601,0.14825,-0.01478,-0.36232,-0.13949,0.78452,0.13296,0.58940,-0.01039,-0.00040,0.00406,
1403636601,0.14822,-0.01481,-0.36233,-0.13939,0.78460,0.13292,0.58932,-0.00852,0.00040,0.00366,
1403636601,0.14823,-0.01483,-0.36233,-0.13930,0.78468,0.13287,0.58925,-0.00870,-0.00264,0.00334,
1403636601,0.14824,-0.01481,-0.36234,-0.13928,0.78475,0.13275,0.58919,-0.00791,-0.00081,0.00400,
1403636602,0.14821,-0.01484,-0.36236,-0.13925,0.78479,0.13266,0.58917,-0.00914,-0.00221,0.00472,
1403636602,0.14818,-0.01482,-0.36238,-0.13927,0.78486,0.13255,0.58909,-0.00825,-0.00230,0.00212,
1403636602,0.14817,-0.01483,-0.36240,-0.13922,0.78490,0.13251,0.58906,-0.00789,-0.00056,0.00259,
1403636602,0.14822,-0.01483,-0.36241,-0.13923,0.78497,0.13249,0.58897,-0.00573,-0.00036,0.00410,
1403636602,0.14823,-0.01483,-0.36240,-0.13915,0.78501,0.13243,0.58895,-0.00701,-0.00111,0.00405,
1403636602,0.14820,-0.01484,-0.36238,-0.13909,0.78505,0.13241,0.58891,-0.00750,-0.00211,0.00409,
1403636602,0.14820,-0.01484,-0.36238,-0.13907,0.78511,0.13237,0.58885,-0.00678,-0.00167,0.00296,
1403636602,0.14821,-0.01483,-0.36240,-0.13902,0.78513,0.13234,0.58883,-0.00807,-0.00217,0.00223,
1403636602,0.14819,-0.01485,-0.36239,-0.13895,0.78518,0.13237,0.58878,-0.00827,0.00063,0.00221,
1403636602,0.14820,-0.01487,-0.36242,-0.13891,0.78520,0.13238,0.58877,-0.00824,-0.00001,0.00215,
1403636603,0.14817,-0.01488,-0.36241,-0.13880,0.78524,0.13237,0.58874,-0.00895,-0.00078,0.00242,
1403636603,0.14817,-0.01490,-0.36240,-0.13875,0.78527,0.13240,0.58870,-0.00793,-0.00117,0.00269,
1403636603,0.14818,-0.01489,-0.36241,-0.13874,0.78528,0.13236,0.58870,-0.00793,-0.00028,0.00291,
1403636603,0.14816,-0.01490,-0.36242,-0.13869,0.78531,0.13235,0.58868,-0.00785,-0.00022,0.00199,
1403636603,0.14818,-0.01492,-0.36242,-0.13866,0.78533,0.13236,0.58865,-0.00668,-0.00023,0.00328,
1403636603,0.14819,-0.01491,-0.36243,-0.13861,0.78534,0.13237,0.58865,-0.00583,0.00067,0.00263,
1403636603,0.14817,-0.01490,-0.36243,-0.13859,0.78535,0.13236,0.58864,-0.00744,-0.00072,0.00268,
1403636603,0.14816,-0.01492,-0.36242,-0.13861,0.78540,0.13232,0.58858,-0.00630,-0.00043,0.00263,
1403636603,0.14817,-0.01491,-0.36244,-0.13858,0.78539,0.13234,0.58860,-0.00568,-0.00085,0.00281,
1403636603,0.14817,-0.01491,-0.36244,-0.13858,0.78539,0.13233,0.58860,-0.00649,-0.00082,0.00237,
1403636604,0.14817,-0.01490,-0.36243,-0.13854,0.78545,0.13233,0.58853,-0.00606,-0.00074,0.00303,
1403636604,0.14817,-0.01491,-0.36243,-0.13854,0.78545,0.13234,0.58852,-0.00624,0.00002,0.00303,
1403636604,0.14815,-0.01491,-0.36243,-0.13852,0.78546,0.13231,0.58852,-0.00681,-0.00083,0.00333,
1403636604,0.14815,-0.01492,-0.36245,-0.13849,0.78550,0.13233,0.58847,-0.00752,-0.00057,0.00065,
1403636604,0.14814,-0.01490,-0.36249,-0.13856,0.78550,0.13230,0.58846,-0.00503,-0.00098,0.00192,
1403636604,0.14814,-0.01489,-0.36247,-0.13863,0.78549,0.13225,0.58847,-0.00415,-0.00005,0.00312,
1403636604,0.14816,-0.01490,-0.36246,-0.13861,0.78550,0.13226,0.58846,-0.00592,-0.00030,0.00284,
1403636604,0.14815,-0.01490,-0.36246,-0.13858,0.78550,0.13231,0.58845,-0.00634,0.00049,0.00269,
1403636604,0.14816,-0.01490,-0.36247,-0.13857,0.78552,0.13231,0.58843,-0.00653,-0.00050,0.00246,
1403636604,0.14817,-0.01490,-0.36246,-0.13857,0.78555,0.13235,0.58838,-0.00647,-0.00074,0.00290,
1403636605,0.14818,-0.01490,-0.36247,-0.13853,0.78554,0.13235,0.58841,-0.00596,0.00032,0.00162,
1403636605,0.14817,-0.01490,-0.36247,-0.13854,0.78554,0.13235,0.58840,-0.00625,-0.00033,0.00264,
1403636605,0.14818,-0.01491,-0.36247,-0.13855,0.78555,0.13239,0.58838,-0.00624,-0.00023,0.00212,
1403636605,0.14817,-0.01491,-0.36246,-0.13851,0.78557,0.13241,0.58836,-0.00612,-0.00014,0.00302,
1403636605,0.14817,-0.01491,-0.36246,-0.13852,0.78559,0.13238,0.58833,-0.00623,-0.00083,0.00212,
1403636605,0.14818,-0.01492,-0.36247,-0.13851,0.78560,0.13239,0.58832,-0.00621,-0.00074,0.00206,
1403636605,0.14819,-0.01492,-0.36247,-0.13847,0.78559,0.13243,0.58834,-0.00679,-0.00037,0.00187,
1403636605,0.14818,-0.01491,-0.36247,-0.13850,0.78561,0.13241,0.58830,-0.00606,0.00013,0.00242,
1403636605,0.14818,-0.01491,-0.36248,-0.13848,0.78560,0.13244,0.58832,-0.00619,-0.00046,0.00140,
1403636605,0.14818,-0.01490,-0.36249,-0.13850,0.78562,0.13243,0.58829,-0.00600,-0.00066,0.00261,
1403636606,0.14818,-0.01491,-0.36248,-0.13854,0.78564,0.13242,0.58826,-0.00549,-0.00088,0.00255,
1403636606,0.14817,-0.01491,-0.36248,-0.13852,0.78563,0.13242,0.58827,-0.00633,-0.00045,0.00268,
1403636606,0.14812,-0.01493,-0.36248,-0.13853,0.78565,0.13242,0.58825,-0.00613,-0.00157,0.00193,
1403636606,0.14812,-0.01492,-0.36249,-0.13845,0.78564,0.13243,0.58827,-0.00603,-0.00047,0.00158,
1403636606,0.14811,-0.01494,-0.36249,-0.13847,0.78566,0.13242,0.58825,-0.00573,-0.00026,0.00312,
1403636606,0.14810,-0.01493,-0.36247,-0.13845,0.78566,0.13242,0.58824,-0.00597,-0.00021,0.00179,
1403636606,0.14809,-0.01492,-0.36247,-0.13847,0.78566,0.13240,0.58825,-0.00599,-0.00098,0.00156,
1403636606,0.14810,-0.01491,-0.36248,-0.13847,0.78566,0.13241,0.58825,-0.00564,-0.00091,0.00225,
1403636606,0.14810,-0.01492,-0.36248,-0.13847,0.78567,0.13241,0.58823,-0.00581,0.00015,0.00252,
1403636606,0.14809,-0.01491,-0.36249,-0.13848,0.78567,0.13242,0.58823,-0.00648,0.00017,0.00232,
1403636607,0.14810,-0.01492,-0.36249,-0.13853,0.78567,0.13241,0.58821,-0.00504,-0.00080,0.00221,
1403636607,0.14810,-0.01491,-0.36250,-0.13850,0.78566,0.13245,0.58823,-0.00601,-0.00022,0.00159,
1403636607,0.14811,-0.01491,-0.36250,-0.13852,0.78567,0.13247,0.58821,-0.00537,-0.00030,0.00274,
1403636607,0.14811,-0.01491,-0.36250,-0.13852,0.78569,0.13247,0.58818,-0.00573,-0.00050,0.00279,
1403636607,0.14811,-0.01491,-0.36249,-0.13850,0.78570,0.13247,0.58817,-0.00593,-0.00034,0.00242,
1403636607,0.14810,-0.01491,-0.36250,-0.13851,0.78570,0.13246,0.58818,-0.00523,-0.00048,0.00232,
1403636607,0.14810,-0.01492,-0.36250,-0.13852,0.78571,0.13249,0.58815,-0.00585,-0.00059,0.00219,
1403636607,0.14810,-0.01491,-0.36250,-0.13850,0.78573,0.13249,0.58813,-0.00504,-0.00042,0.00215,
1403636607,0.14810,-0.01491,-0.36249,-0.13850,0.78573,0.13249,0.58812,-0.00552,-0.00027,0.00202,
1403636607,0.14810,-0.01491,-0.36250,-0.13849,0.78574,0.13247,0.58812,-0.00581,0.00033,0.00318,
1403636608,0.14810,-0.01492,-0.36251,-0.13852,0.78573,0.13249,0.58812,-0.00537,-0.00124,0.00214,
1403636608,0.14810,-0.01490,-0.36250,-0.13848,0.78574,0.13250,0.58812,-0.00597,-0.00033,0.00192,
1403636608,0.14810,-0.01491,-0.36250,-0.13848,0.78577,0.13250,0.58808,-0.00523,0.00017,0.00161,
1403636608,0.14810,-0.01491,-0.36251,-0.13848,0.78575,0.13252,0.58809,-0.00601,-0.00029,0.00123,
1403636608,0.14810,-0.01491,-0.36252,-0.13851,0.78575,0.13248,0.58810,-0.00618,-0.00052,0.00197,
1403636608,0.14810,-0.01490,-0.36250,-0.13847,0.78576,0.13252,0.58809,-0.00552,-0.00008,0.00277,
1403636608,0.14810,-0.01491,-0.36252,-0.13849,0.78576,0.13251,0.58808,-0.00535,-0.00030,0.00189,
1403636608,0.14810,-0.01491,-0.36252,-0.13852,0.78576,0.13252,0.58808,-0.00542,-0.00016,0.00136,
1403636608,0.14811,-0.01492,-0.36253,-0.13854,0.78575,0.13254,0.58808,-0.00519,-0.00099,0.00186,
1403636608,0.14811,-0.01491,-0.36252,-0.13855,0.78576,0.13254,0.58806,-0.00523,-0.00011,0.00208,
1403636609,0.14811,-0.01491,-0.36253,-0.13856,0.78576,0.13254,0.58807,-0.00519,-0.00022,0.00207,
1403636609,0.14811,-0.01490,-0.36254,-0.13855,0.78575,0.13256,0.58808,-0.00568,-0.00093,0.00157,
1403636609,0.14810,-0.01490,-0.36253,-0.13852,0.78576,0.13257,0.58807,-0.00547,-0.00029,0.00208,
1403636609,0.14810,-0.01490,-0.36252,-0.13854,0.78577,0.13258,0.58804,-0.00539,-0.00012,0.00151,
1403636609,0.14811,-0.01491,-0.36254,-0.13855,0.78577,0.13257,0.58804,-0.00596,-0.00108,0.00171,
1403636609,0.14810,-0.01490,-0.36253,-0.13856,0.78577,0.13257,0.58804,-0.00535,0.00052,0.00140,
1403636609,0.14811,-0.01490,-0.36254,-0.13858,0.78576,0.13259,0.58804,-0.00529,0.00031,0.00198,
1403636609,0.14811,-0.01491,-0.36256,-0.13862,0.78574,0.13257,0.58806,-0.00521,-0.00048,0.00061,
1403636609,0.14811,-0.01490,-0.36255,-0.13860,0.78576,0.13260,0.58804,-0.00504,0.00051,0.00231,
1403636609,0.14811,-0.01489,-0.36254,-0.13860,0.78577,0.13258,0.58802,-0.00576,0.00021,0.00147,
1403636610,0.14811,-0.01489,-0.36255,-0.13859,0.78577,0.13259,0.58803,-0.00566,-0.00063,0.00112,
1403636610,0.14811,-0.01490,-0.36256,-0.13863,0.78576,0.13258,0.58803,-0.00484,-0.00039,0.00164,
1403636610,0.14810,-0.01491,-0.36256,-0.13861,0.78576,0.13260,0.58804,-0.00620,0.00070,0.00091,
1403636610,0.14807,-0.01491,-0.36258,-0.13867,0.78582,0.13259,0.58794,-0.00402,-0.00046,0.00032,
1403636610,0.14811,-0.01490,-0.36257,-0.13867,0.78577,0.13255,0.58802,-0.00241,-0.00054,0.00158,
1403636610,0.14811,-0.01489,-0.36256,-0.13866,0.78577,0.13255,0.58802,-0.00414,0.00048,0.00372,
1403636610,0.14810,-0.01489,-0.36258,-0.13871,0.78576,0.13254,0.58802,-0.00536,-0.00064,0.00046,
1403636610,0.14810,-0.01488,-0.36257,-0.13871,0.78577,0.13253,0.58802,-0.00442,-0.00071,0.00175,
1403636610,0.14864,-0.01436,-0.36254,-0.14143,0.78326,0.13375,0.59044,-0.00689,-0.00140,0.00171,
1403636610,0.14866,-0.01437,-0.36252,-0.14134,0.78326,0.13379,0.59044,-0.00771,-0.00121,-0.00068,
1403636611,0.14864,-0.01438,-0.36254,-0.14136,0.78327,0.13379,0.59042,-0.00615,-0.00141,0.00063,
1403636611,0.14865,-0.01438,-0.36255,-0.14136,0.78326,0.13377,0.59044,-0.00628,-0.00172,-0.00008,
1403636611,0.14865,-0.01437,-0.36253,-0.14136,0.78328,0.13377,0.59043,-0.00573,-0.00164,-0.00076,
1403636611,0.14874,-0.01436,-0.36245,-0.14120,0.78338,0.13390,0.59030,-0.00588,-0.00353,0.00350,
1403636611,0.14875,-0.01439,-0.36246,-0.14117,0.78334,0.13401,0.59033,-0.00268,-0.00001,0.00042,
1403636611,0.14874,-0.01435,-0.36247,-0.14129,0.78330,0.13391,0.59038,-0.00700,-0.00511,-0.00041,
1403636611,0.14878,-0.01434,-0.36248,-0.14137,0.78334,0.13392,0.59031,-0.00851,-0.00418,0.00094,
1403636611,0.14876,-0.01438,-0.36249,-0.14129,0.78337,0.13402,0.59026,-0.00632,-0.00123,0.00097,
1403636611,0.14876,-0.01436,-0.36248,-0.14128,0.78337,0.13400,0.59027,-0.00774,-0.00379,-0.00000,
1403636611,0.14873,-0.01425,-0.36248,-0.14169,0.78333,0.13384,0.59026,-0.00148,-0.02088,0.00215,
1403636612,0.14896,-0.01502,-0.36276,-0.14075,0.78330,0.13410,0.59046,0.00381,-0.01067,-0.00068,
1403636612,0.14895,-0.01487,-0.36279,-0.14127,0.78334,0.13389,0.59034,-0.00397,-0.00722,0.00303,
1403636612,0.14893,-0.01495,-0.36277,-0.14114,0.78321,0.13382,0.59056,-0.00482,-0.00903,0.00024,
1403636612,0.14881,-0.01475,-0.36278,-0.14178,0.78339,0.13336,0.59027,-0.00661,-0.00670,0.00080,
1403636612,0.14886,-0.01490,-0.36280,-0.14135,0.78333,0.13376,0.59035,-0.00037,0.00571,0.00146,
1403636612,0.14890,-0.01465,-0.36273,-0.14215,0.78325,0.13336,0.59036,0.00090,-0.00884,0.00380,
1403636612,0.14888,-0.01454,-0.36277,-0.14253,0.78339,0.13318,0.59012,-0.00314,-0.00219,-0.00139,
1403636612,0.14886,-0.01463,-0.36281,-0.14244,0.78342,0.13325,0.59010,0.00000,-0.02137,0.00443,
1403636612,0.14880,-0.01461,-0.36281,-0.14274,0.78331,0.13303,0.59021,-0.00130,0.00074,0.00073,
1403636612,0.14888,-0.01470,-0.36279,-0.14231,0.78325,0.13326,0.59034,-0.00808,0.00089,0.00252,
1403636613,0.14893,-0.01474,-0.36276,-0.14207,0.78328,0.13341,0.59033,-0.00969,0.00344,-0.00031,
1403636613,0.14892,-0.01483,-0.36281,-0.14178,0.78323,0.13357,0.59044,-0.00978,0.00271,-0.00378,
1403636613,0.14896,-0.01483,-0.36277,-0.14182,0.78322,0.13361,0.59043,-0.01115,0.00186,-0.00229,
1403636613,0.14897,-0.01489,-0.36277,-0.14146,0.78319,0.13373,0.59052,-0.00898,0.00950,-0.00220,
1403636613,0.14894,-0.01496,-0.36276,-0.14128,0.78318,0.13386,0.59055,-0.01129,0.00402,-0.00066,
1403636613,0.14896,-0.01498,-0.36278,-0.14122,0.78310,0.13386,0.59068,-0.00962,0.00753,0.00026,
1403636613,0.14894,-0.01499,-0.36280,-0.14110,0.78314,0.13397,0.59063,-0.00766,0.00465,-0.00042,
1403636613,0.14894,-0.01497,-0.36280,-0.14106,0.78311,0.13392,0.59068,-0.00688,-0.00167,0.00129,
1403636613,0.14898,-0.01495,-0.36279,-0.14111,0.78306,0.13391,0.59074,-0.00499,0.00117,0.00048,
1403636613,0.14897,-0.01493,-0.36280,-0.14101,0.78315,0.13397,0.59063,-0.00593,-0.00245,0.00194,
1403636614,0.14897,-0.01492,-0.36279,-0.14108,0.78311,0.13390,0.59069,-0.00598,-0.00332,0.00048,
1403636614,0.14897,-0.01490,-0.36282,-0.14104,0.78312,0.13388,0.59068,-0.00441,-0.00186,0.00151,
1403636614,0.14895,-0.01489,-0.36285,-0.14125,0.78307,0.13380,0.59071,-0.00555,-0.00561,0.00095,
1403636614,0.14895,-0.01488,-0.36283,-0.14130,0.78309,0.13374,0.59069,-0.00560,-0.00269,0.00090,
1403636614,0.14894,-0.01488,-0.36284,-0.14128,0.78312,0.13376,0.59065,-0.00561,-0.00327,0.00002,
1403636614,0.14895,-0.01487,-0.36283,-0.14132,0.78312,0.13375,0.59064,-0.00551,-0.00439,0.00145,
1403636614,0.14892,-0.01488,-0.36283,-0.14136,0.78311,0.13371,0.59066,-0.00621,-0.00223,0.00088,
1403636614,0.14893,-0.01485,-0.36281,-0.14134,0.78314,0.13377,0.59062,-0.00488,-0.00486,0.00255,
1403636614,0.14893,-0.01487,-0.36283,-0.14140,0.78311,0.13370,0.59066,-0.00414,-0.00220,0.00023,
1403636614,0.14891,-0.01484,-0.36283,-0.14140,0.78317,0.13368,0.59058,-0.00475,-0.00235,0.00220,
1403636615,0.14894,-0.01485,-0.36280,-0.14144,0.78311,0.13368,0.59064,-0.00636,-0.00148,-0.00030,
1403636615,0.14893,-0.01486,-0.36282,-0.14139,0.78313,0.13370,0.59063,-0.00569,-0.00044,-0.00017,
1403636615,0.14893,-0.01484,-0.36281,-0.14134,0.78313,0.13372,0.59063,-0.00678,-0.00119,0.00105,
1403636615,0.14896,-0.01486,-0.36280,-0.14130,0.78313,0.13375,0.59064,-0.00640,-0.00143,0.00020,
1403636615,0.14895,-0.01486,-0.36282,-0.14129,0.78316,0.13378,0.59059,-0.00630,-0.00176,0.00012,
1403636615,0.14896,-0.01486,-0.36281,-0.14132,0.78312,0.13375,0.59064,-0.00672,-0.00096,-0.00013,
1403636615,0.14895,-0.01487,-0.36282,-0.14126,0.78315,0.13379,0.59061,-0.00660,-0.00128,0.00109,
1403636615,0.14896,-0.01487,-0.36281,-0.14123,0.78314,0.13382,0.59063,-0.00664,-0.00118,0.00052,
1403636615,0.14895,-0.01487,-0.36281,-0.14124,0.78316,0.13380,0.59061,-0.00626,-0.00157,0.00112,
1403636615,0.14896,-0.01487,-0.36282,-0.14127,0.78314,0.13379,0.59062,-0.00661,-0.00347,0.00054,
1403636616,0.14896,-0.01487,-0.36281,-0.14127,0.78314,0.13379,0.59062,-0.00561,-0.00098,0.00106,
1403636616,0.14895,-0.01488,-0.36281,-0.14124,0.78315,0.13379,0.59062,-0.00679,-0.00136,0.00073,
1403636616,0.14896,-0.01487,-0.36281,-0.14126,0.78315,0.13379,0.59062,-0.00668,-0.00255,-0.00009,
1403636616,0.14896,-0.01487,-0.36281,-0.14123,0.78314,0.13381,0.59063,-0.00523,-0.00202,0.00124,
1403636616,0.14895,-0.01487,-0.36281,-0.14121,0.78313,0.13381,0.59064,-0.00619,-0.00133,0.00071,
1403636616,0.14895,-0.01486,-0.36281,-0.14124,0.78315,0.13380,0.59062,-0.00561,-0.00332,0.00081,
1403636616,0.14896,-0.01487,-0.36281,-0.14124,0.78314,0.13380,0.59063,-0.00532,-0.00193,0.00004,
1403636616,0.14895,-0.01487,-0.36281,-0.14126,0.78315,0.13378,0.59062,-0.00596,-0.00313,0.00161,
1403636616,0.14896,-0.01487,-0.36280,-0.14125,0.78315,0.13379,0.59061,-0.00614,-0.00212,0.00067,
1403636616,0.14896,-0.01488,-0.36282,-0.14127,0.78315,0.13379,0.59061,-0.00598,-0.00215,0.00071,
1403636617,0.14895,-0.01487,-0.36281,-0.14127,0.78313,0.13377,0.59064,-0.00587,-0.00170,0.00127,
1403636617,0.14895,-0.01486,-0.36282,-0.14125,0.78315,0.13379,0.59062,-0.00591,-0.00214,0.00099,
1403636617,0.14896,-0.01486,-0.36281,-0.14125,0.78314,0.13380,0.59062,-0.00561,-0.00145,0.00120,
1403636617,0.14895,-0.01486,-0.36282,-0.14125,0.78315,0.13379,0.59062,-0.00642,-0.00121,0.00006,
1403636617,0.14896,-0.01486,-0.36281,-0.14126,0.78314,0.13379,0.59063,-0.00594,-0.00207,0.00067,
1403636617,0.14896,-0.01486,-0.36281,-0.14125,0.78314,0.13380,0.59062,-0.00597,-0.00153,-0.00031,
1403636617,0.14896,-0.01486,-0.36282,-0.14125,0.78314,0.13378,0.59062,-0.00564,-0.00178,0.00051,
1403636617,0.14896,-0.01486,-0.36281,-0.14130,0.78313,0.13376,0.59063,-0.00597,-0.00264,0.00021,
1403636617,0.14896,-0.01486,-0.36282,-0.14127,0.78313,0.13378,0.59063,-0.00583,-0.00165,0.00011,
1403636617,0.14894,-0.01488,-0.36282,-0.14132,0.78313,0.13374,0.59063,-0.00592,-0.00133,0.00077,
1403636618,0.14894,-0.01486,-0.36281,-0.14128,0.78314,0.13378,0.59063,-0.00648,-0.00114,0.00076,
1403636618,0.14895,-0.01487,-0.36282,-0.14123,0.78313,0.13380,0.59064,-0.00619,-0.00170,0.00074,
1403636618,0.14895,-0.01486,-0.36281,-0.14124,0.78314,0.13379,0.59063,-0.00656,-0.00170,0.00054,
1403636618,0.14896,-0.01487,-0.36282,-0.14126,0.78313,0.13378,0.59064,-0.00558,-0.00220,0.00042,
1403636618,0.14895,-0.01487,-0.36282,-0.14126,0.78315,0.13379,0.59062,-0.00604,-0.00228,0.00042,
1403636618,0.14895,-0.01486,-0.36282,-0.14125,0.78314,0.13379,0.59063,-0.00550,-0.00062,0.00038,
1403636618,0.14896,-0.01487,-0.36282,-0.14126,0.78314,0.13378,0.59063,-0.00576,-0.00221,0.00082,
1403636618,0.14895,-0.01486,-0.36282,-0.14124,0.78314,0.13380,0.59062,-0.00572,-0.00106,0.00017,
1403636618,0.14895,-0.01487,-0.36282,-0.14127,0.78314,0.13377,0.59063,-0.00603,-0.00157,0.00029,
1403636618,0.14895,-0.01486,-0.36282,-0.14128,0.78314,0.13378,0.59063,-0.00656,-0.00187,0.00125,
1403636619,0.14894,-0.01481,-0.36287,-0.14144,0.78310,0.13403,0.59058,-0.00554,-0.00417,-0.00027,
1403636619,0.14893,-0.01483,-0.36285,-0.14142,0.78312,0.13387,0.59060,-0.00497,-0.00723,-0.00157,
1403636619,0.14893,-0.01486,-0.36285,-0.14124,0.78317,0.13364,0.59062,-0.00609,-0.00269,0.00155,
1403636619,0.14893,-0.01482,-0.36284,-0.14134,0.78317,0.13367,0.59059,-0.00736,0.00116,-0.00019,
1403636619,0.14889,-0.01477,-0.36284,-0.14171,0.78310,0.13381,0.59056,-0.00873,0.00403,0.00033,
1403636619,0.14889,-0.01476,-0.36283,-0.14172,0.78309,0.13377,0.59058,-0.00676,-0.00091,-0.00116,
1403636619,0.14892,-0.01480,-0.36283,-0.14151,0.78314,0.13361,0.59060,-0.00409,-0.01169,-0.00192,
1403636619,0.14894,-0.01484,-0.36282,-0.14134,0.78315,0.13356,0.59064,-0.00521,-0.00807,0.00024,
1403636619,0.14894,-0.01484,-0.36282,-0.14130,0.78315,0.13370,0.59062,-0.00839,0.00593,0.00115,
1403636619,0.14895,-0.01477,-0.36281,-0.14152,0.78308,0.13394,0.59060,-0.00876,0.00278,-0.00115,
1403636620,0.14895,-0.01481,-0.36284,-0.14143,0.78314,0.13386,0.59057,-0.00528,-0.00667,-0.00254,
1403636620,0.14896,-0.01484,-0.36282,-0.14127,0.78313,0.13380,0.59063,-0.00651,-0.00323,-0.00074,
1403636620,0.14896,-0.01487,-0.36282,-0.14119,0.78314,0.13378,0.59065,-0.00553,-0.00449,-0.00146,
1403636620,0.14893,-0.01487,-0.36284,-0.14120,0.78313,0.13377,0.59065,-0.00590,0.00020,0.00057,
1403636620,0.14895,-0.01486,-0.36283,-0.14122,0.78313,0.13375,0.59066,-0.00669,-0.00528,0.00113,
1403636620,0.14895,-0.01485,-0.36283,-0.14127,0.78314,0.13380,0.59062,-0.00719,0.00189,-0.00084,
1403636620,0.14895,-0.01486,-0.36283,-0.14120,0.78313,0.13385,0.59064,-0.00750,0.00021,-0.00062,
1403636620,0.14895,-0.01486,-0.36282,-0.14119,0.78312,0.13390,0.59064,-0.00658,-0.00158,0.00094,
1403636620,0.14894,-0.01487,-0.36283,-0.14120,0.78313,0.13383,0.59064,-0.00566,-0.00222,0.00096,
1403636620,0.14895,-0.01485,-0.36283,-0.14123,0.78313,0.13386,0.59063,-0.00637,-0.00267,0.00008,
1403636621,0.14895,-0.01486,-0.36283,-0.14123,0.78314,0.13381,0.59063,-0.00741,-0.00235,0.00076,
1403636621,0.14894,-0.01486,-0.36283,-0.14123,0.78315,0.13380,0.59062,-0.00523,-0.00083,-0.00012,
1403636621,0.14894,-0.01487,-0.36283,-0.14122,0.78313,0.13382,0.59064,-0.00548,-0.00120,0.00076,
1403636621,0.14894,-0.01485,-0.36282,-0.14124,0.78314,0.13381,0.59062,-0.00653,-0.00173,-0.00040,
1403636621,0.14894,-0.01486,-0.36283,-0.14123,0.78314,0.13381,0.59063,-0.00554,-0.00052,-0.00062,
1403636621,0.14894,-0.01487,-0.36283,-0.14120,0.78313,0.13382,0.59064,-0.00700,-0.00015,-0.00017,
1403636621,0.14896,-0.01487,-0.36281,-0.14131,0.78312,0.13371,0.59066,-0.00614,0.00272,0.00087,
1403636621,0.14897,-0.01485,-0.36280,-0.14126,0.78310,0.13380,0.59068,-0.00609,-0.00057,-0.00035,
1403636621,0.14896,-0.01486,-0.36280,-0.14123,0.78314,0.13381,0.59062,-0.00681,-0.00116,-0.00054,
1403636621,0.14897,-0.01486,-0.36281,-0.14122,0.78316,0.13379,0.59061,-0.00780,-0.00092,-0.00203,
1403636622,0.14898,-0.01487,-0.36281,-0.14117,0.78314,0.13383,0.59064,-0.00651,-0.00208,-0.00120,
1403636622,0.14898,-0.01487,-0.36281,-0.14115,0.78314,0.13382,0.59064,-0.00687,-0.00034,0.00050,
1403636622,0.14897,-0.01488,-0.36280,-0.14116,0.78313,0.13386,0.59065,-0.00723,-0.00015,-0.00040,
1403636622,0.14898,-0.01489,-0.36280,-0.14110,0.78312,0.13391,0.59066,-0.00725,-0.00030,-0.00152,
1403636622,0.14899,-0.01489,-0.36280,-0.14109,0.78313,0.13392,0.59065,-0.00716,0.00073,-0.00021,
1403636622,0.14900,-0.01490,-0.36279,-0.14104,0.78310,0.13397,0.59070,-0.00919,-0.00061,-0.00181,
1403636622,0.14900,-0.01490,-0.36280,-0.14104,0.78310,0.13395,0.59070,-0.00728,-0.00027,-0.00067,
1403636622,0.14900,-0.01489,-0.36279,-0.14111,0.78311,0.13392,0.59067,-0.00768,-0.00199,0.00166,
1403636622,0.14900,-0.01489,-0.36279,-0.14109,0.78311,0.13390,0.59068,-0.00644,-0.00279,-0.00042,
1403636622,0.14900,-0.01489,-0.36280,-0.14110,0.78312,0.13389,0.59067,-0.00553,0.00073,-0.00100,
1403636623,0.14900,-0.01489,-0.36279,-0.14108,0.78313,0.13392,0.59065,-0.00740,-0.00174,0.00049,
1403636623,0.14899,-0.01491,-0.36280,-0.14103,0.78313,0.13392,0.59067,-0.00684,-0.00176,-0.00038,
1403636623,0.14900,-0.01490,-0.36278,-0.14108,0.78313,0.13387,0.59066,-0.00656,-0.00221,-0.00116,
1403636623,0.14901,-0.01492,-0.36278,-0.14104,0.78312,0.13386,0.59068,-0.00468,-0.00294,0.00093,
1403636623,0.14903,-0.01501,-0.36271,-0.14101,0.78302,0.13370,0.59086,-0.00370,-0.00308,0.00270,
1403636623,0.14906,-0.01503,-0.36267,-0.14100,0.78296,0.13363,0.59097,-0.00492,-0.00238,0.00067,
1403636623,0.14905,-0.01508,-0.36265,-0.14103,0.78292,0.13351,0.59103,-0.00458,-0.00422,-0.00105,
1403636623,0.14905,-0.01509,-0.36264,-0.14098,0.78293,0.13353,0.59103,-0.00456,-0.00068,-0.00174,
1403636623,0.14909,-0.01512,-0.36264,-0.14089,0.78291,0.13356,0.59107,-0.01123,-0.00194,-0.00083,
1403636623,0.14910,-0.01515,-0.36263,-0.14092,0.78290,0.13350,0.59108,-0.00440,0.00131,-0.00236,
1403636624,0.14915,-0.01512,-0.36260,-0.14094,0.78296,0.13342,0.59102,-0.00956,-0.00652,-0.00215,
1403636624,0.14919,-0.01514,-0.36258,-0.14084,0.78302,0.13325,0.59100,0.00641,0.00581,0.00249,
1403636624,0.14921,-0.01518,-0.36258,-0.14079,0.78307,0.13316,0.59097,-0.00227,-0.00188,-0.00108,
1403636624,0.14916,-0.01524,-0.36258,-0.14047,0.78337,0.13282,0.59073,-0.00368,-0.00487,-0.00027,
1403636624,0.14916,-0.01531,-0.36255,-0.14024,0.78346,0.13255,0.59072,-0.00833,-0.00056,0.00070,
1403636624,0.14916,-0.01537,-0.36252,-0.14015,0.78346,0.13243,0.59077,-0.00539,-0.00065,0.00477,
1403636624,0.14907,-0.01540,-0.36244,-0.13955,0.78389,0.13180,0.59049,-0.01467,-0.00293,0.00037,
1403636624,0.14902,-0.01545,-0.36239,-0.13946,0.78414,0.13145,0.59025,-0.00094,0.00287,0.00265,
1403636624,0.14883,-0.01600,-0.36227,-0.13800,0.78600,0.13162,0.58809,-0.00794,-0.00848,-0.00053,
1403636624,0.14742,-0.01947,-0.36243,-0.13408,0.79135,0.13132,0.58185,-0.03351,-0.05626,-0.00648,
1403636625,0.14468,-0.02591,-0.36259,-0.13077,0.79740,0.12982,0.57463,-0.04569,-0.07988,0.00998,
1403636625,0.14173,-0.03449,-0.36220,-0.12712,0.79998,0.12995,0.57183,-0.03129,-0.10121,-0.00333,
1403636625,0.13788,-0.04621,-0.36299,-0.12115,0.79838,0.13321,0.57460,-0.05388,-0.12898,-0.02078,
1403636625,0.13160,-0.06157,-0.36315,-0.11275,0.79825,0.13948,0.57500,-0.08435,-0.16858,0.01679,
1403636625,0.12223,-0.08011,-0.35729,-0.09962,0.80302,0.14969,0.56818,-0.10884,-0.18924,0.10746,
1403636625,0.11067,-0.09766,-0.34302,-0.08812,0.80893,0.15869,0.55919,-0.12399,-0.16058,0.18912,
1403636625,0.09997,-0.11035,-0.32135,-0.08416,0.81502,0.16230,0.54984,-0.10688,-0.10131,0.25636,
1403636625,0.09284,-0.11679,-0.29380,-0.09165,0.81645,0.15758,0.54788,-0.06145,-0.05162,0.29588,
1403636625,0.09009,-0.11953,-0.26754,-0.09835,0.81268,0.15380,0.55337,-0.00754,-0.01309,0.18526,
1403636625,0.08964,-0.12023,-0.26037,-0.10109,0.81207,0.15386,0.55376,0.01007,-0.00649,-0.01797,
1403636626,0.09081,-0.11973,-0.26716,-0.10112,0.81461,0.15516,0.54964,0.04592,0.02234,-0.09258,
1403636626,0.09537,-0.11694,-0.27317,-0.10081,0.81486,0.15710,0.54877,0.06907,0.04101,0.00624,
1403636626,0.10377,-0.11123,-0.26392,-0.10238,0.81202,0.15775,0.55250,0.07809,0.07254,0.18449,
1403636626,0.11594,-0.10248,-0.23779,-0.10470,0.80612,0.15732,0.56077,0.13604,0.10666,0.35626,
1403636626,0.12846,-0.09161,-0.19687,-0.10882,0.80072,0.15549,0.56818,0.11441,0.10955,0.46330,
1403636626,0.14054,-0.08091,-0.14860,-0.11128,0.79779,0.15439,0.57212,0.10985,0.10852,0.48009,
1403636626,0.15134,-0.07075,-0.10300,-0.11988,0.79738,0.14932,0.57229,0.09348,0.09675,0.44361,
1403636626,0.16148,-0.06258,-0.06154,-0.12808,0.79740,0.14374,0.57192,0.09154,0.06536,0.36794,
1403636626,0.17147,-0.05720,-0.03203,-0.13177,0.79733,0.14187,0.57164,0.08981,0.03175,0.22600,
1403636626,0.18110,-0.05625,-0.01617,-0.13064,0.79673,0.14301,0.57246,0.09216,-0.00644,0.10355,
1403636627,0.19068,-0.05917,-0.00999,-0.12631,0.79358,0.14685,0.57682,0.08599,-0.04568,0.04845,
1403636627,0.19813,-0.06549,-0.00743,-0.12194,0.78861,0.15154,0.58332,0.06134,-0.07518,0.01426,
1403636627,0.20195,-0.07406,-0.00894,-0.11971,0.78662,0.15509,0.58553,0.01343,-0.09397,-0.04310,
1403636627,0.20231,-0.08400,-0.01521,-0.11957,0.78928,0.15761,0.58129,-0.01699,-0.10634,-0.08134,
1403636627,0.19888,-0.09515,-0.02497,-0.11876,0.79367,0.15984,0.57484,-0.04180,-0.11682,-0.11069,
1403636627,0.19371,-0.10716,-0.03726,-0.11672,0.79877,0.16181,0.56759,-0.05616,-0.12040,-0.13329,
1403636627,0.18840,-0.11881,-0.04750,-0.11519,0.80371,0.16316,0.56051,-0.05085,-0.11205,-0.05566,
1403636627,0.18440,-0.12923,-0.04572,-0.11586,0.80144,0.16317,0.56360,-0.03091,-0.10268,0.07626,
1403636627,0.18135,-0.13884,-0.03347,-0.11811,0.79715,0.16250,0.56938,-0.02070,-0.09504,0.16670,
1403636627,0.17747,-0.14840,-0.01361,-0.12025,0.79629,0.16139,0.57045,-0.04378,-0.09888,0.26167,
1403636628,0.17280,-0.15920,0.01225,-0.12103,0.79695,0.15780,0.57036,-0.03727,-0.11486,0.22310,
1403636628,0.16782,-0.17165,0.02726,-0.11717,0.79965,0.15095,0.56925,-0.04513,-0.13486,0.05526,
1403636628,0.16194,-0.18557,0.02530,-0.11074,0.80528,0.14514,0.56408,-0.05753,-0.15209,-0.09958,
1403636628,0.15795,-0.20038,0.01425,-0.10109,0.81332,0.13732,0.55627,-0.02157,-0.14994,-0.13215,
1403636628,0.15731,-0.21480,0.00223,-0.09106,0.82050,0.12909,0.54938,0.01377,-0.12793,-0.09409,
1403636628,0.16210,-0.22685,-0.00205,-0.08356,0.82341,0.12331,0.54755,0.08283,-0.10840,-0.00043,
1403636628,0.17319,-0.23597,0.00625,-0.08081,0.81928,0.11742,0.55539,0.14543,-0.07609,0.13564,
1403636628,0.18756,-0.24351,0.02420,-0.08325,0.81005,0.11055,0.56980,0.15994,-0.06760,0.20926,
1403636628,0.20219,-0.25091,0.04698,-0.08982,0.80479,0.10326,0.57757,0.13972,-0.08466,0.23668,
1403636628,0.21618,-0.26058,0.07138,-0.09385,0.80387,0.09972,0.57882,0.13592,-0.11018,0.22419,
1403636629,0.22961,-0.27261,0.09107,-0.09651,0.80415,0.09877,0.57816,0.12916,-0.13997,0.16294,
1403636629,0.24168,-0.28800,0.10413,-0.09933,0.80491,0.09853,0.57667,0.11679,-0.17564,0.10429,
1403636629,0.25459,-0.30614,0.11077,-0.09798,0.80493,0.09992,0.57663,0.12438,-0.22278,0.03969,
1403636629,0.26622,-0.33006,0.11105,-0.08835,0.80868,0.09984,0.57295,0.11396,-0.25564,-0.03019,
1403636629,0.27793,-0.35496,0.10966,-0.07877,0.81422,0.09709,0.56693,0.11961,-0.26184,0.02704,
1403636629,0.28876,-0.38036,0.11582,-0.07318,0.81833,0.09435,0.56221,0.06953,-0.27526,0.12614,
1403636629,0.29897,-0.40656,0.13146,-0.06906,0.81989,0.09120,0.56098,0.08096,-0.27509,0.17624,
1403636629,0.31472,-0.43325,0.14578,-0.06435,0.82031,0.08360,0.56210,0.12733,-0.27661,0.13249,
1403636629,0.33625,-0.45921,0.15563,-0.06147,0.81886,0.07482,0.56576,0.17265,-0.27343,0.08738,
1403636629,0.36098,-0.48441,0.16010,-0.06300,0.81658,0.06557,0.57003,0.20638,-0.26966,0.03118,
1403636630,0.38865,-0.51067,0.15781,-0.06368,0.81438,0.05223,0.57446,0.22141,-0.29231,-0.04386,
1403636630,0.41682,-0.54044,0.14716,-0.05644,0.81728,0.03930,0.57212,0.23795,-0.34015,-0.12521,
1403636630,0.44564,-0.57280,0.12862,-0.04288,0.82374,0.02604,0.56474,0.25849,-0.36354,-0.18384,
1403636630,0.47598,-0.60713,0.10535,-0.02719,0.82855,0.01025,0.55915,0.29602,-0.38260,-0.23081,
1403636630,0.51126,-0.64068,0.07819,-0.01342,0.83098,-0.00718,0.55609,0.34363,-0.37781,-0.22300,
1403636630,0.54831,-0.67398,0.05787,-0.00306,0.83113,-0.02003,0.55571,0.32815,-0.36459,-0.14808,
1403636630,0.58917,-0.70564,0.04620,0.00333,0.82724,-0.02852,0.56112,0.39873,-0.35876,-0.06480,
1403636630,0.63320,-0.73893,0.04531,0.00746,0.81910,-0.03426,0.57258,0.41639,-0.36065,0.01742,
1403636630,0.68002,-0.77200,0.05129,0.00921,0.81342,-0.03715,0.58042,0.42189,-0.35747,0.06391,
1403636630,0.72611,-0.80424,0.06160,0.00989,0.81462,-0.03720,0.57872,0.42851,-0.36205,0.11508,
1403636631,0.77332,-0.83660,0.07855,0.01068,0.81739,-0.03412,0.57498,0.44303,-0.34752,0.19759,
1403636631,0.81538,-0.87219,0.09828,0.01420,0.81865,-0.02910,0.57338,0.44403,-0.33785,0.18153,
1403636631,0.86279,-0.90402,0.11473,0.01481,0.82014,-0.02430,0.57146,0.46245,-0.31577,0.13113,
1403636631,0.90832,-0.93410,0.12444,0.01099,0.82057,-0.02380,0.57095,0.47319,-0.29394,0.07366,
1403636631,0.95457,-0.96263,0.12857,0.00653,0.82052,-0.02423,0.57106,0.47506,-0.28060,0.00488,
1403636631,1.00538,-0.98723,0.13023,0.00374,0.82049,-0.02463,0.57112,0.49152,-0.27858,-0.03383,
1403636631,1.05140,-1.01570,0.12533,0.00274,0.81873,-0.02439,0.57365,0.49004,-0.28250,-0.05337,
1403636631,1.09873,-1.04346,0.11919,0.00205,0.81663,-0.02388,0.57666,0.48818,-0.27412,-0.07680,
1403636631,1.14920,-1.06631,0.11370,0.00193,0.81588,-0.02330,0.57775,0.48483,-0.26602,-0.08984,
1403636631,1.19488,-1.09451,0.10169,0.00198,0.81574,-0.02257,0.57798,0.47929,-0.26274,-0.15391,
1403636632,1.23716,-1.12274,0.08434,0.00329,0.81586,-0.02077,0.57787,0.45915,-0.26485,-0.19822,
1403636632,1.28194,-1.14519,0.06667,0.00509,0.81589,-0.01844,0.57789,0.45472,-0.24324,-0.18524,
1403636632,1.32812,-1.16920,0.05227,0.00541,0.81650,-0.01641,0.57709,0.43830,-0.24427,-0.13689,
1403636632,1.37194,-1.19184,0.04545,0.00553,0.81662,-0.01490,0.57696,0.46687,-0.22790,-0.06034,
1403636632,1.41667,-1.21205,0.04587,0.00751,0.81751,-0.01337,0.57571,0.46718,-0.21291,0.00047,
1403636632,1.46058,-1.23194,0.04616,0.00831,0.81754,-0.01356,0.57565,0.48134,-0.19753,0.01943,
1403636632,1.50304,-1.24977,0.04834,0.01039,0.81571,-0.01293,0.57822,0.45684,-0.18345,0.03435,
1403636632,1.54524,-1.26505,0.05110,0.01492,0.81492,-0.01141,0.57928,0.44769,-0.14006,0.01750,
1403636632,1.58474,-1.27562,0.05037,0.01465,0.81444,-0.01383,0.57990,0.42513,-0.11167,-0.05432,
1403636632,1.62549,-1.28479,0.04123,0.01443,0.81476,-0.01546,0.57941,0.39768,-0.08617,-0.13646,
1403636633,1.66501,-1.29147,0.02649,0.00804,0.81863,-0.01892,0.57396,0.39148,-0.05613,-0.18994,
1403636633,1.70339,-1.29306,0.00876,-0.00434,0.82476,-0.01980,0.56512,0.40214,-0.04732,-0.21330,
1403636633,1.74566,-1.29838,-0.01095,-0.01775,0.82825,-0.01252,0.55994,0.43278,-0.05692,-0.19236,
1403636633,1.78918,-1.30282,-0.02414,-0.02981,0.82821,0.00441,0.55960,0.45914,-0.07312,-0.10881,
1403636633,1.83659,-1.30921,-0.02931,-0.03679,0.82303,0.02987,0.56602,0.48807,-0.09224,-0.02076,
1403636633,1.88789,-1.31634,-0.02847,-0.04166,0.81873,0.05190,0.57031,0.50050,-0.09173,0.03023,
1403636633,1.93933,-1.32363,-0.02559,-0.04725,0.81658,0.06726,0.57135,0.49700,-0.08107,-0.00251,
1403636633,1.99138,-1.32945,-0.02818,-0.05226,0.81549,0.07677,0.57127,0.49302,-0.06632,-0.07719,
1403636633,2.04304,-1.33396,-0.03899,-0.05796,0.81651,0.08055,0.56874,0.49314,-0.04849,-0.12919,
1403636633,2.09491,-1.33934,-0.05176,-0.06375,0.81870,0.08004,0.56503,0.50604,-0.05309,-0.16757,
1403636634,2.14967,-1.34351,-0.06773,-0.06676,0.82073,0.07837,0.56196,0.53218,-0.05230,-0.20304,
1403636634,2.20558,-1.34889,-0.08473,-0.06688,0.82318,0.07611,0.55867,0.56708,-0.06038,-0.17787,
1403636634,2.26810,-1.35433,-0.09563,-0.06495,0.82411,0.07353,0.55787,0.60221,-0.06408,-0.09834,
1403636634,2.33059,-1.35976,-0.10102,-0.06425,0.82397,0.07027,0.55858,0.63620,-0.06346,-0.02278,
1403636634,2.39771,-1.36524,-0.09930,-0.06702,0.82321,0.06439,0.56008,0.66166,-0.06733,0.02406,
1403636634,2.46534,-1.37191,-0.09812,-0.07197,0.82157,0.05712,0.56265,0.68371,-0.08514,-0.00898,
1403636634,2.53588,-1.38093,-0.09927,-0.07275,0.82180,0.05467,0.56245,0.70539,-0.10883,0.01743,
1403636634,2.60798,-1.39397,-0.09546,-0.06965,0.82312,0.05803,0.56058,0.74064,-0.14220,0.09351,
1403636634,2.68494,-1.40864,-0.08315,-0.06433,0.82087,0.06352,0.56391,0.77243,-0.15866,0.14361,
1403636634,2.76207,-1.42473,-0.07178,-0.06112,0.81531,0.06798,0.57177,0.78171,-0.16486,0.10019,
1403636635,2.84050,-1.43992,-0.06631,-0.05958,0.81140,0.07108,0.57709,0.76851,-0.15872,0.02312,
1403636635,2.91627,-1.45488,-0.06641,-0.05943,0.80910,0.07497,0.57983,0.74789,-0.14096,-0.03735,
1403636635,2.98964,-1.46713,-0.07219,-0.06155,0.80771,0.08301,0.58045,0.71206,-0.12682,-0.05130,
1403636635,3.06029,-1.47950,-0.07631,-0.06524,0.80930,0.08988,0.57680,0.67639,-0.12173,-0.01908,
1403636635,3.12946,-1.48860,-0.07516,-0.06916,0.81075,0.09544,0.57341,0.66379,-0.09636,0.05353,
1403636635,3.19672,-1.49798,-0.06675,-0.07130,0.81174,0.10159,0.57067,0.66259,-0.07729,0.10093,
1403636635,3.26489,-1.50394,-0.05989,-0.07234,0.81288,0.10632,0.56806,0.66067,-0.06740,0.04908,
1403636635,3.33096,-1.51055,-0.05803,-0.07446,0.81402,0.10876,0.56568,0.65928,-0.05394,-0.00882,
1403636635,3.39899,-1.51408,-0.06338,-0.07918,0.81533,0.10819,0.56326,0.66376,-0.03558,-0.06209,
1403636635,3.46705,-1.51776,-0.06814,-0.08441,0.81723,0.10602,0.56016,0.66602,-0.04162,-0.03149,
1403636636,3.53799,-1.52177,-0.06919,-0.08822,0.81748,0.10332,0.55970,0.70993,-0.04023,0.04120,
1403636636,3.60767,-1.52785,-0.06245,-0.08975,0.81726,0.10192,0.56004,0.68811,-0.07122,0.08009,
1403636636,3.68056,-1.53613,-0.05192,-0.09023,0.81604,0.09993,0.56209,0.73315,-0.08254,0.13760,
1403636636,3.75719,-1.54404,-0.03121,-0.09547,0.81223,0.09472,0.56762,0.76087,-0.10111,0.22417,
1403636636,3.83731,-1.55475,-0.00223,-0.10076,0.81198,0.08916,0.56797,0.76420,-0.14079,0.26909,
1403636636,3.91754,-1.57007,0.02742,-0.09801,0.81706,0.08967,0.56104,0.78700,-0.18349,0.27749,
1403636636,3.99938,-1.58667,0.05364,-0.08876,0.82051,0.09505,0.55665,0.81203,-0.19318,0.24296,
1403636636,4.08259,-1.60390,0.08159,-0.08181,0.81631,0.09970,0.56303,0.83363,-0.19426,0.31339,
1403636636,4.16586,-1.62163,0.11607,-0.07808,0.80930,0.10199,0.57319,0.81990,-0.18718,0.37329,
1403636636,4.24768,-1.63846,0.15335,-0.07726,0.80013,0.10254,0.58592,0.79092,-0.17656,0.35300,
1403636637,4.32521,-1.65391,0.18280,-0.07481,0.79408,0.10408,0.59414,0.73597,-0.18015,0.24863,
1403636637,4.39676,-1.66936,0.20478,-0.06802,0.79253,0.10864,0.59622,0.66930,-0.16634,0.17291,
1403636637,4.46239,-1.68483,0.21811,-0.06042,0.79230,0.11369,0.59639,0.60428,-0.13859,0.08383,
1403636637,4.52312,-1.69613,0.22417,-0.05236,0.79217,0.11931,0.59623,0.53797,-0.09005,-0.00039,
1403636637,4.57648,-1.70272,0.22170,-0.05076,0.79463,0.12115,0.59271,0.47289,-0.02483,-0.08316,
1403636637,4.62853,-1.70452,0.21467,-0.06233,0.79837,0.11482,0.58783,0.43027,0.01397,-0.12466,
1403636637,4.67340,-1.70206,0.20348,-0.07224,0.80154,0.10931,0.58341,0.39618,0.02953,-0.16343,
1403636637,4.72048,-1.70072,0.18968,-0.07519,0.80646,0.10795,0.57646,0.39114,0.03232,-0.16071,
1403636637,4.76235,-1.69787,0.17801,-0.07621,0.80975,0.10852,0.57159,0.43581,0.04711,-0.08274,
1403636637,4.81091,-1.69280,0.17473,-0.07677,0.81124,0.10952,0.56922,0.48283,0.08343,0.01664,
1403636638,4.85300,-1.68546,0.17839,-0.07749,0.81240,0.11081,0.56721,0.45557,0.07197,0.08397,
1403636638,4.89570,-1.67998,0.18619,-0.07977,0.81327,0.11122,0.56556,0.41795,0.07059,0.13089,
1403636638,4.93990,-1.67024,0.20359,-0.08049,0.81336,0.11157,0.56526,0.48152,0.08932,0.22166,
1403636638,4.98574,-1.66151,0.22678,-0.08104,0.81114,0.11252,0.56818,0.47602,0.08812,0.27901,
1403636638,5.03115,-1.65093,0.25566,-0.08203,0.80891,0.11309,0.57110,0.48443,0.10768,0.31073,
1403636638,5.07798,-1.64071,0.27777,-0.08302,0.80632,0.11315,0.57459,0.47146,0.10447,0.14786,
1403636638,5.12253,-1.62980,0.28298,-0.08432,0.80389,0.11335,0.57775,0.45784,0.10498,-0.02036,
1403636638,5.16561,-1.62068,0.27829,-0.08526,0.80275,0.11356,0.57917,0.43605,0.09889,-0.08269,
1403636638,5.20546,-1.61185,0.26666,-0.08690,0.80343,0.11335,0.57801,0.39431,0.09542,-0.15302,
1403636638,5.24525,-1.60440,0.24973,-0.09365,0.81328,0.10874,0.56390,0.38220,0.07460,-0.21548,
1403636639,5.28714,-1.59840,0.22904,-0.09945,0.82427,0.10486,0.54745,0.41601,0.05334,-0.20080,
1403636639,5.33104,-1.59550,0.21446,-0.09819,0.82804,0.10580,0.54177,0.45573,0.01986,-0.08866,
1403636639,5.38517,-1.59409,0.21200,-0.09105,0.82501,0.11120,0.54653,0.53074,0.00125,0.01666,
1403636639,5.44227,-1.59277,0.21681,-0.08852,0.81917,0.11367,0.55517,0.58229,0.00660,0.13233,
1403636639,5.50572,-1.59143,0.22791,-0.09105,0.81492,0.11200,0.56131,0.58242,0.00782,0.14529,
1403636639,5.57195,-1.59047,0.24177,-0.09790,0.81363,0.10733,0.56294,0.63943,0.00143,0.17177,
1403636639,5.64111,-1.59065,0.25256,-0.10711,0.81347,0.10084,0.56270,0.66329,-0.02347,0.07417,
1403636639,5.70811,-1.59517,0.25232,-0.11313,0.81432,0.09649,0.56105,0.69006,-0.06350,-0.08449,
1403636639,5.78280,-1.60228,0.23631,-0.10989,0.81476,0.09834,0.56073,0.71680,-0.11846,-0.19486,
1403636639,5.85524,-1.61653,0.21717,-0.09926,0.81453,0.10606,0.56164,0.74606,-0.14720,-0.21988,
1403636640,5.93356,-1.63197,0.19334,-0.08835,0.81302,0.11388,0.56411,0.75542,-0.16084,-0.25496,
1403636640,6.01194,-1.64812,0.16720,-0.07798,0.80990,0.12164,0.56849,0.74745,-0.14357,-0.27249,
1403636640,6.08837,-1.66030,0.14071,-0.07855,0.80541,0.12186,0.57471,0.72743,-0.11564,-0.23708,
1403636640,6.16151,-1.67120,0.12041,-0.08361,0.80226,0.11860,0.57907,0.69444,-0.11045,-0.15192,
1403636640,6.23022,-1.68268,0.10875,-0.08846,0.80129,0.11596,0.58022,0.65034,-0.10913,-0.07298,
1403636640,6.29551,-1.69432,0.10403,-0.08973,0.80057,0.11600,0.58101,0.63880,-0.10788,-0.00282,
1403636640,6.36360,-1.70539,0.10903,-0.09052,0.79923,0.12325,0.58125,0.63671,-0.09950,0.10326,
1403636640,6.42400,-1.71500,0.11996,-0.09559,0.79776,0.13101,0.58075,0.57811,-0.10042,0.17604,
1403636640,6.48484,-1.72733,0.13346,-0.09898,0.79797,0.13747,0.57840,0.55005,-0.10794,0.15076,
1403636640,6.54156,-1.73976,0.14175,-0.10164,0.79706,0.14309,0.57783,0.52545,-0.11135,0.07764,
1403636641,6.59354,-1.75148,0.14433,-0.10347,0.79720,0.14680,0.57638,0.50367,-0.11086,0.02017,
1403636641,6.64630,-1.76340,0.13806,-0.10494,0.79664,0.14924,0.57626,0.48617,-0.10920,-0.02730,
1403636641,6.69435,-1.77430,0.13036,-0.10593,0.79660,0.15071,0.57575,0.45152,-0.11192,-0.07930,
1403636641,6.74139,-1.78374,0.12196,-0.10613,0.79804,0.15209,0.57335,0.43666,-0.09396,-0.04638,
1403636641,6.78904,-1.79148,0.11450,-0.10575,0.79919,0.15314,0.57154,0.43889,-0.08371,0.03049,
1403636641,6.83112,-1.79925,0.11850,-0.10494,0.79914,0.15333,0.57170,0.38773,-0.08375,0.04659,
1403636641,6.87122,-1.80551,0.11860,-0.10499,0.79826,0.15215,0.57324,0.37412,-0.06943,-0.01321,
1403636641,6.91059,-1.81211,0.11109,-0.10414,0.79795,0.15158,0.57398,0.36117,-0.05283,-0.07034,
1403636641,6.94867,-1.81839,0.09973,-0.10785,0.79813,0.14788,0.57402,0.33972,-0.05869,-0.13681,
1403636641,6.98839,-1.82314,0.07727,-0.11393,0.79907,0.14239,0.57291,0.33232,-0.06283,-0.17926,
1403636642,7.02288,-1.82995,0.05958,-0.11278,0.79876,0.14219,0.57362,0.30656,-0.08497,-0.16719,
1403636642,7.05567,-1.83943,0.04614,-0.10869,0.79865,0.14416,0.57407,0.28582,-0.10293,-0.11487,
1403636642,7.09060,-1.84725,0.03624,-0.10554,0.79811,0.14507,0.57519,0.27393,-0.10924,-0.02938,
1403636642,7.11959,-1.85601,0.03950,-0.10407,0.79803,0.14509,0.57556,0.25824,-0.09211,0.04587,
1403636642,7.15060,-1.86464,0.04836,-0.10304,0.79769,0.14386,0.57653,0.28444,-0.08839,0.10925,
1403636642,7.18241,-1.87201,0.06160,-0.09944,0.79774,0.13745,0.57865,0.26964,-0.09739,0.15580,
1403636642,7.20687,-1.88185,0.07915,-0.09398,0.79805,0.12973,0.58091,0.26103,-0.08986,0.14849,
1403636642,7.23126,-1.89281,0.08989,-0.08968,0.79797,0.12382,0.58299,0.22229,-0.09233,0.08336,
1403636642,7.25126,-1.90352,0.09509,-0.08655,0.79840,0.11728,0.58422,0.19646,-0.09681,0.01362,
1403636642,7.26869,-1.91504,0.09481,-0.08181,0.79866,0.10859,0.58622,0.17172,-0.10607,-0.04979,
1403636643,7.28443,-1.92543,0.08812,-0.07774,0.80031,0.10221,0.58567,0.13486,-0.10518,-0.11696,
1403636643,7.29766,-1.93721,0.07756,-0.07429,0.80520,0.09843,0.58004,0.11082,-0.09851,-0.17216,
1403636643,7.30933,-1.94839,0.06271,-0.07185,0.81047,0.09579,0.57341,0.10779,-0.09555,-0.18749,
1403636643,7.32333,-1.95785,0.05175,-0.07100,0.81448,0.09422,0.56807,0.11194,-0.09961,-0.10331,
1403636643,7.33703,-1.96706,0.04714,-0.07112,0.81669,0.09343,0.56500,0.13679,-0.09537,-0.02787,
1403636643,7.35244,-1.97648,0.04834,-0.07202,0.81675,0.09273,0.56492,0.16018,-0.09499,0.05791,
1403636643,7.37094,-1.98731,0.05436,-0.07357,0.81212,0.09206,0.57146,0.18064,-0.10180,0.04211,
1403636643,7.39040,-1.99725,0.05532,-0.07533,0.80881,0.09124,0.57605,0.18105,-0.11086,-0.02553,
1403636643,7.41159,-2.00892,0.05136,-0.07579,0.80835,0.09192,0.57653,0.18125,-0.12311,-0.06402,
1403636643,7.43162,-2.02035,0.04723,-0.07602,0.81085,0.09255,0.57287,0.20036,-0.12462,-0.00173,
1403636644,7.45455,-2.03223,0.04891,-0.07654,0.81516,0.09338,0.56651,0.25622,-0.12001,0.05447,
1403636644,7.48085,-2.04401,0.05770,-0.07563,0.81908,0.09508,0.56067,0.30047,-0.12715,0.11780,
1403636644,7.50825,-2.05670,0.07385,-0.07507,0.82228,0.09755,0.55562,0.31033,-0.13380,0.19596,
1403636644,7.54071,-2.06956,0.09304,-0.07347,0.82452,0.09970,0.55212,0.34025,-0.12731,0.17646,
1403636644,7.57680,-2.08110,0.10860,-0.07286,0.82707,0.10083,0.54816,0.38728,-0.11456,0.12270,
1403636644,7.61840,-2.09144,0.11860,-0.07129,0.82855,0.10197,0.54591,0.44203,-0.10081,0.06402,
1403636644,7.66566,-2.10021,0.12302,-0.07106,0.82936,0.10216,0.54467,0.49235,-0.08675,0.01445,
1403636644,7.71961,-2.10662,0.12514,-0.07352,0.82582,0.10041,0.55004,0.55631,-0.06378,-0.00903,
1403636644,7.77776,-2.11300,0.12248,-0.08507,0.81783,0.09193,0.56166,0.59556,-0.06407,-0.05162,
1403636644,7.83822,-2.12040,0.11317,-0.09419,0.81050,0.08487,0.57185,0.60638,-0.10025,-0.12345,
1403636645,7.89897,-2.13149,0.09624,-0.10163,0.80497,0.07922,0.57915,0.59450,-0.14908,-0.20606,
1403636645,7.95810,-2.14888,0.07128,-0.10641,0.80254,0.07586,0.58211,0.58895,-0.22168,-0.26681,
1403636645,8.01528,-2.17277,0.04033,-0.09670,0.80097,0.08243,0.58507,0.56138,-0.28103,-0.33603,
1403636645,8.07105,-2.20170,0.00354,-0.08103,0.80047,0.09263,0.58660,0.53361,-0.31999,-0.38756,
1403636645,8.12419,-2.23051,-0.03616,-0.07249,0.80288,0.09673,0.58375,0.49522,-0.31150,-0.39741,
1403636645,8.17360,-2.25844,-0.07035,-0.07044,0.80908,0.09691,0.57536,0.45297,-0.29926,-0.30585,
1403636645,8.21977,-2.28576,-0.09910,-0.07048,0.82249,0.09526,0.55629,0.42112,-0.30440,-0.21823,
1403636645,8.27071,-2.31328,-0.11949,-0.06859,0.83336,0.09556,0.54007,0.52478,-0.27974,-0.12334,
1403636645,8.33243,-2.33831,-0.12953,-0.06783,0.83568,0.09574,0.53653,0.61371,-0.25378,-0.05460,
1403636645,8.40393,-2.36053,-0.13608,-0.06733,0.83048,0.09538,0.54467,0.69994,-0.23124,-0.04337,
1403636646,8.47795,-2.38190,-0.14342,-0.06763,0.82650,0.09478,0.55077,0.75626,-0.20792,-0.11042,
1403636646,8.56425,-2.39981,-0.16050,-0.06693,0.82460,0.09431,0.55378,0.81202,-0.18929,-0.16226,
1403636646,8.65273,-2.41704,-0.17600,-0.06613,0.82299,0.09479,0.55618,0.85495,-0.18034,-0.12952,
1403636646,8.73988,-2.43257,-0.18361,-0.06795,0.82220,0.09391,0.55727,0.90705,-0.15290,-0.03094,
1403636646,8.83338,-2.44669,-0.18051,-0.06938,0.82302,0.09280,0.55606,0.92821,-0.14132,0.11809,
1403636646,8.92782,-2.46142,-0.16680,-0.07044,0.81856,0.08639,0.56350,0.92992,-0.15408,0.19326,
1403636646,9.02364,-2.47613,-0.14803,-0.06947,0.81602,0.07187,0.56932,0.93669,-0.19006,0.21524,
1403636646,9.12055,-2.49469,-0.13050,-0.06313,0.81381,0.05119,0.57542,0.95520,-0.21730,0.16398,
1403636646,9.21656,-2.51755,-0.11813,-0.05331,0.81075,0.02558,0.58240,0.91775,-0.26685,0.10432,
1403636646,9.30810,-2.54563,-0.11229,-0.03880,0.80694,0.00029,0.58935,0.86800,-0.32021,0.03534,
1403636647,9.39429,-2.57835,-0.10868,-0.01916,0.80105,-0.01565,0.59808,0.81209,-0.34911,0.03873,
1403636647,9.47516,-2.61388,-0.10341,-0.00468,0.79900,-0.02724,0.60070,0.74975,-0.36163,0.06546,
1403636647,9.55298,-2.64911,-0.08998,0.00601,0.80116,-0.03459,0.59741,0.71259,-0.37410,0.17234,
1403636647,9.62535,-2.68340,-0.06727,0.01160,0.80135,-0.03997,0.59675,0.66195,-0.37102,0.25466,
1403636647,9.69337,-2.71679,-0.03790,0.01422,0.80162,-0.04341,0.59608,0.60935,-0.35501,0.27927,
1403636647,9.75789,-2.74896,-0.00987,0.01586,0.80345,-0.04474,0.59347,0.57898,-0.35225,0.23061,
1403636647,9.82127,-2.78138,0.01347,0.01647,0.80745,-0.04420,0.58804,0.55362,-0.36046,0.16898,
1403636647,9.87982,-2.81467,0.02822,0.01625,0.81062,-0.04317,0.58375,0.54348,-0.36176,0.13145,
1403636647,9.94356,-2.84723,0.04130,0.01294,0.81023,-0.04290,0.58439,0.54586,-0.35899,0.08743,
1403636647,9.99965,-2.88004,0.04779,0.01014,0.80829,-0.04248,0.58716,0.52509,-0.36101,0.02988,
1403636648,10.05334,-2.91431,0.04936,0.00591,0.80528,-0.04197,0.59137,0.48929,-0.37121,0.00104,
1403636648,10.11045,-2.94715,0.05354,-0.00040,0.79986,-0.04353,0.59861,0.45611,-0.39563,0.03400,
1403636648,10.15641,-2.98636,0.05964,0.00120,0.79992,-0.04435,0.59847,0.43753,-0.42778,0.08707,
1403636648,10.20374,-3.02786,0.07176,0.00594,0.80205,-0.04457,0.59556,0.39927,-0.45395,0.10176,
1403636648,10.23981,-3.07201,0.07744,0.01213,0.80311,-0.04984,0.59361,0.34730,-0.47485,0.02319,
1403636648,10.27372,-3.11679,0.07534,0.02149,0.80291,-0.06146,0.59254,0.29167,-0.48979,-0.06842,
1403636648,10.30194,-3.16414,0.06374,0.03406,0.80218,-0.07929,0.59082,0.24856,-0.50396,-0.14863,
1403636648,10.32673,-3.21308,0.04734,0.04886,0.79993,-0.10011,0.58967,0.20935,-0.51314,-0.19183,
1403636648,10.34804,-3.26256,0.02685,0.06374,0.79700,-0.12299,0.58788,0.16403,-0.51923,-0.23642,
1403636648,10.36507,-3.31298,0.00289,0.08004,0.79330,-0.14523,0.58581,0.11107,-0.51768,-0.27078,
1403636649,10.37770,-3.36345,-0.02342,0.09567,0.78941,-0.16852,0.58247,0.09004,-0.52100,-0.26540,
1403636649,10.38792,-3.41305,-0.04455,0.10847,0.78558,-0.18715,0.57971,0.03582,-0.50491,-0.19629,
1403636649,10.39408,-3.46146,-0.06082,0.11907,0.78551,-0.19907,0.57374,0.00352,-0.49362,-0.14184,
1403636649,10.40200,-3.50881,-0.07229,0.12338,0.79007,-0.20767,0.56342,0.01562,-0.49226,-0.08995,
1403636649,10.41377,-3.55552,-0.07408,0.12462,0.79719,-0.21296,0.55101,0.05324,-0.49813,0.02532,
1403636649,10.42778,-3.60349,-0.06609,0.12608,0.80023,-0.21453,0.54563,0.09427,-0.51976,0.13075,
1403636649,10.44464,-3.65188,-0.04819,0.12959,0.79459,-0.21262,0.55374,0.15157,-0.53442,0.22926,
1403636649,10.45972,-3.70208,-0.02180,0.13263,0.78650,-0.20947,0.56565,0.13771,-0.51601,0.25906,
1403636649,10.47492,-3.74784,0.00668,0.13389,0.78288,-0.20666,0.57137,0.11061,-0.49450,0.31458,
1403636649,10.48585,-3.79159,0.03904,0.13242,0.78542,-0.20463,0.56895,0.08287,-0.46933,0.35439,
1403636650,10.49471,-3.83443,0.07783,0.13003,0.78817,-0.20201,0.56663,0.07539,-0.45406,0.45084,
1403636650,10.50254,-3.87857,0.12567,0.12696,0.78513,-0.20088,0.57193,0.04809,-0.44455,0.48019,
1403636650,10.50607,-3.92207,0.17284,0.12697,0.78035,-0.20609,0.57660,-0.00561,-0.43969,0.41784,
1403636650,10.50630,-3.96183,0.21100,0.13343,0.77723,-0.21187,0.57725,-0.03376,-0.42245,0.34537,
1403636650,10.50406,-4.00062,0.24191,0.13952,0.77478,-0.21630,0.57746,-0.05795,-0.40167,0.25960,
1403636650,10.50233,-4.03823,0.26485,0.14463,0.77379,-0.21955,0.57631,-0.07756,-0.38903,0.15692,
1403636650,10.49732,-4.07390,0.27752,0.14848,0.77177,-0.22514,0.57587,-0.12295,-0.36712,0.05852,
1403636650,10.48485,-4.10867,0.28224,0.15738,0.76872,-0.23651,0.57303,-0.18862,-0.34889,-0.01585,
1403636650,10.46860,-4.14173,0.27981,0.16910,0.76410,-0.25485,0.56799,-0.21217,-0.33846,-0.07856,
1403636650,10.45012,-4.17374,0.27232,0.18320,0.75934,-0.27648,0.55982,-0.24755,-0.31787,-0.11476,
1403636651,10.42691,-4.20172,0.26195,0.19732,0.75523,-0.29887,0.54897,-0.27638,-0.27975,-0.15090,
1403636651,10.40176,-4.22697,0.24774,0.20710,0.75185,-0.31726,0.53961,-0.27318,-0.26048,-0.17345,
1403636651,10.37584,-4.25235,0.22991,0.21509,0.74874,-0.32954,0.53341,-0.27022,-0.25186,-0.17479,
1403636651,10.35055,-4.27710,0.21803,0.22054,0.74505,-0.33788,0.53113,-0.25431,-0.25473,-0.07926,
1403636651,10.32768,-4.30111,0.21670,0.22701,0.73964,-0.34065,0.53419,-0.25022,-0.24470,0.01537,
1403636651,10.30626,-4.32344,0.22138,0.23131,0.73512,-0.34081,0.53847,-0.24991,-0.22954,0.07106,
1403636651,10.28463,-4.34372,0.23101,0.23272,0.73329,-0.34007,0.54081,-0.25522,-0.20418,0.12600,
1403636651,10.26041,-4.36154,0.24451,0.23154,0.73504,-0.33950,0.53930,-0.27262,-0.16730,0.17522,
1403636651,10.23198,-4.37578,0.26252,0.22893,0.73891,-0.33880,0.53555,-0.28158,-0.15007,0.20377,
1403636651,10.20398,-4.38787,0.27945,0.22574,0.74236,-0.33777,0.53279,-0.28315,-0.13447,0.15526,
1403636652,10.17536,-4.39840,0.29008,0.22378,0.74371,-0.33534,0.53326,-0.28459,-0.12688,0.08101,
1403636652,10.14614,-4.40724,0.29499,0.22376,0.74110,-0.33185,0.53906,-0.29220,-0.11254,0.03095,
1403636652,10.11484,-4.41387,0.29454,0.22258,0.73805,-0.33043,0.54457,-0.31479,-0.08470,-0.02290,
1403636652,10.08119,-4.41903,0.29047,0.21974,0.73286,-0.33698,0.54870,-0.35245,-0.07474,-0.06391,
1403636652,10.04263,-4.42403,0.28273,0.22181,0.72531,-0.34901,0.55038,-0.42564,-0.07016,-0.11132,
1403636652,9.99932,-4.42709,0.26954,0.23155,0.71638,-0.36489,0.54776,-0.48516,-0.07476,-0.15956,
1403636652,9.95016,-4.43154,0.25324,0.24913,0.70945,-0.38377,0.53604,-0.54491,-0.05441,-0.19931,
1403636652,9.89465,-4.43551,0.23416,0.26987,0.70136,-0.40757,0.51880,-0.59540,-0.03466,-0.24357,
1403636652,9.83394,-4.43417,0.20867,0.28671,0.69211,-0.43595,0.49873,-0.64262,0.04305,-0.31215,
1403636652,9.77245,-4.43333,0.18104,0.29985,0.68229,-0.46225,0.48052,-0.61173,0.00859,-0.30604,
1403636653,9.71518,-4.43597,0.15593,0.30796,0.67334,-0.48192,0.46854,-0.58437,-0.02122,-0.24924,
1403636653,9.65997,-4.44233,0.13885,0.31169,0.66868,-0.49693,0.45692,-0.55226,-0.07502,-0.14252,
1403636653,9.60694,-4.45501,0.13138,0.31590,0.66787,-0.50478,0.44648,-0.52553,-0.13588,-0.03816,
1403636653,9.55622,-4.47228,0.13344,0.31798,0.66600,-0.50876,0.44328,-0.50438,-0.20172,0.04256,
1403636653,9.50880,-4.49507,0.14340,0.32072,0.66374,-0.50896,0.44446,-0.46842,-0.26900,0.12982,
1403636653,9.46380,-4.52184,0.15746,0.32406,0.66226,-0.50647,0.44708,-0.44480,-0.30078,0.10385,
1403636653,9.42026,-4.55144,0.16005,0.32755,0.66094,-0.50197,0.45154,-0.41311,-0.35905,-0.04602,
1403636653,9.37980,-4.58394,0.15289,0.33231,0.65821,-0.49584,0.45877,-0.39132,-0.36793,-0.09259,
1403636653,9.33860,-4.61596,0.14531,0.33728,0.65555,-0.48839,0.46687,-0.38572,-0.34518,-0.05491,
1403636653,9.29879,-4.64343,0.14722,0.33809,0.65592,-0.48361,0.47073,-0.37406,-0.32426,0.03962,
1403636654,9.26080,-4.66850,0.15768,0.33646,0.65820,-0.48077,0.47162,-0.36460,-0.28321,0.12422,
1403636654,9.22323,-4.69457,0.17240,0.33443,0.65911,-0.47852,0.47407,-0.35961,-0.27399,0.18573,
1403636654,9.18631,-4.71697,0.18789,0.33580,0.65819,-0.47469,0.47822,-0.36018,-0.23714,0.14283,
1403636654,9.14943,-4.73595,0.19729,0.33714,0.65712,-0.47201,0.48140,-0.35345,-0.19229,0.07082,
1403636654,9.11492,-4.74578,0.20121,0.33857,0.65668,-0.47063,0.48234,-0.34843,-0.13910,-0.00154,
1403636654,9.07954,-4.75705,0.19615,0.33406,0.65712,-0.47358,0.48200,-0.35333,-0.10368,-0.07300,
1403636654,9.04322,-4.76444,0.18562,0.33157,0.65582,-0.47654,0.48257,-0.36878,-0.07833,-0.09879,
1403636654,9.00530,-4.76940,0.17716,0.33499,0.65087,-0.48114,0.48234,-0.38747,-0.05634,-0.04374,
1403636654,8.96448,-4.77108,0.17409,0.34196,0.64652,-0.48851,0.47585,-0.41104,-0.02322,0.03511,
1403636654,8.92471,-4.76682,0.17862,0.34918,0.64061,-0.50013,0.46643,-0.41510,-0.00422,0.10784,
1403636655,8.88527,-4.76350,0.19169,0.35830,0.63219,-0.51340,0.45648,-0.42115,0.01311,0.17493,
1403636655,8.84718,-4.75881,0.20890,0.36598,0.62307,-0.52785,0.44634,-0.39686,0.03803,0.17917,
1403636655,8.81020,-4.75309,0.22297,0.36823,0.61553,-0.54126,0.43882,-0.38027,0.04025,0.12567,
1403636655,8.77384,-4.74691,0.23111,0.37204,0.61044,-0.54970,0.43218,-0.36583,0.03691,0.05278,
1403636655,8.73872,-4.74056,0.23184,0.37650,0.60614,-0.55476,0.42787,-0.35109,0.02812,-0.01297,
1403636655,8.70518,-4.73406,0.22703,0.38511,0.59916,-0.55421,0.43076,-0.33740,0.03459,-0.06530,
1403636655,8.67226,-4.72625,0.21824,0.39080,0.59305,-0.55339,0.43511,-0.32766,0.06156,-0.09828,
1403636655,8.63863,-4.71646,0.20766,0.39414,0.58882,-0.55243,0.43904,-0.32317,0.09781,-0.11804,
1403636655,8.60320,-4.70114,0.19596,0.39701,0.58328,-0.55495,0.44069,-0.34707,0.14596,-0.12817,
1403636655,8.56851,-4.68260,0.18491,0.39969,0.57626,-0.56038,0.44062,-0.35430,0.21076,-0.10052,
1403636656,8.53177,-4.65654,0.17981,0.40443,0.56970,-0.56681,0.43659,-0.37560,0.27846,-0.01564,
1403636656,8.49270,-4.62306,0.17818,-0.40331,-0.56550,0.58032,-0.42518,-0.39446,0.34836,-0.03045,
1403636656,8.45161,-4.58737,0.17117,-0.39966,-0.56074,0.59499,-0.41452,-0.39553,0.35767,-0.11697,
1403636656,8.40941,-4.55351,0.15199,-0.40048,-0.55423,0.60676,-0.40532,-0.41908,0.34705,-0.25751,
1403636656,8.36450,-4.52081,0.12160,-0.40411,-0.54301,0.61983,-0.39705,-0.45417,0.34201,-0.33178,
1403636656,8.31661,-4.49146,0.09048,-0.41046,-0.53001,0.63092,-0.39057,-0.47730,0.30637,-0.26321,
1403636656,8.26644,-4.46299,0.06792,-0.41737,-0.52137,0.63807,-0.38320,-0.50432,0.29352,-0.16082,
1403636656,8.21377,-4.43595,0.05634,-0.42249,-0.51796,0.64242,-0.37485,-0.52441,0.30115,-0.05667,
1403636656,8.16046,-4.41050,0.05551,-0.42425,-0.51614,0.64573,-0.36965,-0.54088,0.26076,0.04517,
1403636656,8.10668,-4.38870,0.06383,-0.42432,-0.51546,0.64762,-0.36720,-0.54912,0.21364,0.13496,
1403636657,8.05178,-4.37169,0.08061,-0.42453,-0.51604,0.64766,-0.36607,-0.55864,0.17314,0.18355,
1403636657,7.99610,-4.35604,0.09756,-0.42733,-0.51690,0.64467,-0.36689,-0.56069,0.14025,0.16295,
1403636657,7.94011,-4.34085,0.11195,-0.43443,-0.51355,0.63797,-0.37488,-0.56577,0.13387,0.11531,
1403636657,7.88451,-4.32554,0.12065,-0.44253,-0.51086,0.63035,-0.38190,-0.56805,0.14297,0.04246,
1403636657,7.82985,-4.30810,0.12155,-0.44740,-0.51108,0.62501,-0.38469,-0.55157,0.17603,-0.02929,
1403636657,7.77754,-4.28628,0.11475,-0.44788,-0.51024,0.62277,-0.38886,-0.53454,0.22487,-0.10885,
1403636657,7.72567,-4.26113,0.10145,-0.44619,-0.50886,0.62229,-0.39337,-0.51777,0.27304,-0.16103,
1403636657,7.67694,-4.22956,0.08952,-0.44271,-0.50751,0.62361,-0.39692,-0.51589,0.31380,-0.11330,
1403636657,7.62470,-4.19510,0.08141,-0.43782,-0.50915,0.62664,-0.39547,-0.52560,0.35699,-0.05934,
1403636657,7.57197,-4.15635,0.07693,-0.43056,-0.51049,0.63207,-0.39308,-0.53908,0.38930,-0.05634,
1403636658,7.51976,-4.11410,0.07069,-0.42244,-0.51256,0.63818,-0.38930,-0.56071,0.39835,-0.09393,
1403636658,7.46441,-4.07152,0.05974,-0.41978,-0.51408,0.64059,-0.38620,-0.58542,0.39764,-0.13134,
1403636658,7.40773,-4.02857,0.04592,-0.42023,-0.51339,0.64089,-0.38614,-0.60900,0.39180,-0.16278,
1403636658,7.34659,-3.98732,0.02793,-0.42029,-0.50986,0.64377,-0.38595,-0.63752,0.39307,-0.21642,
1403636658,7.28042,-3.94813,0.00596,-0.41451,-0.50569,0.65016,-0.38698,-0.67959,0.38994,-0.19871,
1403636658,7.20995,-3.90808,-0.01026,-0.41243,-0.50437,0.65370,-0.38494,-0.74296,0.38395,-0.12188,
1403636658,7.13325,-3.86841,-0.01642,-0.41769,-0.50736,0.65210,-0.37800,-0.79069,0.38613,-0.04370,
1403636658,7.05379,-3.83115,-0.01687,-0.42383,-0.51045,0.64980,-0.37091,-0.81712,0.36610,-0.01004,
1403636658,6.97271,-3.79705,-0.01979,-0.42908,-0.51362,0.64749,-0.36448,-0.81368,0.34470,-0.06707,
1403636658,6.89149,-3.76609,-0.02862,-0.43117,-0.51529,0.64709,-0.36033,-0.80441,0.31138,-0.10622,
1403636659,6.81204,-3.73816,-0.03931,-0.43440,-0.51797,0.64564,-0.35519,-0.78919,0.27727,-0.12964,
1403636659,6.73366,-3.71434,-0.05214,-0.43930,-0.52124,0.64260,-0.34986,-0.75676,0.23539,-0.15253,
1403636659,6.65905,-3.69380,-0.06624,-0.44242,-0.52220,0.64065,-0.34806,-0.71688,0.19976,-0.16891,
1403636659,6.58778,-3.67694,-0.08296,-0.44934,-0.52302,0.63596,-0.34654,-0.67736,0.17182,-0.19270,
1403636659,6.52159,-3.66338,-0.10136,-0.45394,-0.52021,0.63295,-0.35029,-0.61447,0.14470,-0.21405,
1403636659,6.46059,-3.65115,-0.12390,-0.45355,-0.51451,0.63324,-0.35859,-0.56713,0.13755,-0.24950,
1403636659,6.40287,-3.63790,-0.14949,-0.45548,-0.51010,0.63167,-0.36514,-0.53741,0.14902,-0.29126,
1403636659,6.34954,-3.62294,-0.17984,-0.45658,-0.50772,0.63062,-0.36888,-0.50219,0.16784,-0.30313,
1403636659,6.29820,-3.60508,-0.20789,-0.45461,-0.50851,0.63172,-0.36834,-0.47010,0.19247,-0.25677,
1403636659,6.25153,-3.58598,-0.23138,-0.44985,-0.51210,0.63492,-0.36369,-0.44591,0.18972,-0.20356,
1403636660,6.20535,-3.56811,-0.24727,-0.44693,-0.51547,0.63696,-0.35892,-0.43503,0.18221,-0.11430,
1403636660,6.16239,-3.55036,-0.26024,-0.44742,-0.51466,0.63697,-0.35947,-0.40839,0.17732,-0.13298,
1403636660,6.12320,-3.53237,-0.27651,-0.45073,-0.51287,0.63555,-0.36040,-0.37095,0.17931,-0.19660,
1403636660,6.08837,-3.51408,-0.29907,-0.45318,-0.51126,0.63498,-0.36060,-0.33334,0.18271,-0.25083,
1403636660,6.05703,-3.49490,-0.32684,-0.45226,-0.51050,0.63671,-0.35978,-0.29670,0.19809,-0.30915,
1403636660,6.02862,-3.47546,-0.35941,-0.44797,-0.51289,0.64095,-0.35419,-0.26144,0.19324,-0.34894,
1403636660,6.00273,-3.45639,-0.39561,-0.44326,-0.51520,0.64530,-0.34883,-0.24163,0.18012,-0.37421,
1403636660,5.97943,-3.43936,-0.43386,-0.44070,-0.51638,0.64746,-0.34631,-0.22030,0.14855,-0.39557,
1403636660,5.95872,-3.42606,-0.47194,-0.43671,-0.51892,0.65063,-0.34158,-0.19061,0.10353,-0.36507,
1403636660,5.94068,-3.41802,-0.50459,-0.42827,-0.52373,0.65648,-0.33364,-0.16996,0.03368,-0.28172,
1403636661,5.92406,-3.41773,-0.52820,-0.42618,-0.52542,0.65758,-0.33149,-0.14392,-0.03984,-0.21237,
1403636661,5.90925,-3.42704,-0.55008,-0.43432,-0.52252,0.65180,-0.33689,-0.12780,-0.11973,-0.23475,
1403636661,5.89673,-3.44237,-0.57690,-0.44743,-0.51882,0.64231,-0.34362,-0.09462,-0.16406,-0.29530,
1403636661,5.88830,-3.46052,-0.61021,-0.46005,-0.51821,0.63286,-0.34541,-0.04583,-0.16817,-0.35155,
1403636661,5.88522,-3.47935,-0.64856,-0.46816,-0.51922,0.62643,-0.34470,0.01510,-0.16490,-0.40516,
1403636661,5.88854,-3.49881,-0.69214,-0.46707,-0.51640,0.62682,-0.34968,0.08551,-0.16440,-0.44827,
1403636661,5.89908,-3.51508,-0.73741,-0.46471,-0.51239,0.62843,-0.35578,0.14062,-0.14693,-0.48080,
1403636661,5.91370,-3.53361,-0.78494,-0.46312,-0.50902,0.62948,-0.36080,0.18595,-0.13052,-0.44662,
1403636661,5.93287,-3.54611,-0.82506,-0.46136,-0.50752,0.63065,-0.36312,0.21573,-0.08535,-0.36809,
1403636661,5.95446,-3.55819,-0.85882,-0.46134,-0.50731,0.63051,-0.36367,0.24580,-0.06563,-0.30070,
1403636662,5.97883,-3.56500,-0.88396,-0.45942,-0.50744,0.63163,-0.36397,0.26448,-0.04992,-0.21897,
1403636662,6.00603,-3.57109,-0.90080,-0.45521,-0.50729,0.63407,-0.36523,0.28746,-0.01810,-0.13957,
1403636662,6.03439,-3.57283,-0.91170,-0.45515,-0.50631,0.63350,-0.36766,0.30120,0.00440,-0.07346,
1403636662,6.06447,-3.57369,-0.91453,-0.45100,-0.50117,0.63578,-0.37578,0.30942,0.02717,0.00837,
1403636662,6.09376,-3.56999,-0.91079,-0.44967,-0.49865,0.63604,-0.38025,0.28523,0.06519,0.08158,
1403636662,6.12075,-3.56374,-0.90033,-0.44949,-0.49855,0.63543,-0.38163,0.26372,0.09547,0.15165,
1403636662,6.14744,-3.55202,-0.88510,-0.45094,-0.49920,0.63411,-0.38125,0.24991,0.13990,0.17271,
1403636662,6.17172,-3.53815,-0.87325,-0.45348,-0.50393,0.63262,-0.37443,0.24892,0.17666,0.11018,
1403636662,6.19795,-3.51993,-0.86703,-0.45679,-0.50880,0.63106,-0.36638,0.26146,0.19940,0.04714,
1403636662,6.22565,-3.50052,-0.86683,-0.45626,-0.51240,0.63238,-0.35969,0.28618,0.20952,-0.03000,
1403636663,6.25523,-3.48001,-0.87310,-0.45040,-0.51602,0.63717,-0.35338,0.31415,0.20441,-0.07664,
1403636663,6.28834,-3.46003,-0.88237,-0.44258,-0.51402,0.64343,-0.35484,0.33961,0.18843,-0.11888,
1403636663,6.32099,-3.44359,-0.89435,-0.43413,-0.50487,0.65010,-0.36607,0.32547,0.15461,-0.13634,
1403636663,6.35195,-3.42988,-0.90913,-0.43086,-0.49778,0.65308,-0.37424,0.28699,0.14470,-0.17982,
1403636663,6.37806,-3.41743,-0.92975,-0.42775,-0.49894,0.65580,-0.37150,0.23698,0.14338,-0.22865,
1403636663,6.39984,-3.40365,-0.95339,-0.42155,-0.49968,0.66050,-0.36926,0.19387,0.12865,-0.21462,
1403636663,6.41616,-3.39305,-0.97178,-0.41396,-0.49697,0.66599,-0.37165,0.12837,0.09693,-0.13961,
1403636663,6.42401,-3.38635,-0.98326,-0.41361,-0.49897,0.66701,-0.36751,0.03508,0.06335,-0.09314,
1403636663,6.42473,-3.38163,-0.99598,-0.42415,-0.50963,0.66035,-0.35257,-0.00649,0.03398,-0.15259,
1403636663,6.42357,-3.38059,-1.01696,-0.42925,-0.51924,0.65685,-0.33866,-0.00242,-0.01353,-0.23885,
1403636664,6.42242,-3.38642,-1.04399,-0.42926,-0.52572,0.65662,-0.32895,0.00350,-0.08223,-0.28008,
1403636664,6.42333,-3.39968,-1.07385,-0.42822,-0.52862,0.65700,-0.32487,0.02316,-0.17411,-0.31324,
1403636664,6.42549,-3.42325,-1.10481,-0.43033,-0.53175,0.65506,-0.32086,0.04173,-0.27136,-0.29419,
1403636664,6.43180,-3.45552,-1.13043,-0.43950,-0.53595,0.64754,-0.31669,0.09033,-0.37026,-0.22085,
1403636664,6.44415,-3.49902,-1.14959,-0.44956,-0.53818,0.63893,-0.31628,0.16960,-0.46101,-0.13177,
1403636664,6.46485,-3.54926,-1.15940,-0.46222,-0.53849,0.62811,-0.31915,0.25995,-0.51172,-0.06212,
1403636664,6.49641,-3.60575,-1.16350,-0.46519,-0.53557,0.62435,-0.32705,0.37818,-0.55499,-0.01928,
1403636664,6.53689,-3.66600,-1.16117,-0.46424,-0.52944,0.62329,-0.34012,0.46239,-0.58536,0.03441,
1403636664,6.58383,-3.72671,-1.16294,-0.46304,-0.52436,0.62189,-0.35198,0.52071,-0.56164,-0.08987,
1403636664,6.63544,-3.78480,-1.18127,-0.46125,-0.52258,0.62049,-0.35938,0.56077,-0.54925,-0.25622,
1403636665,6.69065,-3.84120,-1.20981,-0.45935,-0.52218,0.61888,-0.36512,0.59540,-0.51885,-0.32069,
1403636665,6.74964,-3.89481,-1.23857,-0.45387,-0.51995,0.61916,-0.37456,0.63469,-0.47748,-0.28280,
1403636665,6.81121,-3.94498,-1.26193,-0.44815,-0.51943,0.61977,-0.38110,0.63877,-0.44831,-0.20117,
1403636665,6.87353,-3.99131,-1.27829,-0.44759,-0.52597,0.61742,-0.37657,0.65054,-0.40937,-0.12639,
1403636665,6.93761,-4.03486,-1.28849,-0.44525,-0.52834,0.61614,-0.37812,0.66438,-0.39495,-0.07597,
1403636665,7.00342,-4.07789,-1.29342,-0.43851,-0.53198,0.61865,-0.37680,0.67668,-0.38563,0.00777,
1403636665,7.07011,-4.11776,-1.29144,-0.43097,-0.53637,0.62214,-0.37352,0.68193,-0.35191,0.07938,
1403636665,7.13740,-4.15803,-1.28156,-0.42505,-0.53672,0.62501,-0.37502,0.68202,-0.35807,0.10465,
1403636665,7.20333,-4.20071,-1.26819,-0.42389,-0.52979,0.62520,-0.38569,0.65693,-0.40168,0.13000,
1403636665,7.26645,-4.24473,-1.25461,-0.42616,-0.52908,0.62352,-0.38688,0.61855,-0.40262,0.12585,
1403636666,7.32735,-4.28650,-1.24258,-0.43137,-0.53448,0.62096,-0.37770,0.59858,-0.36767,0.12335,
1403636666,7.39040,-4.32573,-1.22890,-0.43655,-0.53915,0.61868,-0.36875,0.62783,-0.35041,0.13705,
1403636666,7.45510,-4.36567,-1.21449,-0.44040,-0.53930,0.61768,-0.36561,0.65312,-0.37844,0.14732,
1403636666,7.52200,-4.40725,-1.19664,-0.44502,-0.53577,0.61623,-0.36766,0.69350,-0.37681,0.15622,
1403636666,7.59086,-4.44596,-1.17830,-0.44024,-0.52511,0.62078,-0.38088,0.70496,-0.36468,0.15949,
1403636666,7.66059,-4.48480,-1.16144,-0.43353,-0.51754,0.62676,-0.38907,0.69034,-0.34519,0.10657,
1403636666,7.72847,-4.52033,-1.15091,-0.43338,-0.51613,0.62763,-0.38970,0.65417,-0.31683,0.06035,
1403636666,7.79376,-4.55307,-1.14575,-0.43898,-0.51794,0.62426,-0.38644,0.64364,-0.29985,0.01523,
1403636666,7.85739,-4.58313,-1.14655,-0.43964,-0.51660,0.62383,-0.38817,0.62833,-0.26580,-0.05326,
1403636666,7.91893,-4.60833,-1.15144,-0.43606,-0.51415,0.62541,-0.39288,0.60060,-0.22042,-0.05565,
1403636667,7.97781,-4.63007,-1.15304,-0.43138,-0.51492,0.62754,-0.39366,0.56497,-0.16960,0.00525,
1403636667,8.03402,-4.64701,-1.14729,-0.42969,-0.52073,0.62788,-0.38726,0.54247,-0.12544,0.10003,
1403636667,8.08878,-4.66260,-1.13486,-0.42867,-0.52865,0.62751,-0.37816,0.52862,-0.10870,0.14319,
1403636667,8.14249,-4.67824,-1.12035,-0.42350,-0.53408,0.62980,-0.37250,0.52772,-0.12887,0.14153,
1403636667,8.19609,-4.69666,-1.10993,-0.40855,-0.53348,0.63917,-0.37411,0.51627,-0.15890,0.07172,
1403636667,8.24611,-4.71833,-1.10591,-0.39701,-0.52960,0.64653,-0.37936,0.46241,-0.21360,0.02652,
1403636667,8.28934,-4.74518,-1.10392,-0.40515,-0.52821,0.64088,-0.38226,0.39163,-0.27058,0.01524,
1403636667,8.32808,-4.77434,-1.10591,-0.42442,-0.52879,0.62741,-0.38288,0.36756,-0.27345,-0.03465,
1403636667,8.36613,-4.80264,-1.11245,-0.43758,-0.53115,0.61774,-0.38053,0.38287,-0.26386,-0.09667,
1403636667,8.40519,-4.82783,-1.12455,-0.44049,-0.53218,0.61528,-0.37971,0.39677,-0.23510,-0.14106,
1403636668,8.44727,-4.85004,-1.13863,-0.43573,-0.53577,0.61808,-0.37560,0.42531,-0.22092,-0.16029,
1403636668,8.49002,-4.87238,-1.15105,-0.42390,-0.53665,0.62618,-0.37444,0.43278,-0.23027,-0.09750,
1403636668,8.53319,-4.89449,-1.15347,-0.41590,-0.53510,0.63158,-0.37657,0.41689,-0.22967,-0.00190,
1403636668,8.57357,-4.91784,-1.14846,-0.41542,-0.53277,0.63237,-0.37907,0.40104,-0.23559,0.04784,
1403636668,8.61257,-4.94254,-1.14268,-0.41521,-0.53072,0.63343,-0.38040,0.37201,-0.22653,0.03492,
1403636668,8.64749,-4.97030,-1.14085,-0.41548,-0.53056,0.63398,-0.37942,0.34616,-0.25920,-0.01009,
1403636668,8.68107,-5.00092,-1.14647,-0.42042,-0.53151,0.63235,-0.37534,0.32912,-0.29046,-0.08759,
1403636668,8.71364,-5.03128,-1.15842,-0.42386,-0.53332,0.63198,-0.36948,0.32700,-0.31108,-0.14744,
1403636668,8.74515,-5.06464,-1.17603,-0.42630,-0.53430,0.63260,-0.36414,0.32397,-0.33372,-0.18499,
1403636668,8.77734,-5.09985,-1.19676,-0.42875,-0.53293,0.63290,-0.36276,0.33269,-0.35007,-0.21656,
1403636669,8.81242,-5.13782,-1.22016,-0.43251,-0.53080,0.63232,-0.36244,0.34987,-0.37114,-0.23644,
1403636669,8.84783,-5.17672,-1.24339,-0.43365,-0.52944,0.63326,-0.36142,0.36552,-0.38799,-0.23468,
1403636669,8.88486,-5.21686,-1.26756,-0.43737,-0.52997,0.63240,-0.35765,0.38333,-0.40998,-0.23689,
1403636669,8.92494,-5.25773,-1.29051,-0.44698,-0.53147,0.62690,-0.35320,0.41962,-0.41289,-0.20839,
1403636669,8.97254,-5.30127,-1.30852,-0.45758,-0.53341,0.61966,-0.34945,0.48656,-0.41812,-0.14316,
1403636669,9.02332,-5.34352,-1.31825,-0.45694,-0.52806,0.62037,-0.35707,0.56077,-0.39254,-0.07629,
1403636669,9.08217,-5.38282,-1.31936,-0.45433,-0.52147,0.62283,-0.36570,0.60325,-0.35347,-0.01751,
1403636669,9.14341,-5.42055,-1.32006,-0.45348,-0.51799,0.62430,-0.36919,0.62732,-0.32950,-0.05313,
1403636669,9.20617,-5.45465,-1.32477,-0.45438,-0.51727,0.62437,-0.36895,0.64733,-0.30560,-0.10314,
1403636669,9.27086,-5.48516,-1.33551,-0.45418,-0.51626,0.62485,-0.36980,0.66336,-0.28276,-0.14242,
1403636670,9.33782,-5.51569,-1.34949,-0.45711,-0.51402,0.62246,-0.37333,0.68171,-0.25987,-0.17306,
1403636670,9.40542,-5.53902,-1.36574,-0.46318,-0.51124,0.61740,-0.37804,0.70776,-0.20818,-0.16667,
1403636670,9.47675,-5.56039,-1.37857,-0.46925,-0.50782,0.61196,-0.38395,0.72689,-0.15942,-0.10435,
1403636670,9.55137,-5.57579,-1.38694,-0.46452,-0.50266,0.61410,-0.39300,0.76743,-0.08626,-0.06995,
1403636670,9.62762,-5.58110,-1.38942,-0.44379,-0.49271,0.62679,-0.40917,0.74751,0.01229,0.00574,
1403636670,9.69747,-5.57682,-1.38553,-0.42813,-0.48908,0.63692,-0.41454,0.65493,0.09027,0.07346,
1403636670,9.75836,-5.56315,-1.37490,-0.41806,-0.48842,0.64205,-0.41767,0.55630,0.14601,0.14261,
1403636670,9.80862,-5.54413,-1.36005,-0.41209,-0.48316,0.64101,-0.43111,0.44605,0.20919,0.16422,
1403636670,9.84715,-5.51759,-1.34809,-0.40626,-0.47723,0.63855,-0.44661,0.31611,0.29544,0.09830,
1403636670,9.87250,-5.48263,-1.34417,-0.39700,-0.47929,0.63674,-0.45523,0.17285,0.38259,0.03322,
1403636671,9.88217,-5.43867,-1.34027,-0.38460,-0.48599,0.63319,-0.46364,-0.00082,0.46869,0.07728,
1403636671,9.87214,-5.38648,-1.32953,-0.37316,-0.49764,0.62477,-0.47198,-0.20133,0.53972,0.16019,
1403636671,9.84166,-5.32805,-1.31120,-0.36393,-0.51195,0.61249,-0.47991,-0.40203,0.60463,0.22755,
1403636671,9.79219,-5.26446,-1.29029,-0.35200,-0.52516,0.59917,-0.49122,-0.57526,0.65573,0.21296,
1403636671,9.72576,-5.19600,-1.27227,-0.33482,-0.53578,0.58557,-0.50788,-0.76033,0.71106,0.18683,
1403636671,9.63939,-5.12216,-1.25116,-0.31706,-0.54675,0.56735,-0.52788,-0.99152,0.76967,0.27248,
1403636671,9.52838,-5.04259,-1.22013,0.30714,0.56673,-0.54301,0.53816,-1.24929,0.83707,0.35393,
1403636671,9.39293,-4.95881,-1.18298,0.29859,0.59085,-0.52012,0.53965,-1.47416,0.84983,0.43671,
1403636671,9.23656,-4.87142,-1.14294,0.29611,0.61832,-0.50068,0.52850,-1.66085,0.89008,0.42067,
1403636671,9.06688,-4.78355,-1.10340,0.30329,0.65145,-0.47799,0.50512,-1.74114,0.88930,0.39576,
1403636672,8.89496,-4.69814,-1.06942,0.30082,0.67945,-0.45976,0.48628,-1.73612,0.87099,0.33934,
1403636672,8.72550,-4.61636,-1.04155,0.29069,0.69893,-0.45050,0.47333,-1.70668,0.83099,0.25234,
1403636672,8.56144,-4.54143,-1.01809,0.28101,0.71164,-0.44696,0.46350,-1.64170,0.75459,0.21194,
1403636672,8.40416,-4.47547,-0.99860,0.27612,0.72017,-0.44496,0.45510,-1.56895,0.66202,0.16895,
1403636672,8.25470,-4.42075,-0.97895,0.27116,0.72702,-0.44704,0.44505,-1.47192,0.52313,0.22501,
1403636672,8.11531,-4.37860,-0.95148,0.27029,0.73478,-0.44873,0.43091,-1.35566,0.37991,0.31101,
1403636672,7.98831,-4.34957,-0.91426,0.28125,0.73965,-0.44288,0.42151,-1.21730,0.24873,0.39575,
1403636672,7.87745,-4.33395,-0.86865,0.29209,0.74082,-0.43791,0.41726,-1.03606,0.12926,0.44659,
1403636672,7.78232,-4.32746,-0.82304,0.30030,0.73999,-0.43498,0.41597,-0.87559,0.03290,0.40904,
1403636672,7.70368,-4.33070,-0.78397,0.31580,0.73796,-0.42501,0.41838,-0.71017,-0.03236,0.30727,
1403636673,7.63994,-4.33732,-0.75573,0.32734,0.72616,-0.41790,0.43692,-0.54900,-0.04856,0.17641,
1403636673,7.58753,-4.34598,-0.74386,0.32759,0.70902,-0.41810,0.46387,-0.43953,-0.05300,-0.01539,
1403636673,7.54095,-4.35573,-0.75188,0.32105,0.69885,-0.42303,0.47914,-0.38984,-0.03134,-0.22405,
1403636673,7.49821,-4.35895,-0.77635,0.30779,0.70146,-0.43017,0.47767,-0.34382,-0.00160,-0.28853,
1403636673,7.46238,-4.36194,-0.80063,0.30024,0.70744,-0.42509,0.47821,-0.28911,-0.00307,-0.20964,
1403636673,7.43219,-4.36487,-0.81738,0.29321,0.71586,-0.41302,0.48061,-0.22795,-0.00972,-0.13561,
1403636673,7.40888,-4.36764,-0.82811,0.28576,0.72575,-0.39991,0.48136,-0.16260,-0.02582,-0.07054,
1403636673,7.39183,-4.37161,-0.83109,0.27336,0.73861,-0.39368,0.47407,-0.11199,-0.01842,0.01454,
1403636673,7.38122,-4.37801,-0.82807,0.26282,0.75030,-0.38967,0.46491,-0.03751,-0.05704,0.07961,
1403636673,7.38030,-4.38926,-0.82002,0.25734,0.75578,-0.38565,0.46243,0.06152,-0.12161,0.08538,
1403636674,7.38909,-4.40661,-0.81574,0.25566,0.75658,-0.38169,0.46534,0.14915,-0.17237,0.03328,
1403636674,7.40805,-4.42839,-0.81498,0.25874,0.75300,-0.37612,0.47390,0.23355,-0.21852,0.00200,
1403636674,7.43470,-4.45458,-0.81888,0.26340,0.74646,-0.37027,0.48612,0.31063,-0.23730,-0.02840,
1403636674,7.46678,-4.47947,-0.82241,0.26834,0.73958,-0.36459,0.49808,0.34414,-0.19183,-0.01648,
1403636674,7.50381,-4.50137,-0.82397,0.27125,0.73918,-0.36132,0.49948,0.39693,-0.17391,0.01607,
1403636674,7.54794,-4.52261,-0.82320,0.26999,0.73969,-0.36202,0.49891,0.45898,-0.17278,0.00612,
1403636674,7.59520,-4.54098,-0.82410,0.26806,0.73945,-0.36341,0.49929,0.51066,-0.14808,-0.04326,
1403636674,7.64544,-4.55740,-0.83091,0.26697,0.73703,-0.36435,0.50275,0.54098,-0.12611,-0.11223,
1403636674,7.70026,-4.57374,-0.84675,0.26010,0.73190,-0.36948,0.51006,0.55731,-0.09251,-0.19154,
1403636674,7.75606,-4.58402,-0.86702,0.24714,0.72894,-0.37439,0.51710,0.57106,-0.07767,-0.24255,
1403636675,7.81196,-4.59681,-0.89530,0.23493,0.72838,-0.37129,0.52575,0.55235,-0.08432,-0.29953,
1403636675,7.86554,-4.61005,-0.92727,0.22810,0.73109,-0.36333,0.53054,0.51185,-0.09676,-0.35374,
1403636675,7.91543,-4.62367,-0.96281,0.22349,0.73454,-0.35583,0.53281,0.47181,-0.10648,-0.39511,
1403636675,7.96220,-4.63869,-1.00166,0.21384,0.74362,-0.35419,0.52522,0.43289,-0.13032,-0.38902,
1403636675,8.00641,-4.65741,-1.03554,0.20504,0.75297,-0.35474,0.51492,0.42146,-0.18404,-0.31496,
1403636675,8.05026,-4.68274,-1.06103,0.19918,0.76013,-0.35563,0.50602,0.42840,-0.25586,-0.20198,
1403636675,8.09579,-4.71554,-1.07648,0.20076,0.76590,-0.35330,0.49827,0.44979,-0.35133,-0.09387,
1403636675,8.14645,-4.75735,-1.08310,0.21255,0.77149,-0.34430,0.49100,0.52200,-0.44676,-0.00710,
1403636675,8.20332,-4.80455,-1.08335,0.22350,0.77362,-0.33705,0.48780,0.60249,-0.49239,0.05627,
1403636675,8.27177,-4.85706,-1.07833,0.23277,0.76877,-0.32793,0.49726,0.70630,-0.50422,0.08986,
1403636676,8.34759,-4.90852,-1.07539,0.23582,0.76514,-0.31595,0.50905,0.77293,-0.49133,0.01582,
1403636676,8.42780,-4.95642,-1.07825,0.23894,0.76341,-0.30201,0.51856,0.81843,-0.44501,-0.04688,
1403636676,8.51084,-4.99842,-1.08678,0.23533,0.76299,-0.29035,0.52742,0.84944,-0.37945,-0.10843,
1403636676,8.59633,-5.03301,-1.10058,0.21953,0.76037,-0.28285,0.54189,0.87011,-0.30714,-0.17140,
1403636676,8.68119,-5.06198,-1.12103,0.19066,0.75927,-0.28083,0.55524,0.83915,-0.25829,-0.24463,
1403636676,8.76150,-5.08836,-1.14664,0.16436,0.76483,-0.27421,0.55931,0.78740,-0.25190,-0.28798,
1403636676,8.83687,-5.11606,-1.17457,0.15213,0.77428,-0.25721,0.55785,0.73651,-0.27615,-0.30149,
1403636676,8.90927,-5.14444,-1.20321,0.15249,0.78532,-0.22969,0.55431,0.71585,-0.27718,-0.32161,
1403636676,8.98202,-5.17310,-1.23382,0.15314,0.79723,-0.19945,0.54881,0.72537,-0.25023,-0.32084,
1403636676,9.05703,-5.19773,-1.25976,0.15165,0.80497,-0.16955,0.54797,0.75333,-0.19994,-0.24848,
1403636677,9.13513,-5.21626,-1.27804,0.13680,0.81094,-0.14982,0.54883,0.77879,-0.12034,-0.17934,
1403636677,9.21826,-5.22921,-1.28824,0.11483,0.81245,-0.13882,0.55450,0.83483,-0.09049,-0.08563,
1403636677,9.30474,-5.23887,-1.29048,0.09744,0.81183,-0.13283,0.56017,0.84509,-0.06843,-0.00642,
1403636677,9.39231,-5.24697,-1.28612,0.08346,0.81076,-0.13051,0.56451,0.85268,-0.06264,0.07410,
1403636677,9.47901,-5.25435,-1.27744,0.07192,0.81069,-0.12858,0.56664,0.81073,-0.06854,0.07276,
1403636677,9.56301,-5.26338,-1.27682,0.06902,0.81039,-0.12565,0.56808,0.79561,-0.08788,-0.06043,
1403636677,9.64780,-5.27359,-1.29085,0.07758,0.81084,-0.11852,0.56787,0.78731,-0.09777,-0.21540,
1403636677,9.72886,-5.28357,-1.31672,0.08512,0.81042,-0.11354,0.56841,0.77363,-0.07461,-0.29393,
1403636677,9.81412,-5.29044,-1.34393,0.08792,0.80690,-0.10834,0.57397,0.77707,-0.03024,-0.25727,
1403636677,9.89289,-5.29269,-1.36319,0.08582,0.80082,-0.09849,0.58448,0.75661,0.01720,-0.16396,
1403636678,9.97582,-5.29113,-1.37378,0.07703,0.79515,-0.08861,0.59494,0.71180,0.06671,-0.09495,
1403636678,10.04959,-5.28472,-1.37742,0.06252,0.79363,-0.07804,0.60013,0.65195,0.10081,-0.02589,
1403636678,10.11605,-5.27439,-1.37483,0.04353,0.79609,-0.06726,0.59985,0.57501,0.13431,0.03053,
1403636678,10.17516,-5.26192,-1.36848,0.02144,0.80273,-0.05507,0.59341,0.50663,0.14276,0.06771,
1403636678,10.22793,-5.24937,-1.36017,-0.00501,0.81066,-0.04239,0.58396,0.46789,0.11288,0.10849,
1403636678,10.27812,-5.24059,-1.34908,-0.02406,0.81605,-0.02374,0.57699,0.44514,0.05828,0.10993,
1403636678,10.32642,-5.23855,-1.34000,-0.03211,0.81675,-0.00167,0.57609,0.43905,-0.00561,0.05952,
1403636678,10.37402,-5.24069,-1.33688,-0.03184,0.81640,0.01912,0.57629,0.43192,-0.04368,-0.00390,
1403636678,10.41902,-5.24358,-1.33697,-0.03444,0.81550,0.03677,0.57656,0.41374,-0.03971,0.01253,
1403636678,10.46301,-5.24580,-1.33341,-0.04561,0.81510,0.05014,0.57535,0.40780,-0.03900,0.07528,
1403636679,10.50526,-5.24812,-1.32397,-0.05533,0.81506,0.06564,0.57298,0.40119,-0.03186,0.13496,
1403636679,10.54531,-5.25017,-1.30795,-0.06736,0.81302,0.08290,0.57236,0.37205,-0.02376,0.18041,
1403636679,10.58364,-5.25243,-1.29205,-0.07289,0.80943,0.10873,0.57244,0.35862,-0.01550,0.13868,
1403636679,10.62105,-5.25254,-1.28061,-0.07411,0.80509,0.14001,0.57161,0.34175,0.01077,0.05918,
1403636679,10.65663,-5.24910,-1.27795,-0.07380,0.80070,0.16806,0.57025,0.31139,0.06565,-0.01461,
1403636679,10.68930,-5.23937,-1.27925,-0.08232,0.79673,0.18795,0.56844,0.27687,0.14212,-0.05184,
1403636679,10.71885,-5.22274,-1.28570,-0.09981,0.79146,0.20225,0.56809,0.23835,0.20634,-0.11174,
1403636679,10.74367,-5.20029,-1.29612,-0.12759,0.78521,0.21122,0.56793,0.19373,0.25778,-0.12123,
1403636679,10.76484,-5.17447,-1.30387,-0.15568,0.77871,0.22177,0.56585,0.15259,0.26724,-0.05802,
1403636679,10.78284,-5.14903,-1.30472,-0.17658,0.77231,0.23841,0.56171,0.13541,0.24897,0.00385,
1403636680,10.79666,-5.12632,-1.29879,-0.19267,0.76670,0.25692,0.55592,0.10780,0.21524,0.08859,
1403636680,10.80824,-5.10671,-1.28678,-0.20394,0.76299,0.27182,0.54988,0.08083,0.17187,0.14690,
1403636680,10.81782,-5.09154,-1.26927,-0.21032,0.76170,0.28323,0.54347,0.05427,0.12402,0.20663,
1403636680,10.82485,-5.08071,-1.24330,-0.21282,0.75690,0.29149,0.54483,0.05099,0.09900,0.29671,
1403636680,10.83193,-5.07015,-1.20927,-0.21192,0.74937,0.29730,0.55240,0.03813,0.09689,0.35677,
1403636680,10.83527,-5.06020,-1.17077,-0.20385,0.74569,0.30418,0.55665,-0.00970,0.07649,0.41910,
1403636680,10.83117,-5.05167,-1.12892,-0.19019,0.74143,0.31267,0.56244,-0.08925,0.08326,0.41565,
1403636680,10.81847,-5.04131,-1.09138,-0.18655,0.74100,0.31335,0.56385,-0.18425,0.11725,0.35810,
1403636680,10.79793,-5.02920,-1.05925,-0.18374,0.73906,0.31278,0.56763,-0.26355,0.12971,0.27043,
1403636680,10.76868,-5.01405,-1.03505,-0.17149,0.74103,0.31755,0.56624,-0.35488,0.16629,0.20100,
1403636681,10.73141,-4.99375,-1.01657,-0.16383,0.74427,0.31897,0.56346,-0.43769,0.22737,0.15003,
1403636681,10.68305,-4.96739,-1.00372,-0.16624,0.74771,0.31412,0.56092,-0.52977,0.29624,0.10038,
1403636681,10.62926,-4.93539,-0.99486,-0.16969,0.75112,0.30904,0.55813,-0.60168,0.35816,0.05011,
1403636681,10.56633,-4.89799,-0.98967,-0.18335,0.75792,0.29753,0.55083,-0.65285,0.40133,0.02862,
1403636681,10.50244,-4.85866,-0.98855,-0.20013,0.76661,0.28422,0.53989,-0.66712,0.40262,-0.03131,
1403636681,10.43845,-4.81947,-0.99422,-0.20352,0.77700,0.28069,0.52542,-0.63879,0.39823,-0.09518,
1403636681,10.37706,-4.78010,-1.00524,-0.19877,0.78433,0.28341,0.51477,-0.58443,0.40116,-0.11130,
1403636681,10.32191,-4.73725,-1.01631,-0.19389,0.78021,0.28683,0.52097,-0.52014,0.43446,-0.07824,
1403636681,10.27113,-4.69093,-1.02496,-0.19263,0.77039,0.28867,0.53485,-0.50066,0.46073,-0.04329,
1403636681,10.22038,-4.64438,-1.02640,-0.19613,0.76376,0.28710,0.54386,-0.51731,0.47462,0.01445,
1403636682,10.16945,-4.59709,-1.02385,-0.20085,0.76108,0.28513,0.54691,-0.53115,0.46702,0.06549,
1403636682,10.11674,-4.55136,-1.01923,-0.19977,0.75993,0.28796,0.54742,-0.54151,0.44948,0.03612,
1403636682,10.06254,-4.50751,-1.01885,-0.19887,0.75844,0.29087,0.54829,-0.56012,0.44736,-0.01120,
1403636682,10.00604,-4.46385,-1.02236,-0.19913,0.75693,0.29283,0.54923,-0.58652,0.45519,-0.03987,
1403636682,9.94774,-4.41704,-1.02283,-0.20118,0.75557,0.29337,0.55008,-0.60828,0.45935,0.01652,
1403636682,9.88770,-4.36987,-1.01652,-0.20430,0.75553,0.29321,0.54906,-0.62857,0.46520,0.10111,
1403636682,9.82596,-4.32326,-1.00226,-0.20730,0.75576,0.29258,0.54796,-0.66003,0.43926,0.17105,
1403636682,9.76133,-4.27996,-0.98639,-0.20888,0.75771,0.29259,0.54464,-0.66979,0.42220,0.15167,
1403636682,9.69648,-4.23677,-0.97458,-0.20815,0.76365,0.29293,0.53637,-0.66801,0.41524,0.07884,
1403636682,9.63248,-4.19374,-0.96838,-0.20670,0.76926,0.29299,0.52884,-0.63425,0.42778,0.05495,
1403636683,9.57150,-4.15065,-0.96532,-0.20585,0.76604,0.29185,0.53444,-0.61281,0.42645,0.01975,
1403636683,9.51156,-4.10727,-0.96630,-0.20399,0.76116,0.29139,0.54232,-0.60561,0.43112,-0.02042,
1403636683,9.45005,-4.06478,-0.96969,-0.20460,0.75838,0.28897,0.54727,-0.62487,0.43373,-0.02173,
1403636683,9.38984,-4.02208,-0.96917,-0.20615,0.75645,0.28558,0.55111,-0.62982,0.42391,0.03697,
1403636683,9.32500,-3.98090,-0.96164,-0.20154,0.75517,0.28655,0.55407,-0.65053,0.40363,0.09065,
1403636683,9.26034,-3.94057,-0.95089,-0.19613,0.75443,0.28944,0.55551,-0.68775,0.40324,0.12938,
1403636683,9.19015,-3.90002,-0.93991,-0.19635,0.75442,0.28926,0.55554,-0.71798,0.40792,0.06893,
1403636683,9.11873,-3.85955,-0.93683,-0.19975,0.75613,0.28810,0.55261,-0.74575,0.40848,0.00521,
1403636683,9.04429,-3.81847,-0.93712,-0.20276,0.75704,0.28767,0.55047,-0.76885,0.41029,-0.04145,
1403636683,8.96960,-3.77922,-0.94332,-0.20538,0.75737,0.28801,0.54887,-0.77754,0.40179,-0.07428,
1403636684,8.89486,-3.73992,-0.95214,-0.20712,0.75749,0.28893,0.54757,-0.77022,0.39424,-0.11180,
1403636684,8.81945,-3.70236,-0.96451,-0.20794,0.75820,0.28982,0.54580,-0.77952,0.37811,-0.14846,
1403636684,8.74285,-3.66543,-0.97963,-0.20829,0.76083,0.29107,0.54133,-0.77642,0.37308,-0.15061,
1403636684,8.66634,-3.62891,-0.99045,-0.20843,0.76402,0.29231,0.53609,-0.77993,0.36079,-0.07421,
1403636684,8.59080,-3.59165,-0.99474,-0.20894,0.76526,0.29385,0.53327,-0.73620,0.37382,-0.00304,
1403636684,8.51861,-3.55403,-0.99097,-0.21133,0.76395,0.29361,0.53433,-0.70737,0.38254,0.08445,
1403636684,8.44839,-3.51645,-0.97858,-0.21283,0.76128,0.29460,0.53700,-0.71194,0.36061,0.15738,
1403636684,8.37804,-3.48073,-0.96095,-0.21484,0.75938,0.29553,0.53838,-0.70186,0.35601,0.21601,
1403636684,8.30711,-3.44622,-0.93857,-0.21682,0.75675,0.29622,0.54090,-0.70813,0.33906,0.22496,
1403636684,8.23589,-3.41364,-0.92044,-0.21838,0.75455,0.29671,0.54308,-0.71200,0.31808,0.15323,
1403636685,8.16525,-3.38279,-0.91023,-0.22278,0.75423,0.29503,0.54265,-0.71536,0.30094,0.08991,
1403636685,8.09558,-3.35467,-0.90632,-0.22660,0.75358,0.29307,0.54303,-0.71350,0.26497,0.02853,
1403636685,8.02628,-3.33013,-0.90850,-0.22831,0.75264,0.29267,0.54383,-0.71069,0.22862,-0.03035,
1403636685,7.95667,-3.30938,-0.91627,-0.22825,0.75199,0.29288,0.54465,-0.71335,0.19363,-0.09824,
1403636685,7.88615,-3.29205,-0.92887,-0.22461,0.75108,0.29542,0.54604,-0.72026,0.14525,-0.13491,
1403636685,7.81698,-3.27796,-0.94272,-0.21582,0.75084,0.30077,0.54700,-0.72481,0.11725,-0.10233,
1403636685,7.74409,-3.26480,-0.94869,-0.21162,0.75216,0.30225,0.54599,-0.73974,0.12185,-0.01804,
1403636685,7.67271,-3.25109,-0.94897,-0.20788,0.75537,0.30229,0.54298,-0.76803,0.10130,0.03629,
1403636685,7.59683,-3.23973,-0.94249,-0.20143,0.75727,0.30376,0.54194,-0.76865,0.12153,0.10133,
1403636685,7.52392,-3.22274,-0.93292,-0.19902,0.75818,0.30233,0.54236,-0.77282,0.14938,0.09347,
1403636686,7.44672,-3.20637,-0.92656,-0.20099,0.75969,0.29877,0.54149,-0.78032,0.16522,0.03103,
1403636686,7.37445,-3.18715,-0.92600,-0.20299,0.76107,0.29558,0.54056,-0.77879,0.18248,-0.02668,
1403636686,7.29610,-3.16930,-0.93078,-0.20138,0.76008,0.29565,0.54251,-0.78573,0.18794,-0.08123,
1403636686,7.22276,-3.14963,-0.94123,-0.19885,0.75853,0.29699,0.54488,-0.78584,0.19975,-0.11699,
1403636686,7.14361,-3.12839,-0.95568,-0.19820,0.75784,0.29725,0.54593,-0.80713,0.22119,-0.16319,
1403636686,7.06694,-3.10880,-0.97272,-0.20281,0.76044,0.29461,0.54204,-0.81711,0.21258,-0.15128,
1403636686,6.98797,-3.08728,-0.98522,-0.20673,0.76370,0.29249,0.53710,-0.79507,0.22578,-0.06237,
1403636686,6.91610,-3.06803,-0.98881,-0.20781,0.76438,0.29155,0.53623,-0.77927,0.21544,0.00045,
1403636686,6.84315,-3.04799,-0.98537,-0.20890,0.76620,0.29031,0.53387,-0.75890,0.21730,0.06747,
1403636686,6.77037,-3.02683,-0.97785,-0.20876,0.76742,0.29017,0.53224,-0.72773,0.21222,0.08377,
1403636687,6.70387,-3.00689,-0.97366,-0.20944,0.76920,0.29008,0.52945,-0.69302,0.21030,0.02098,
1403636687,6.63529,-2.98450,-0.97427,-0.20789,0.76902,0.29172,0.52942,-0.67349,0.22141,-0.04223,
1403636687,6.57598,-2.96362,-0.98061,-0.20803,0.76855,0.29215,0.52982,-0.64427,0.22626,-0.07927,
1403636687,6.51306,-2.94154,-0.98720,-0.20946,0.76652,0.29178,0.53239,-0.61602,0.23211,-0.04006,
1403636687,6.45785,-2.91951,-0.98964,-0.21240,0.76504,0.29075,0.53393,-0.60234,0.21749,0.03016,
1403636687,6.40064,-2.89675,-0.98490,-0.21422,0.76382,0.29030,0.53517,-0.56999,0.22228,0.09761,
1403636687,6.34819,-2.87651,-0.97531,-0.21552,0.76360,0.28980,0.53524,-0.55833,0.20810,0.14349,
1403636687,6.29312,-2.85690,-0.96274,-0.21597,0.76235,0.29012,0.53667,-0.54169,0.19114,0.12061,
1403636687,6.24232,-2.83821,-0.95651,-0.21623,0.76126,0.29083,0.53772,-0.53001,0.18003,0.05466,
1403636687,6.18964,-2.82176,-0.95389,-0.21573,0.75913,0.29176,0.54042,-0.52272,0.16767,-0.00801,
1403636688,6.14141,-2.80503,-0.96012,-0.21603,0.75811,0.29193,0.54164,-0.51726,0.15857,-0.07904,
1403636688,6.08923,-2.79093,-0.97014,-0.21874,0.75774,0.29095,0.54160,-0.52108,0.14619,-0.14711,
1403636688,6.04067,-2.77923,-0.98818,-0.22164,0.75682,0.29020,0.54211,-0.52035,0.12099,-0.22375,
1403636688,5.99044,-2.76849,-1.01181,-0.22169,0.75699,0.29099,0.54143,-0.50492,0.10306,-0.27307,
1403636688,5.94390,-2.75907,-1.04203,-0.22065,0.75700,0.29217,0.54121,-0.49705,0.08566,-0.30805,
1403636688,5.89518,-2.75039,-1.07653,-0.21696,0.75616,0.29491,0.54238,-0.49504,0.07629,-0.35152,
1403636688,5.84830,-2.74310,-1.11055,-0.21154,0.75499,0.29905,0.54389,-0.50611,0.06289,-0.31300,
1403636688,5.79789,-2.73528,-1.13868,-0.21071,0.75525,0.29972,0.54348,-0.51638,0.07769,-0.24149,
1403636688,5.74791,-2.72692,-1.15856,-0.21405,0.75602,0.29769,0.54221,-0.52983,0.07932,-0.18823,
1403636688,5.69709,-2.71995,-1.17596,-0.21634,0.75745,0.29659,0.53991,-0.52596,0.06875,-0.19179,
1403636689,5.64618,-2.71204,-1.19887,-0.21238,0.75688,0.29931,0.54078,-0.53109,0.06556,-0.23552,
1403636689,5.59381,-2.70419,-1.22558,-0.20441,0.75573,0.30498,0.54229,-0.53869,0.08452,-0.27918,
1403636689,5.53936,-2.69389,-1.25643,-0.20124,0.75464,0.30822,0.54316,-0.55088,0.11071,-0.31604,
1403636689,5.48479,-2.68133,-1.28879,-0.20270,0.75464,0.30965,0.54180,-0.55708,0.14752,-0.27713,
1403636689,5.42765,-2.66652,-1.31419,-0.20667,0.75473,0.31346,0.53798,-0.59150,0.17192,-0.22369,
1403636689,5.37037,-2.64792,-1.33196,-0.21349,0.75543,0.31637,0.53260,-0.58623,0.20638,-0.11884,
1403636689,5.31214,-2.62657,-1.34195,-0.22124,0.75589,0.31889,0.52725,-0.57258,0.22958,-0.05033,
1403636689,5.25580,-2.60353,-1.34445,-0.22625,0.75646,0.32240,0.52215,-0.56871,0.21957,0.02030,
1403636689,5.20174,-2.58039,-1.33965,-0.23009,0.75649,0.32552,0.51849,-0.52949,0.24038,0.09608,
1403636689,5.15201,-2.55435,-1.32710,-0.23214,0.75503,0.32837,0.51789,-0.49940,0.25210,0.18378,
1403636690,5.10492,-2.52835,-1.30658,-0.23418,0.75456,0.32977,0.51677,-0.48099,0.24804,0.25693,
1403636690,5.06018,-2.50262,-1.28002,-0.23552,0.75673,0.33050,0.51249,-0.45901,0.23652,0.29697,
1403636690,5.02029,-2.47573,-1.25400,-0.23906,0.76151,0.32848,0.50502,-0.40543,0.25905,0.24290,
1403636690,4.98714,-2.44662,-1.23336,-0.24406,0.76722,0.32394,0.49686,-0.32385,0.28366,0.20340,
1403636690,4.96207,-2.41553,-1.21530,-0.25216,0.76835,0.31681,0.49567,-0.23402,0.29622,0.16780,
1403636690,4.94635,-2.38413,-1.20088,-0.25546,0.76756,0.31225,0.49808,-0.13704,0.28693,0.12926,
1403636690,4.93899,-2.35376,-1.19225,-0.24898,0.76744,0.31497,0.49984,-0.05573,0.27195,0.07967,
1403636690,4.93817,-2.32419,-1.18457,-0.23863,0.76674,0.32040,0.50251,0.02743,0.28885,0.12195,
1403636690,4.94350,-2.29451,-1.16915,-0.23430,0.76559,0.32252,0.50493,0.09087,0.31437,0.18774,
1403636690,4.95399,-2.26251,-1.14949,-0.23181,0.76500,0.32302,0.50665,0.12745,0.32411,0.20303,
1403636691,4.96920,-2.23047,-1.12914,-0.23681,0.76438,0.31928,0.50765,0.17076,0.33964,0.17643,
1403636691,4.98905,-2.19697,-1.11375,-0.24512,0.76570,0.31262,0.50586,0.21828,0.33279,0.11205,
1403636691,5.01443,-2.16439,-1.10403,-0.25788,0.76575,0.30292,0.50533,0.27396,0.31519,0.02707,
1403636691,5.04528,-2.13546,-1.10876,-0.27365,0.76512,0.29091,0.50506,0.34173,0.25336,-0.12469,
1403636691,5.08293,-2.11348,-1.12436,-0.28444,0.75971,0.28292,0.51176,0.41671,0.17264,-0.16704,
1403636691,5.12823,-2.10168,-1.13814,-0.29512,0.74990,0.27536,0.52415,0.50054,0.05017,-0.10027,
1403636691,5.17923,-2.10408,-1.14551,-0.29926,0.74085,0.27356,0.53549,0.53061,-0.12862,-0.01477,
1403636691,5.23318,-2.12266,-1.14403,-0.29194,0.73130,0.28009,0.54911,0.54551,-0.29130,0.06149,
1403636691,5.28493,-2.15746,-1.13625,-0.27476,0.72418,0.29392,0.56007,0.48818,-0.45307,0.11213,
1403636691,5.33331,-2.20241,-1.12400,-0.26256,0.72665,0.30551,0.55652,0.45180,-0.51573,0.15746,
1403636692,5.37903,-2.25350,-1.10495,-0.25684,0.73591,0.31298,0.54270,0.41998,-0.56629,0.25843,
1403636692,5.42280,-2.30981,-1.07446,-0.25378,0.74051,0.31841,0.53466,0.42092,-0.58958,0.35448,
1403636692,5.46641,-2.36955,-1.04008,-0.24269,0.74158,0.32797,0.53254,0.41872,-0.60746,0.35601,
1403636692,5.50742,-2.43040,-1.01027,-0.23731,0.74112,0.33296,0.53251,0.38299,-0.60160,0.27029,
1403636692,5.54488,-2.49149,-0.98903,-0.24056,0.74218,0.33119,0.53067,0.36110,-0.60233,0.19917,
1403636692,5.58173,-2.55367,-0.96987,-0.24767,0.73826,0.32656,0.53571,0.34974,-0.60653,0.17248,
1403636692,5.61712,-2.61610,-0.95272,-0.24780,0.73860,0.32624,0.53537,0.33708,-0.63149,0.18686,
1403636692,5.65071,-2.67999,-0.92927,-0.24019,0.73822,0.33095,0.53649,0.30913,-0.63598,0.25075,
1403636692,5.67959,-2.74459,-0.89857,-0.23879,0.73976,0.33136,0.53472,0.25400,-0.64691,0.33985,
1403636692,5.70507,-2.81161,-0.85980,-0.23998,0.74184,0.33006,0.53211,0.24525,-0.63622,0.40388,
1403636693,5.73013,-2.87500,-0.81560,-0.23337,0.74145,0.33365,0.53336,0.22663,-0.62951,0.46339,
1403636693,5.75368,-2.93563,-0.76539,-0.23355,0.74211,0.33272,0.53294,0.20298,-0.60106,0.53287,
1403636693,5.77466,-2.99556,-0.71135,-0.23061,0.74371,0.33325,0.53165,0.18582,-0.59759,0.51064,
1403636693,5.79238,-3.05439,-0.65992,-0.21413,0.74486,0.34302,0.53072,0.16775,-0.56415,0.46795,
1403636693,5.80796,-3.10707,-0.61503,-0.20311,0.74513,0.35001,0.53011,0.12331,-0.49039,0.41496,
1403636693,5.81968,-3.15151,-0.57530,-0.20562,0.74752,0.34859,0.52670,0.08518,-0.40412,0.37608,
1403636693,5.82834,-3.18892,-0.53918,-0.21318,0.74723,0.34420,0.52701,0.06082,-0.33288,0.32783,
1403636693,5.83383,-3.22282,-0.50986,-0.21881,0.74828,0.34161,0.52489,0.04170,-0.29065,0.24919,
1403636693,5.83937,-3.25196,-0.48732,-0.22284,0.75360,0.34020,0.51642,0.03517,-0.25489,0.18403,
1403636693,5.84456,-3.27644,-0.46922,-0.22652,0.75859,0.33890,0.50831,0.04861,-0.21007,0.15188,
1403636694,5.85283,-3.29683,-0.45454,-0.22769,0.76484,0.33886,0.49834,0.08578,-0.17134,0.11111,
1403636694,5.86449,-3.31088,-0.44491,-0.22579,0.77056,0.34078,0.48901,0.14338,-0.11538,0.08914,
1403636694,5.88300,-3.32004,-0.43462,-0.22630,0.77121,0.34122,0.48743,0.20612,-0.03989,0.08932,
1403636694,5.90686,-3.32274,-0.42511,-0.22929,0.76482,0.34045,0.49656,0.26277,0.01028,0.06704,
1403636694,5.93386,-3.31985,-0.41934,-0.23547,0.75651,0.33704,0.50857,0.29775,0.05037,0.04782,
1403636694,5.96351,-3.31411,-0.41420,-0.24083,0.74757,0.33428,0.52096,0.30423,0.07421,0.02137,
1403636694,5.99292,-3.31024,-0.41204,-0.24402,0.74222,0.33301,0.52789,0.27977,0.05831,0.00841,
1403636694,6.01996,-3.30701,-0.40792,-0.24564,0.73931,0.33247,0.53155,0.26329,0.03013,0.04748,
1403636694,6.04515,-3.30524,-0.39982,-0.24473,0.74002,0.33414,0.52992,0.24452,0.02514,0.10817,
1403636694,6.06993,-3.30307,-0.38795,-0.24401,0.74343,0.33497,0.52494,0.23507,0.02140,0.11521,
1403636695,6.09368,-3.30028,-0.37740,-0.24150,0.74555,0.33606,0.52239,0.23649,0.02691,0.08204,
1403636695,6.11687,-3.29677,-0.37152,-0.24048,0.74667,0.33627,0.52113,0.23678,0.03331,0.02069,
1403636695,6.14046,-3.29374,-0.37140,-0.23946,0.74610,0.33629,0.52241,0.23121,0.04056,-0.03182,
1403636695,6.16265,-3.29029,-0.37663,-0.24187,0.74474,0.33302,0.52532,0.21944,0.03882,-0.08579,
1403636695,6.18520,-3.28761,-0.38758,-0.25020,0.74742,0.32619,0.52189,0.22343,0.02352,-0.13458,
1403636695,6.20918,-3.28690,-0.39909,-0.25484,0.74988,0.32184,0.51880,0.24179,-0.00670,-0.14000,
1403636695,6.23436,-3.28855,-0.40917,-0.24949,0.75001,0.32399,0.51987,0.25558,-0.03111,-0.08070,
1403636695,6.26175,-3.29131,-0.41180,-0.24438,0.74964,0.32553,0.52187,0.26569,-0.04909,-0.00391,
1403636695,6.28868,-3.29411,-0.40895,-0.23953,0.74836,0.32688,0.52510,0.25914,-0.06045,0.06879,
1403636695,6.31551,-3.29752,-0.39927,-0.23694,0.74797,0.32690,0.52682,0.25593,-0.05036,0.12249,
1403636696,6.34120,-3.30104,-0.38712,-0.23348,0.74691,0.32792,0.52922,0.24366,-0.05157,0.11385,
1403636696,6.36607,-3.30404,-0.37763,-0.23044,0.74569,0.32878,0.53174,0.22516,-0.04567,0.06096,
1403636696,6.38800,-3.30608,-0.37419,-0.22732,0.74482,0.32964,0.53377,0.19348,-0.02770,-0.00294,
1403636696,6.40808,-3.30662,-0.37558,-0.22916,0.74657,0.32734,0.53194,0.17173,-0.02696,-0.04521,
1403636696,6.42602,-3.30863,-0.38107,-0.22919,0.74763,0.32634,0.53105,0.14875,-0.01937,-0.08670,
1403636696,6.44295,-3.30992,-0.39026,-0.23008,0.75101,0.32487,0.52678,0.13950,-0.01496,-0.12777,
1403636696,6.45913,-3.31042,-0.40287,-0.22549,0.75498,0.32679,0.52189,0.15051,-0.00303,-0.14454,
1403636696,6.47481,-3.30807,-0.41778,-0.21944,0.75589,0.32998,0.52114,0.13794,0.01612,-0.16679,
1403636696,6.48863,-3.30399,-0.43392,-0.22007,0.75228,0.32915,0.52660,0.12184,0.05072,-0.17296,
1403636696,6.50224,-3.29608,-0.44751,-0.22739,0.74416,0.32330,0.53851,0.10421,0.06486,-0.12323,
1403636697,6.51229,-3.29007,-0.45804,-0.23246,0.74148,0.31878,0.54272,0.06985,0.04270,-0.09396,
1403636697,6.51778,-3.28736,-0.46413,-0.23295,0.74301,0.31776,0.54102,0.01213,0.00375,-0.02956,
1403636697,6.52115,-3.28742,-0.46415,-0.23383,0.74481,0.31681,0.53871,-0.00780,-0.01970,0.00580,
1403636697,6.52324,-3.28810,-0.46532,-0.23223,0.74604,0.31758,0.53725,-0.02303,-0.03988,-0.05218,
1403636697,6.52312,-3.29012,-0.47102,-0.22966,0.74629,0.31942,0.53692,-0.03455,-0.04502,-0.09647,
1403636697,6.52053,-3.29233,-0.47995,-0.21850,0.74351,0.32698,0.54087,-0.05860,-0.03427,-0.11001,
1403636697,6.51352,-3.29316,-0.48787,-0.20674,0.74074,0.33452,0.54467,-0.10342,-0.01398,-0.05019,
1403636697,6.50080,-3.29002,-0.48882,-0.19963,0.73829,0.33895,0.54790,-0.17824,0.04446,0.03733,
1403636697,6.47914,-3.28193,-0.48216,-0.20032,0.73986,0.33814,0.54602,-0.26513,0.10653,0.09402,
1403636697,6.45157,-3.27000,-0.46705,-0.20960,0.74576,0.33142,0.53858,-0.31410,0.15063,0.16824,
1403636698,6.42047,-3.25514,-0.44413,-0.21601,0.75112,0.32659,0.53150,-0.33669,0.16878,0.26057,
1403636698,6.38796,-3.23855,-0.41553,-0.21390,0.75411,0.32147,0.53124,-0.32879,0.18187,0.27987,
1403636698,6.35552,-3.22205,-0.39055,-0.20548,0.75871,0.31021,0.53471,-0.33922,0.17988,0.21416,
1403636698,6.32204,-3.20415,-0.37259,-0.19256,0.76577,0.29399,0.53859,-0.34761,0.19256,0.14980,
1403636698,6.28707,-3.18491,-0.36009,-0.18274,0.77162,0.27752,0.54240,-0.36378,0.21871,0.09712,
1403636698,6.24986,-3.16230,-0.35312,-0.17597,0.77648,0.26355,0.54465,-0.37536,0.24287,0.03683,
1403636698,6.21290,-3.13712,-0.35048,-0.17117,0.77933,0.25380,0.54674,-0.37943,0.26719,-0.00671,
1403636698,6.17613,-3.10908,-0.35215,-0.16795,0.78145,0.24588,0.54834,-0.37434,0.27781,-0.05192,
1403636698,6.13861,-3.08119,-0.35982,-0.16088,0.78457,0.23638,0.55018,-0.37034,0.28378,-0.08891,
1403636698,6.10169,-3.05335,-0.37049,-0.15060,0.78834,0.22337,0.55313,-0.36780,0.28127,-0.12369,
1403636699,6.06573,-3.02471,-0.38499,-0.13805,0.79358,0.20779,0.55497,-0.36303,0.28981,-0.15859,
1403636699,6.03021,-2.99351,-0.40255,-0.12487,0.79859,0.18855,0.55778,-0.35308,0.30190,-0.18431,
1403636699,5.99520,-2.96121,-0.42466,-0.11174,0.80405,0.16589,0.55991,-0.34526,0.31704,-0.22676,
1403636699,5.96093,-2.92753,-0.45041,-0.09668,0.80917,0.14180,0.56196,-0.33722,0.33385,-0.27188,
1403636699,5.92739,-2.89359,-0.47800,-0.08216,0.81320,0.11586,0.56439,-0.31549,0.34195,-0.23764,
1403636699,5.89492,-2.85895,-0.50026,-0.06857,0.81649,0.09031,0.56612,-0.31445,0.35006,-0.18611,
1403636699,5.86433,-2.82315,-0.51378,-0.05561,0.81832,0.06418,0.56845,-0.31424,0.34881,-0.10233,
1403636699,5.83415,-2.78940,-0.51842,-0.04522,0.82011,0.03507,0.56933,-0.29326,0.32587,-0.02982,
1403636699,5.80539,-2.75769,-0.51712,-0.03353,0.82223,0.00486,0.56814,-0.26034,0.30107,0.02581,
1403636699,5.78015,-2.72986,-0.51128,-0.02097,0.82328,-0.02333,0.56677,-0.23788,0.25818,0.07259,
1403636700,5.75874,-2.70573,-0.50375,-0.00743,0.82339,-0.04810,0.56539,-0.20810,0.20893,0.05369,
1403636700,5.73916,-2.68694,-0.50128,0.00472,0.82214,-0.07262,0.56462,-0.18471,0.16026,0.00217,
1403636700,5.72154,-2.67364,-0.50291,0.01849,0.81943,-0.09586,0.56480,-0.16907,0.09451,-0.03825,
1403636700,5.70427,-2.66760,-0.51009,0.03771,0.81654,-0.10903,0.56565,-0.16755,0.04971,-0.08370,
1403636700,5.68816,-2.66543,-0.52034,0.05097,0.81240,-0.11764,0.56883,-0.16024,0.01820,-0.09070,
1403636700,5.67367,-2.66561,-0.53416,0.05569,0.80974,-0.12468,0.57068,-0.16175,-0.00810,-0.13847,
1403636700,5.65806,-2.66765,-0.55165,0.05682,0.80851,-0.12849,0.57146,-0.17587,-0.02689,-0.17156,
1403636700,5.64204,-2.67260,-0.57088,0.05802,0.80788,-0.12959,0.57199,-0.17392,-0.05241,-0.21124,
1403636700,5.62768,-2.68182,-0.59683,0.05819,0.80856,-0.13289,0.57025,-0.18306,-0.09871,-0.29152,
1403636700,5.61074,-2.69423,-0.62761,0.05899,0.80887,-0.14193,0.56755,-0.18073,-0.15160,-0.34304,
1403636701,5.59534,-2.71144,-0.66220,0.06689,0.80532,-0.14827,0.57010,-0.17878,-0.18705,-0.37181,
1403636701,5.58202,-2.73299,-0.70000,0.07770,0.80086,-0.15322,0.57368,-0.18614,-0.22855,-0.38475,
1403636701,5.56691,-2.75706,-0.73945,0.09026,0.79724,-0.16112,0.57473,-0.19452,-0.23993,-0.38208,
1403636701,5.54984,-2.78018,-0.77533,0.09937,0.79530,-0.16745,0.57409,-0.21003,-0.23475,-0.31780,
1403636701,5.53239,-2.80271,-0.80382,0.10367,0.79731,-0.17269,0.56897,-0.20998,-0.22692,-0.23843,
1403636701,5.51425,-2.82504,-0.82483,0.10516,0.80066,-0.17595,0.56296,-0.21412,-0.22734,-0.17817,
1403636701,5.49638,-2.84798,-0.83762,0.10419,0.80626,-0.17734,0.55465,-0.19036,-0.23568,-0.08426,
1403636701,5.48199,-2.87336,-0.84165,0.10427,0.80946,-0.17527,0.55062,-0.14857,-0.25264,0.02551,
1403636701,5.46970,-2.89993,-0.83645,0.10307,0.81109,-0.17295,0.54918,-0.12010,-0.26675,0.08897,
1403636701,5.45956,-2.92727,-0.82742,0.10237,0.81025,-0.17003,0.55146,-0.08416,-0.27472,0.11403,
1403636702,5.45384,-2.95596,-0.81699,0.10237,0.80667,-0.16570,0.55798,-0.05276,-0.28955,0.12291,
1403636702,5.44975,-2.98494,-0.80706,0.10191,0.80346,-0.16136,0.56394,-0.03911,-0.28350,0.09878,
1403636702,5.44637,-3.01429,-0.79982,0.10214,0.80153,-0.15855,0.56743,-0.04139,-0.28600,0.07179,
1403636702,5.44445,-3.04410,-0.79848,0.10334,0.80064,-0.16357,0.56705,-0.05378,-0.29647,0.00269,
1403636702,5.44021,-3.07422,-0.80107,0.10924,0.79933,-0.17450,0.56453,-0.05730,-0.30167,-0.04879,
1403636702,5.43634,-3.10436,-0.81040,0.11778,0.79613,-0.18940,0.56252,-0.07101,-0.29861,-0.09672,
1403636702,5.43080,-3.13475,-0.82412,0.12840,0.79099,-0.20824,0.56079,-0.08323,-0.30530,-0.15395,
1403636702,5.42491,-3.16538,-0.84245,0.14096,0.78542,-0.22714,0.55825,-0.07919,-0.31006,-0.19734,
1403636702,5.42027,-3.19567,-0.86641,0.15081,0.78355,-0.24110,0.55243,-0.07449,-0.30978,-0.24590,
1403636702,5.41644,-3.22624,-0.89444,0.16058,0.78339,-0.24914,0.54630,-0.06121,-0.31114,-0.28538,
1403636703,5.41495,-3.25682,-0.92760,0.16802,0.78386,-0.25473,0.54079,-0.02616,-0.30761,-0.32924,
1403636703,5.41566,-3.28643,-0.96504,0.17259,0.78454,-0.25811,0.53673,0.00692,-0.30585,-0.38388,
1403636703,5.41964,-3.31640,-1.00612,0.17578,0.78620,-0.25927,0.53270,0.04394,-0.29806,-0.42555,
1403636703,5.42731,-3.34662,-1.05144,0.17633,0.78771,-0.26006,0.52989,0.09042,-0.30025,-0.46318,
1403636703,5.43892,-3.37762,-1.09861,0.17555,0.78908,-0.26037,0.52796,0.14366,-0.30542,-0.43111,
1403636703,5.45469,-3.40853,-1.13826,0.17360,0.78773,-0.26069,0.53045,0.18078,-0.30575,-0.35426,
1403636703,5.47455,-3.44066,-1.17100,0.17009,0.78364,-0.26215,0.53689,0.21360,-0.31528,-0.26669,
1403636703,5.49627,-3.47341,-1.19382,0.16288,0.77653,-0.26561,0.54766,0.22214,-0.32574,-0.18891,
1403636703,5.51791,-3.50817,-1.21104,0.15460,0.77038,-0.27057,0.55624,0.19502,-0.34734,-0.12818,
1403636703,5.53460,-3.54522,-1.22223,0.15757,0.76888,-0.26806,0.55870,0.14472,-0.37921,-0.05962,
1403636704,5.54719,-3.58494,-1.22686,0.16719,0.77315,-0.26093,0.55336,0.11466,-0.38938,-0.00785,
1403636704,5.55931,-3.62428,-1.22414,0.17211,0.77723,-0.25683,0.54803,0.10775,-0.38435,0.05565,
1403636704,5.57104,-3.66301,-1.21969,0.17214,0.77948,-0.25576,0.54532,0.11201,-0.37952,0.04782,
1403636704,5.58425,-3.70019,-1.21793,0.16985,0.77786,-0.25592,0.54827,0.11768,-0.36668,-0.01089,
1403636704,5.59796,-3.73722,-1.22179,0.16570,0.77513,-0.25687,0.55293,0.11849,-0.36011,-0.05817,
1403636704,5.61041,-3.77330,-1.22937,0.16245,0.77398,-0.25729,0.55530,0.10452,-0.34960,-0.09252,
1403636704,5.62176,-3.80955,-1.24175,0.15972,0.77469,-0.25716,0.55517,0.08199,-0.35424,-0.15039,
1403636704,5.63158,-3.84650,-1.25800,0.15953,0.77924,-0.25541,0.54963,0.08164,-0.36333,-0.18631,
1403636704,5.64243,-3.88442,-1.27551,0.16096,0.78348,-0.25325,0.54416,0.09885,-0.38135,-0.15002,
1403636704,5.65540,-3.92323,-1.28665,0.16149,0.78611,-0.25195,0.54081,0.12219,-0.39369,-0.06048,
1403636705,5.67034,-3.96296,-1.29016,0.16345,0.78948,-0.24995,0.53622,0.15657,-0.39670,0.01004,
1403636705,5.68815,-4.00286,-1.28746,0.16312,0.79218,-0.24969,0.53245,0.18833,-0.40326,0.03328,
1403636705,5.70969,-4.04431,-1.28895,0.16353,0.79593,-0.24904,0.52701,0.22610,-0.40966,-0.03281,
1403636705,5.73635,-4.08623,-1.29653,0.16220,0.79968,-0.24871,0.52187,0.28373,-0.42701,-0.10789,
1403636705,5.76931,-4.13084,-1.31191,0.15913,0.80337,-0.24919,0.51688,0.35376,-0.44944,-0.15301,
1403636705,5.80775,-4.17771,-1.33041,0.15858,0.80645,-0.24804,0.51280,0.42755,-0.47505,-0.18934,
1403636705,5.85488,-4.22792,-1.35190,0.16089,0.80457,-0.24537,0.51630,0.51135,-0.50451,-0.19206,
1403636705,5.90840,-4.27884,-1.36930,0.16626,0.79556,-0.24056,0.53064,0.57225,-0.51305,-0.14731,
1403636705,5.96763,-4.33036,-1.38170,0.16973,0.78951,-0.23728,0.53997,0.59110,-0.48966,-0.09395,
1403636705,6.02844,-4.37984,-1.38851,0.16958,0.78876,-0.23706,0.54121,0.61676,-0.47910,-0.05791,
1403636706,6.09176,-4.42668,-1.39414,0.16753,0.79188,-0.23922,0.53632,0.64672,-0.46190,-0.08332,
1403636706,6.15864,-4.47230,-1.40567,0.16628,0.79450,-0.24042,0.53229,0.68129,-0.45587,-0.14103,
1403636706,6.22836,-4.51880,-1.42078,0.16653,0.79397,-0.24102,0.53272,0.72686,-0.46561,-0.17051,
1403636706,6.30300,-4.56468,-1.43884,0.16506,0.79005,-0.24223,0.53843,0.75249,-0.46161,-0.16793,
1403636706,6.37927,-4.61080,-1.45366,0.16135,0.78415,-0.24468,0.54700,0.76625,-0.46361,-0.10485,
1403636706,6.45488,-4.65810,-1.46141,0.15240,0.77839,-0.24977,0.55542,0.74727,-0.45669,-0.01444,
1403636706,6.52709,-4.70531,-1.46204,0.14252,0.77355,-0.25515,0.56232,0.70557,-0.49491,0.01384,
1403636706,6.59512,-4.75577,-1.46552,0.14947,0.77396,-0.24866,0.56286,0.65827,-0.51745,-0.04676,
1403636706,6.65957,-4.80645,-1.47600,0.15919,0.77787,-0.24045,0.55835,0.62848,-0.50781,-0.14038,
1403636706,6.72105,-4.85643,-1.49293,0.16567,0.78255,-0.23442,0.55247,0.61385,-0.49188,-0.18505,
1403636707,6.78324,-4.90448,-1.51184,0.16899,0.78605,-0.23129,0.54779,0.61808,-0.47137,-0.14570,
1403636707,6.84552,-4.95153,-1.52400,0.16961,0.78792,-0.23083,0.54511,0.62158,-0.44442,-0.06484,
1403636707,6.91240,-4.99599,-1.53050,0.16997,0.78996,-0.23164,0.54167,0.68238,-0.44192,0.00771,
1403636707,6.98076,-5.03705,-1.52935,0.16863,0.79268,-0.23422,0.53700,0.68547,-0.42282,0.04249,
1403636707,7.05318,-5.07941,-1.52634,0.16827,0.79338,-0.23709,0.53480,0.72763,-0.42091,0.08045,
1403636707,7.12465,-5.12084,-1.51764,0.17018,0.79117,-0.23851,0.53684,0.76176,-0.40903,0.10460,
1403636707,7.20200,-5.16046,-1.50831,0.17326,0.78769,-0.23962,0.54048,0.77506,-0.39485,0.09806,
1403636707,7.28016,-5.19868,-1.49816,0.17539,0.78699,-0.24217,0.53967,0.79591,-0.38411,0.11516,
1403636707,7.36072,-5.23558,-1.48580,0.17828,0.78716,-0.24419,0.53756,0.81442,-0.36429,0.17860,
1403636707,7.44357,-5.27077,-1.46609,0.17912,0.78740,-0.24638,0.53592,0.84703,-0.34975,0.25598,
1403636708,7.52850,-5.30506,-1.43909,0.17908,0.78757,-0.24804,0.53492,0.87361,-0.32924,0.32872,
1403636708,7.61723,-5.33815,-1.40732,0.17600,0.78762,-0.25115,0.53442,0.89662,-0.31936,0.30913,
1403636708,7.70539,-5.37185,-1.38417,0.16614,0.78686,-0.25804,0.53542,0.90302,-0.32999,0.18944,
1403636708,7.79594,-5.40674,-1.37103,0.16128,0.78606,-0.26085,0.53671,0.91617,-0.35973,0.08460,
1403636708,7.88711,-5.44489,-1.36980,0.15972,0.78410,-0.26005,0.54042,0.91200,-0.38390,-0.02463,
1403636708,7.97979,-5.48297,-1.37749,0.16116,0.78335,-0.25628,0.54287,0.92121,-0.39975,-0.11808,
1403636708,8.07212,-5.52386,-1.39336,0.16411,0.78274,-0.25093,0.54536,0.92172,-0.40907,-0.16148,
1403636708,8.16523,-5.56491,-1.41403,0.16435,0.78164,-0.24776,0.54830,0.91876,-0.40392,-0.21782,
1403636708,8.25763,-5.60481,-1.43827,0.15698,0.77784,-0.25105,0.55434,0.90402,-0.40491,-0.25197,
1403636708,8.34519,-5.64577,-1.46018,0.14522,0.77314,-0.25805,0.56087,0.86372,-0.43023,-0.21272,
1403636709,8.43103,-5.69177,-1.47669,0.14027,0.77039,-0.26083,0.56462,0.82553,-0.49118,-0.12546,
1403636709,8.51220,-5.74258,-1.48565,0.14586,0.76966,-0.25737,0.56578,0.77011,-0.53410,-0.07361,
1403636709,8.58704,-5.79414,-1.49735,0.15994,0.77146,-0.24923,0.56316,0.72755,-0.53535,-0.10785,
1403636709,8.65683,-5.84358,-1.51304,0.17455,0.77224,-0.24119,0.56126,0.68831,-0.50468,-0.16391,
1403636709,8.72413,-5.88906,-1.53103,0.18168,0.77138,-0.23999,0.56068,0.66505,-0.45647,-0.16210,
1403636709,8.79023,-5.93169,-1.54377,0.18628,0.76857,-0.24111,0.56255,0.63567,-0.39259,-0.08790,
1403636709,8.85339,-5.96781,-1.55075,0.19117,0.76619,-0.24193,0.56381,0.62341,-0.32866,-0.03523,
1403636709,8.91456,-5.99908,-1.55046,0.19228,0.76777,-0.24526,0.55982,0.58808,-0.25688,0.03076,
1403636709,8.97412,-6.02198,-1.54521,0.19220,0.77165,-0.24762,0.55344,0.58477,-0.20366,0.07849,
1403636709,9.03503,-6.04179,-1.53983,0.19282,0.77465,-0.24836,0.54869,0.58491,-0.15948,0.01885,
1403636710,9.09548,-6.05453,-1.54118,0.19297,0.77587,-0.24850,0.54684,0.58973,-0.10813,-0.06193,
1403636710,9.15811,-6.06603,-1.54857,0.19203,0.77757,-0.24903,0.54450,0.60455,-0.07636,-0.11165,
1403636710,9.21974,-6.07214,-1.55979,0.19169,0.77886,-0.24800,0.54326,0.62012,-0.03871,-0.13424,
1403636710,9.28598,-6.07541,-1.57084,0.19066,0.77936,-0.24685,0.54343,0.63873,0.00149,-0.11280,
1403636710,9.35163,-6.07383,-1.57740,0.18968,0.77923,-0.24576,0.54444,0.65264,0.04112,-0.04097,
1403636710,9.41947,-6.06956,-1.57779,0.18841,0.77906,-0.24467,0.54562,0.65757,0.07835,0.01581,
1403636710,9.48826,-6.05921,-1.57448,0.18785,0.77879,-0.24262,0.54712,0.67484,0.11437,0.00790,
1403636710,9.55952,-6.04740,-1.57768,0.18734,0.77893,-0.24027,0.54813,0.68811,0.14873,-0.08394,
1403636710,9.62899,-6.03132,-1.59087,0.17932,0.77729,-0.24206,0.55233,0.68608,0.19034,-0.16714,
1403636710,9.70178,-6.01326,-1.60979,0.16360,0.77587,-0.24573,0.55756,0.68617,0.20963,-0.21130,
1403636711,9.77327,-5.99432,-1.63266,0.14749,0.77674,-0.24363,0.56175,0.67725,0.20510,-0.25346,
1403636711,9.84114,-5.97764,-1.65895,0.13570,0.77834,-0.23651,0.56554,0.64370,0.16960,-0.27636,
1403636711,9.90542,-5.96302,-1.68853,0.12735,0.78111,-0.22391,0.56879,0.61073,0.13910,-0.28514,
1403636711,9.96645,-5.95151,-1.71520,0.12301,0.78504,-0.20486,0.57150,0.56877,0.11338,-0.20492,
1403636711,10.02367,-5.93929,-1.73640,0.12042,0.79098,-0.18232,0.57150,0.54568,0.11673,-0.15724,
1403636711,10.07897,-5.92709,-1.75054,0.12036,0.79630,-0.16131,0.57044,0.52698,0.12014,-0.08779,
1403636711,10.13192,-5.91127,-1.75933,0.11880,0.79876,-0.14768,0.57102,0.49829,0.15644,-0.04478,
1403636711,10.18343,-5.89164,-1.76438,0.11794,0.79926,-0.13927,0.57261,0.47482,0.19925,-0.04135,
1403636711,10.23271,-5.86778,-1.76712,0.11451,0.79870,-0.13670,0.57470,0.45224,0.25183,-0.00527,
1403636711,10.28030,-5.84021,-1.76575,0.11013,0.79459,-0.13811,0.58089,0.44161,0.28681,0.06340,
1403636712,10.32465,-5.80925,-1.75932,0.10928,0.78594,-0.13932,0.59240,0.39558,0.31203,0.07923,
1403636712,10.36581,-5.77536,-1.75194,0.11493,0.78096,-0.13794,0.59822,0.35230,0.35773,0.07244,
1403636712,10.40001,-5.73722,-1.74429,0.12021,0.78075,-0.13745,0.59757,0.30038,0.40890,0.08281,
1403636712,10.42630,-5.69340,-1.73600,0.11946,0.78237,-0.14105,0.59476,0.24193,0.46266,0.09800,
1403636712,10.44595,-5.64515,-1.72580,0.11109,0.78611,-0.14908,0.58947,0.17610,0.50526,0.11974,
1403636712,10.46009,-5.59458,-1.71116,0.10065,0.78884,-0.15827,0.58528,0.12086,0.51505,0.16760,
1403636712,10.47016,-5.54479,-1.69232,0.09278,0.78898,-0.16490,0.58455,0.08364,0.49057,0.22077,
1403636712,10.47607,-5.49782,-1.66930,0.09354,0.78921,-0.16079,0.58527,0.03941,0.46700,0.25556,
1403636712,10.47895,-5.45049,-1.64196,0.09760,0.79109,-0.14482,0.58624,0.01155,0.47658,0.31969,
1403636712,10.47709,-5.40208,-1.60974,0.09792,0.79296,-0.12767,0.58764,-0.03810,0.49020,0.34557,
1403636713,10.47180,-5.35079,-1.57475,0.09513,0.79340,-0.11392,0.59033,-0.08141,0.52760,0.38359,
1403636713,10.46264,-5.29538,-1.53754,0.08860,0.79228,-0.10504,0.59448,-0.12147,0.56673,0.36064,
1403636713,10.44810,-5.23739,-1.50472,0.08009,0.78900,-0.09998,0.60089,-0.17973,0.58518,0.28924,
1403636713,10.42739,-5.17853,-1.47823,0.07381,0.78913,-0.09624,0.60213,-0.23825,0.59988,0.22331,
1403636713,10.40120,-5.11850,-1.45708,0.07051,0.79230,-0.09430,0.59866,-0.30710,0.60563,0.17920,
1403636713,10.37103,-5.05707,-1.44030,0.07174,0.79568,-0.09220,0.59435,-0.33762,0.60357,0.15373,
1403636713,10.33619,-4.99333,-1.42117,0.06832,0.79537,-0.09305,0.59503,-0.40435,0.63909,0.21741,
1403636713,10.29467,-4.92998,-1.39607,0.06529,0.79715,-0.09375,0.59288,-0.45614,0.63782,0.29008,
1403636713,10.25259,-4.86710,-1.36494,0.06476,0.79950,-0.09425,0.58968,-0.47119,0.62694,0.36361,
1403636713,10.20528,-4.80501,-1.32578,0.06266,0.80094,-0.09602,0.58766,-0.46734,0.62514,0.41290,
1403636714,10.16050,-4.74464,-1.28474,0.05977,0.80165,-0.09912,0.58648,-0.50315,0.61418,0.43684,
1403636714,10.10882,-4.68441,-1.24123,0.05514,0.80253,-0.10397,0.58489,-0.52094,0.59761,0.39572,
1403636714,10.05876,-4.62896,-1.20653,0.05073,0.80371,-0.10902,0.58274,-0.53780,0.56642,0.33618,
1403636714,10.00390,-4.57478,-1.17572,0.04760,0.80443,-0.11345,0.58117,-0.55160,0.52309,0.27540,
1403636714,9.94828,-4.52841,-1.15367,0.05012,0.80464,-0.11398,0.58056,-0.56763,0.47051,0.22712,
1403636714,9.89062,-4.48272,-1.13453,0.05469,0.80564,-0.11332,0.57888,-0.58618,0.43096,0.17877,
1403636714,9.83297,-4.44336,-1.12200,0.06131,0.80550,-0.11163,0.57875,-0.59405,0.40811,0.13328,
1403636714,9.77387,-4.40258,-1.11148,0.06421,0.80442,-0.11254,0.57976,-0.60988,0.38864,0.08127,
1403636714,9.71520,-4.36626,-1.10657,0.06140,0.80298,-0.11683,0.58121,-0.61203,0.36820,0.05290,
1403636714,9.65455,-4.32978,-1.10357,0.06181,0.80549,-0.11886,0.57726,-0.62440,0.34304,0.00095,
1403636715,9.59469,-4.29785,-1.10531,0.05906,0.81116,-0.11681,0.56999,-0.61595,0.32312,-0.02995,
1403636715,9.53605,-4.26684,-1.11171,0.05171,0.81647,-0.10992,0.56447,-0.58276,0.29334,-0.05505,
1403636715,9.48198,-4.24024,-1.11761,0.04367,0.82040,-0.09571,0.56203,-0.54667,0.26597,-0.00427,
1403636715,9.43182,-4.21723,-1.11808,0.03494,0.82309,-0.07452,0.56192,-0.49993,0.24372,0.07762,
1403636715,9.38409,-4.19546,-1.10776,0.02554,0.82463,-0.04944,0.56293,-0.46426,0.22632,0.15252,
1403636715,9.33879,-4.17370,-1.08802,0.01378,0.82631,-0.02712,0.56239,-0.43535,0.21751,0.22128,
1403636715,9.30000,-4.15247,-1.06233,0.00569,0.82774,-0.00856,0.56102,-0.40547,0.20773,0.27356,
1403636715,9.26522,-4.13023,-1.03326,-0.00103,0.82823,0.00311,0.56038,-0.35444,0.21333,0.28151,
1403636715,9.23637,-4.10855,-1.00860,-0.00786,0.82647,0.00860,0.56286,-0.30296,0.20684,0.21259,
1403636715,9.21185,-4.08734,-0.99113,-0.01437,0.82335,0.00957,0.56727,-0.25731,0.20767,0.13711,
1403636716,9.19109,-4.06736,-0.98219,-0.02373,0.81938,0.00519,0.57273,-0.23471,0.19712,0.05697,
1403636716,9.17010,-4.05090,-0.98098,-0.03344,0.81747,-0.00136,0.57500,-0.22595,0.14475,-0.01244,
1403636716,9.15009,-4.04026,-0.98251,-0.02835,0.81136,0.00061,0.58386,-0.22216,0.08696,-0.02723,
1403636716,9.12866,-4.03250,-0.98500,-0.01902,0.80534,0.00428,0.59249,-0.23328,0.06267,-0.01029,
1403636716,9.10600,-4.02798,-0.98157,-0.01235,0.80018,0.00652,0.59959,-0.27739,0.04839,0.07773,
1403636716,9.07708,-4.02395,-0.97436,-0.00980,0.79777,0.00547,0.60286,-0.34204,0.04812,0.10962,
1403636716,9.04150,-4.02022,-0.96307,-0.00973,0.79890,0.00238,0.60138,-0.39788,0.04250,0.14245,
1403636716,9.00101,-4.01679,-0.94852,-0.01093,0.80588,-0.00218,0.59198,-0.45859,0.04091,0.18720,
1403636716,8.95561,-4.01455,-0.93317,-0.00948,0.81057,-0.00557,0.58554,-0.47723,0.02195,0.14012,
1403636716,8.91157,-4.01451,-0.92559,-0.00827,0.81247,-0.00846,0.58289,-0.47317,0.00877,0.07339,
1403636717,8.86512,-4.01450,-0.92229,-0.00622,0.81294,-0.01025,0.58222,-0.46835,0.00719,0.00589,
1403636717,8.82150,-4.01528,-0.92829,-0.00454,0.81256,-0.00661,0.58282,-0.46978,0.01136,-0.05020,
1403636717,8.77458,-4.01436,-0.93582,-0.00822,0.81228,0.00067,0.58321,-0.48044,0.02074,-0.10659,
1403636717,8.72761,-4.01291,-0.94878,-0.01616,0.81188,0.01081,0.58351,-0.49301,0.02913,-0.12634,
1403636717,8.68169,-4.01140,-0.96259,-0.02756,0.81184,0.02513,0.58269,-0.50134,0.03671,-0.08161,
1403636717,8.63596,-4.00798,-0.96873,-0.04007,0.81154,0.04453,0.58122,-0.50247,0.02300,-0.01823,
1403636717,8.58741,-4.00399,-0.96863,-0.05252,0.81066,0.06455,0.57957,-0.50305,0.02879,0.05491,
1403636717,8.53885,-4.00082,-0.96384,-0.06041,0.80949,0.08080,0.57841,-0.50442,0.02035,0.08997,
1403636717,8.49065,-3.99965,-0.95811,-0.06065,0.80830,0.09594,0.57773,-0.51463,0.01579,0.10092,
1403636717,8.44038,-3.99781,-0.95096,-0.05505,0.80608,0.10971,0.57894,-0.53410,0.03554,0.08040,
1403636718,8.38967,-3.99258,-0.94681,-0.05438,0.80528,0.11583,0.57892,-0.54468,0.07807,0.01813,
1403636718,8.33651,-3.98287,-0.94730,-0.06055,0.80554,0.11416,0.57828,-0.55646,0.12024,-0.05709,
1403636718,8.28430,-3.96984,-0.95448,-0.06358,0.80499,0.11237,0.57907,-0.56504,0.16113,-0.10560,
1403636718,8.22780,-3.95271,-0.96541,-0.06177,0.80499,0.11730,0.57828,-0.57965,0.20330,-0.11364,
1403636718,8.17363,-3.93111,-0.97294,-0.06407,0.80423,0.12698,0.57705,-0.59055,0.25717,-0.04896,
1403636718,8.11250,-3.90345,-0.97386,-0.07051,0.80215,0.13958,0.57628,-0.61984,0.32607,0.02924,
1403636718,8.05585,-3.86921,-0.96695,-0.08473,0.80023,0.15195,0.57390,-0.63306,0.37790,0.07702,
1403636718,7.99716,-3.83145,-0.96018,-0.10187,0.79865,0.16296,0.57028,-0.63644,0.39662,0.03776,
1403636718,7.93632,-3.79362,-0.96167,-0.11567,0.79768,0.17161,0.56646,-0.65253,0.40618,-0.04624,
1403636718,7.87546,-3.75377,-0.97095,-0.12798,0.79618,0.18160,0.56280,-0.64514,0.42354,-0.10112,
1403636719,7.81471,-3.71214,-0.98565,-0.14189,0.79365,0.19180,0.55965,-0.64084,0.42499,-0.16086,
1403636719,7.75607,-3.67088,-1.00491,-0.15540,0.79213,0.19899,0.55568,-0.61734,0.42060,-0.19158,
1403636719,7.70101,-3.63136,-1.02815,-0.16923,0.79197,0.20253,0.55057,-0.57584,0.38852,-0.23417,
1403636719,7.65080,-3.59608,-1.05526,-0.17255,0.78997,0.21010,0.54957,-0.52853,0.33875,-0.25506,
1403636719,7.60352,-3.56398,-1.08152,-0.16695,0.78690,0.22067,0.55156,-0.49671,0.31181,-0.19244,
1403636719,7.55758,-3.53376,-1.10039,-0.16234,0.78392,0.22790,0.55424,-0.48669,0.31011,-0.11297,
1403636719,7.51156,-3.50358,-1.10973,-0.16144,0.78048,0.23051,0.55826,-0.48494,0.31133,-0.02619,
1403636719,7.46382,-3.47305,-1.11009,-0.16331,0.77669,0.22945,0.56341,-0.49241,0.31126,0.02260,
1403636719,7.41766,-3.44373,-1.11436,-0.16652,0.77403,0.22618,0.56744,-0.50691,0.30057,-0.03616,
1403636719,7.36614,-3.41729,-1.12412,-0.16814,0.77225,0.22363,0.57039,-0.53479,0.27406,-0.10799,
1403636720,7.31565,-3.39369,-1.14185,-0.16947,0.77244,0.22073,0.57088,-0.55241,0.23934,-0.18118,
1403636720,7.25913,-3.37227,-1.15906,-0.16919,0.77644,0.21864,0.56631,-0.57867,0.20667,-0.18635,
1403636720,7.20413,-3.35447,-1.17274,-0.16628,0.78111,0.21748,0.56118,-0.57878,0.18901,-0.06677,
1403636720,7.14901,-3.33895,-1.17707,-0.16431,0.78450,0.21501,0.55797,-0.57991,0.16540,0.02172,
1403636720,7.09516,-3.32491,-1.17457,-0.16327,0.78597,0.21218,0.55729,-0.56693,0.14892,0.06147,
1403636720,7.04077,-3.31120,-1.17191,-0.16129,0.78773,0.21062,0.55597,-0.55207,0.13605,0.01705,
1403636720,6.99147,-3.29841,-1.17629,-0.16048,0.78851,0.20995,0.55535,-0.52013,0.12856,-0.04587,
1403636720,6.93997,-3.28645,-1.18419,-0.16058,0.78948,0.20935,0.55417,-0.50311,0.11939,-0.09924,
1403636720,6.89448,-3.27537,-1.19708,-0.16154,0.78944,0.20885,0.55414,-0.47953,0.11445,-0.14087,
1403636720,6.84795,-3.26537,-1.21284,-0.16226,0.78929,0.20955,0.55388,-0.46447,0.10296,-0.17130,
1403636721,6.80565,-3.25835,-1.22897,-0.16393,0.78970,0.21001,0.55263,-0.45191,0.08113,-0.12669,
1403636721,6.76199,-3.25176,-1.23886,-0.16431,0.78977,0.21145,0.55186,-0.43296,0.06370,-0.06026,
1403636721,6.72552,-3.24918,-1.24173,-0.16575,0.78876,0.21177,0.55275,-0.41233,0.03870,0.00811,
1403636721,6.68760,-3.24595,-1.23724,-0.16323,0.79023,0.20793,0.55286,-0.37626,0.02483,0.06071,
1403636721,6.65818,-3.24560,-1.23260,-0.15589,0.79255,0.20027,0.55448,-0.34528,0.00149,0.02496,
1403636721,6.62457,-3.24760,-1.23288,-0.15026,0.79401,0.18876,0.55798,-0.32763,-0.00700,-0.04718,
1403636721,6.59606,-3.25088,-1.24055,-0.14409,0.79533,0.17583,0.56194,-0.31082,-0.02753,-0.08968,
1403636721,6.56890,-3.25691,-1.25045,-0.13486,0.79639,0.16156,0.56698,-0.30766,-0.05213,-0.07724,
1403636721,6.54150,-3.26496,-1.25523,-0.12768,0.79715,0.14927,0.57094,-0.30024,-0.07600,0.00291,
1403636721,6.51272,-3.27456,-1.25264,-0.11999,0.79813,0.14082,0.57338,-0.31692,-0.09796,0.05735,
1403636722,6.48279,-3.28528,-1.24585,-0.11290,0.80005,0.13407,0.57376,-0.32318,-0.12151,0.07689,
1403636722,6.45288,-3.29778,-1.24230,-0.10415,0.80249,0.12638,0.57375,-0.32669,-0.13006,0.01700,
1403636722,6.42342,-3.31102,-1.24489,-0.09726,0.80364,0.12110,0.57449,-0.33752,-0.13109,-0.03816,
1403636722,6.39287,-3.32408,-1.25262,-0.09245,0.80421,0.11845,0.57504,-0.34557,-0.12724,-0.10264,
1403636722,6.36178,-3.33653,-1.26446,-0.09156,0.80399,0.11671,0.57584,-0.33853,-0.11171,-0.13728,
1403636722,6.32899,-3.34847,-1.27615,-0.08625,0.80333,0.12059,0.57679,-0.33617,-0.11019,-0.08972,
1403636722,6.29848,-3.35855,-1.28170,-0.08397,0.80307,0.12390,0.57678,-0.35581,-0.09852,-0.02071,
1403636722,6.26355,-3.36740,-1.27980,-0.08719,0.80359,0.12368,0.57563,-0.36756,-0.07563,0.05088,
1403636722,6.22899,-3.37483,-1.27311,-0.09128,0.80385,0.12328,0.57471,-0.36957,-0.05997,0.05322,
1403636722,6.19630,-3.38149,-1.27038,-0.09106,0.80449,0.12219,0.57409,-0.36803,-0.07099,-0.00390,
1403636723,6.16041,-3.38914,-1.27278,-0.08861,0.80470,0.11801,0.57505,-0.37969,-0.07236,-0.05260,
1403636723,6.12445,-3.39583,-1.27898,-0.08489,0.80532,0.11563,0.57522,-0.37694,-0.06357,-0.07827,
1403636723,6.08767,-3.40212,-1.28776,-0.08191,0.80559,0.11397,0.57560,-0.38108,-0.04834,-0.08948,
1403636723,6.05520,-3.40602,-1.29758,-0.07878,0.80635,0.11370,0.57504,-0.38366,-0.03817,-0.04731,
1403636723,6.01669,-3.40919,-1.29961,-0.07804,0.80659,0.11294,0.57496,-0.40582,-0.01730,-0.00131,
1403636723,5.98167,-3.41018,-1.29528,-0.08077,0.80681,0.11116,0.57461,-0.41318,-0.00958,0.06498,
1403636723,5.94349,-3.41107,-1.28375,-0.08381,0.80645,0.10923,0.57505,-0.40325,-0.00639,0.07804,
1403636723,5.90640,-3.41142,-1.27408,-0.08418,0.80655,0.10853,0.57498,-0.39692,-0.00232,0.02983,
1403636723,5.87039,-3.41110,-1.26915,-0.08071,0.80669,0.11024,0.57496,-0.39198,-0.00211,-0.01112,
1403636723,5.84008,-3.41100,-1.26853,-0.07496,0.80666,0.10794,0.57622,-0.38038,-0.00293,-0.03814,
1403636724,5.80292,-3.41094,-1.26962,-0.06712,0.80400,0.10057,0.58220,-0.36875,0.01387,-0.03123,
1403636724,5.76572,-3.40868,-1.26564,-0.06581,0.79783,0.08829,0.59274,-0.40473,0.02704,0.03743,
1403636724,5.72968,-3.40467,-1.25698,-0.06172,0.80020,0.08032,0.59111,-0.42117,0.04275,0.09352,
1403636724,5.68703,-3.40108,-1.24720,-0.05843,0.80638,0.07355,0.58389,-0.45589,0.04457,0.06863,
1403636724,5.64081,-3.39732,-1.23962,-0.05650,0.81105,0.06825,0.57823,-0.46333,0.05133,0.02898,
1403636724,5.59589,-3.39522,-1.23822,-0.05361,0.81642,0.06361,0.57144,-0.45230,0.03915,-0.02060,
1403636724,5.55178,-3.39306,-1.24218,-0.04689,0.82118,0.05532,0.56604,-0.43249,0.02302,-0.06132,
1403636724,5.51070,-3.39335,-1.24982,-0.03819,0.82273,0.04326,0.56549,-0.40661,0.01358,-0.09941,
1403636724,5.47322,-3.39374,-1.26163,-0.02653,0.82257,0.02884,0.56732,-0.37609,0.01544,-0.12378,
1403636724,5.43772,-3.39292,-1.27193,-0.01461,0.82000,0.01332,0.57203,-0.37524,0.01695,-0.06935,
1403636725,5.40388,-3.39070,-1.27437,-0.00485,0.81727,0.00128,0.57624,-0.36400,0.03140,-0.00576,
1403636725,5.37103,-3.38681,-1.27126,0.00184,0.81550,-0.00705,0.57872,-0.33627,0.04496,0.06425,
1403636725,5.34034,-3.38055,-1.25969,0.00570,0.81497,-0.01244,0.57935,-0.34189,0.06762,0.14372,
1403636725,5.31012,-3.37254,-1.24020,0.00744,0.81577,-0.01559,0.57812,-0.32625,0.08566,0.22567,
1403636725,5.27921,-3.36342,-1.21432,0.00537,0.81688,-0.01758,0.57652,-0.31339,0.10261,0.29047,
1403636725,5.25279,-3.35354,-1.18140,-0.00006,0.81756,-0.01976,0.57551,-0.29658,0.10450,0.36852,
1403636725,5.22321,-3.34414,-1.14065,-0.00463,0.81757,-0.02092,0.57543,-0.28659,0.08536,0.42665,
1403636725,5.19569,-3.33718,-1.09768,-0.00639,0.81814,-0.02042,0.57463,-0.27802,0.07201,0.41051,
1403636725,5.17305,-3.33140,-1.06017,-0.00537,0.81873,-0.01858,0.57386,-0.26341,0.04245,0.35493,
1403636725,5.14758,-3.32716,-1.02727,-0.00304,0.81861,-0.01643,0.57410,-0.25277,0.03367,0.28852,
1403636726,5.12462,-3.32341,-1.00057,-0.00100,0.81866,-0.01491,0.57408,-0.24420,0.02909,0.22567,
1403636726,5.10302,-3.32005,-0.97971,0.00132,0.81899,-0.01381,0.57364,-0.23268,0.02802,0.16236,
1403636726,5.08507,-3.31699,-0.96557,0.00117,0.81783,-0.01434,0.57529,-0.21439,0.03091,0.09849,
1403636726,5.06534,-3.31330,-0.95496,0.00130,0.81788,-0.01399,0.57521,-0.20413,0.03131,0.04077,
1403636726,5.04760,-3.31003,-0.95072,-0.00138,0.81874,-0.01507,0.57396,-0.18537,0.03362,0.00151,
1403636726,5.03066,-3.30653,-0.95097,-0.00314,0.81858,-0.01519,0.57418,-0.16948,0.02950,-0.03636,
1403636726,5.01497,-3.30314,-0.95583,-0.00205,0.81814,-0.01319,0.57486,-0.15516,0.02456,-0.08145,
1403636726,5.00069,-3.29979,-0.96475,-0.00179,0.81659,-0.01161,0.57710,-0.14633,0.02563,-0.12609,
1403636726,4.98592,-3.29639,-0.97414,-0.00178,0.81622,-0.00982,0.57766,-0.14312,0.03175,-0.08550,
1403636726,4.97227,-3.29269,-0.97703,-0.00188,0.81519,-0.00803,0.57914,-0.11502,0.04718,0.01597,
1403636727,4.96108,-3.28832,-0.97239,-0.00551,0.81442,-0.00868,0.58018,-0.09549,0.04991,0.07486,
1403636727,4.94771,-3.28555,-0.96153,-0.01969,0.81301,-0.01675,0.58168,-0.10288,0.03469,0.13269,
1403636727,4.93303,-3.28636,-0.94539,-0.02742,0.81134,-0.02106,0.58355,-0.12608,-0.03000,0.19591,
1403636727,4.91761,-3.29230,-0.92217,-0.02001,0.81069,-0.01488,0.58495,-0.12710,-0.07350,0.28337,
1403636727,4.89953,-3.29991,-0.89327,-0.01366,0.81048,-0.00540,0.58558,-0.16333,-0.09092,0.33194,
1403636727,4.87891,-3.30867,-0.85909,-0.01209,0.81035,0.00022,0.58582,-0.18214,-0.09514,0.37262,
1403636727,4.85767,-3.31784,-0.82187,-0.00984,0.81044,0.00487,0.58573,-0.20286,-0.09344,0.33838,
1403636727,4.83616,-3.32561,-0.79207,-0.00588,0.81120,0.00958,0.58467,-0.22370,-0.06861,0.26218,
1403636727,4.81216,-3.33153,-0.76743,-0.00157,0.81180,0.01352,0.58378,-0.24306,-0.04666,0.20888,
1403636727,4.78675,-3.33520,-0.74655,-0.00007,0.81288,0.01503,0.58224,-0.24750,-0.01548,0.17999,
1403636728,4.75806,-3.33587,-0.72278,-0.00094,0.81200,0.01449,0.58347,-0.27419,0.02099,0.19281,
1403636728,4.73194,-3.33321,-0.70102,-0.00520,0.81035,0.01147,0.58580,-0.28865,0.04621,0.23644,
1403636728,4.70467,-3.32888,-0.67212,-0.00668,0.81116,0.01031,0.58470,-0.27474,0.05523,0.31350,
1403636728,4.67637,-3.32297,-0.63702,-0.00460,0.81182,0.01198,0.58377,-0.28909,0.08029,0.37773,
1403636728,4.64632,-3.31449,-0.59747,0.00410,0.81210,0.01737,0.58325,-0.30544,0.11114,0.38614,
1403636728,4.61556,-3.30247,-0.56210,0.00415,0.81236,0.01711,0.58289,-0.31621,0.14425,0.31482,
1403636728,4.58241,-3.28946,-0.52957,-0.00060,0.81184,0.01371,0.58372,-0.32695,0.16841,0.26838,
1403636728,4.55093,-3.27174,-0.50584,-0.00349,0.81066,0.01113,0.58541,-0.33418,0.18688,0.20242,
1403636728,4.51710,-3.25186,-0.48788,-0.00565,0.81050,0.00926,0.58564,-0.34920,0.20132,0.14853,
1403636728,4.48292,-3.23207,-0.47313,-0.00892,0.81123,0.00685,0.58462,-0.35479,0.22111,0.08719,
1403636729,4.44805,-3.21111,-0.46771,-0.02036,0.81130,-0.00151,0.58427,-0.36926,0.20216,0.02937,
1403636729,4.41138,-3.19231,-0.46535,-0.02679,0.81131,-0.00307,0.58400,-0.37565,0.17412,0.00433,
1403636729,4.37464,-3.17554,-0.46174,-0.02404,0.81147,0.00892,0.58383,-0.37820,0.14831,0.04693,
1403636729,4.33695,-3.15885,-0.45475,-0.02461,0.81135,0.02593,0.58347,-0.38891,0.15179,0.12155,
1403636729,4.29749,-3.13961,-0.43739,-0.02853,0.80989,0.04117,0.58443,-0.40798,0.15828,0.15267,
1403636729,4.25626,-3.12161,-0.42566,-0.03420,0.80789,0.05155,0.58607,-0.42275,0.16888,0.11153,
1403636729,4.21473,-3.10216,-0.41801,-0.03854,0.80579,0.05930,0.58797,-0.43675,0.17504,0.05314,
1403636729,4.17192,-3.08207,-0.41566,-0.04148,0.80683,0.06409,0.58583,-0.45949,0.18932,0.00258,
1403636729,4.12658,-3.06276,-0.41674,-0.04526,0.80744,0.06598,0.58450,-0.48214,0.19932,-0.03983,
1403636729,4.07798,-3.04337,-0.42039,-0.04700,0.80685,0.06718,0.58504,-0.49852,0.19992,-0.02028,
1403636730,4.02842,-3.02139,-0.42100,-0.04770,0.80664,0.06785,0.58520,-0.54084,0.20184,0.03815,
1403636730,3.97591,-3.00073,-0.41505,-0.04846,0.80744,0.06798,0.58401,-0.53301,0.20820,0.11823,
1403636730,3.92270,-2.97960,-0.40212,-0.04990,0.80772,0.06707,0.58361,-0.54703,0.20915,0.13600,
1403636730,3.87166,-2.95498,-0.38917,-0.04888,0.81012,0.06656,0.58043,-0.55328,0.21228,0.10943,
1403636730,3.81599,-2.93293,-0.37987,-0.04932,0.81284,0.06537,0.57670,-0.56049,0.21196,0.05356,
1403636730,3.76192,-2.91141,-0.37507,-0.04883,0.81479,0.06533,0.57400,-0.55005,0.22226,0.01476,
1403636730,3.71213,-2.88628,-0.37422,-0.04923,0.81563,0.06578,0.57271,-0.53588,0.23612,-0.02144,
1403636730,3.65911,-2.86293,-0.37833,-0.04943,0.81619,0.06582,0.57188,-0.52744,0.23133,-0.06316,
1403636730,3.61236,-2.84000,-0.38724,-0.05133,0.81591,0.06511,0.57220,-0.51074,0.23484,-0.10084,
1403636730,3.56226,-2.81720,-0.39756,-0.05114,0.81683,0.06606,0.57080,-0.49183,0.22720,-0.12471,
1403636731,3.51542,-2.79472,-0.40401,-0.05031,0.82103,0.06728,0.56467,-0.47256,0.22444,-0.04151,
1403636731,3.47599,-2.77258,-0.40171,-0.05137,0.82508,0.06699,0.55868,-0.39013,0.23022,0.05098,
1403636731,3.44402,-2.74939,-0.39124,-0.05212,0.82654,0.06688,0.55645,-0.29431,0.24508,0.18884,
1403636731,3.41507,-2.72508,-0.37185,-0.05136,0.82738,0.06770,0.55518,-0.27524,0.25263,0.23211,
1403636731,3.38704,-2.70021,-0.35150,-0.05586,0.82844,0.06398,0.55360,-0.24245,0.24917,0.22573,
1403636731,3.36419,-2.67615,-0.33347,-0.06443,0.82735,0.05714,0.55505,-0.19324,0.24114,0.17327,
1403636731,3.34624,-2.65568,-0.32064,-0.07385,0.82079,0.04937,0.56427,-0.15773,0.19601,0.12913,
1403636731,3.33169,-2.63947,-0.31161,-0.07416,0.81560,0.04813,0.57182,-0.13580,0.14416,0.07529,
1403636731,3.31941,-2.62926,-0.30970,-0.06601,0.81223,0.05272,0.57719,-0.13262,0.09190,0.02693,
1403636731,3.30691,-2.62047,-0.31051,-0.05766,0.81217,0.05777,0.57769,-0.13524,0.07394,-0.02879,
1403636732,3.29408,-2.61318,-0.31598,-0.05713,0.81224,0.05783,0.57763,-0.14205,0.06291,-0.07222,
1403636732,3.28033,-2.60844,-0.32341,-0.06338,0.81266,0.05368,0.57679,-0.14604,0.03562,-0.10032,
1403636732,3.26677,-2.60726,-0.33445,-0.06508,0.81272,0.05246,0.57663,-0.13308,0.00144,-0.13209,
1403636732,3.25332,-2.60870,-0.34960,-0.06078,0.81274,0.05556,0.57678,-0.14228,-0.02803,-0.16914,
1403636732,3.24025,-2.61185,-0.36801,-0.05767,0.81245,0.05864,0.57720,-0.14042,-0.03774,-0.19682,
1403636732,3.22731,-2.61601,-0.38952,-0.05733,0.81177,0.05963,0.57809,-0.14115,-0.04888,-0.23378,
1403636732,3.21385,-2.62148,-0.41496,-0.05753,0.81076,0.06018,0.57944,-0.14414,-0.05965,-0.27517,
1403636732,3.19943,-2.62792,-0.44354,-0.05685,0.80956,0.06164,0.58101,-0.16354,-0.07320,-0.26843,
1403636732,3.18292,-2.63558,-0.46589,-0.05683,0.80844,0.06270,0.58246,-0.20064,-0.07603,-0.20717,
1403636732,3.16577,-2.64347,-0.48159,-0.05092,0.80747,0.06698,0.58388,-0.21408,-0.08185,-0.09425,
1403636733,3.14667,-2.65000,-0.48742,-0.03805,0.80346,0.07637,0.58922,-0.27668,-0.06777,-0.02014,
1403636733,3.12319,-2.65402,-0.48726,-0.02936,0.79911,0.08317,0.59469,-0.31227,-0.01127,0.03127,
1403636733,3.09371,-2.65237,-0.48146,-0.03406,0.79677,0.08108,0.59785,-0.37171,0.03735,0.07667,
1403636733,3.05799,-2.64638,-0.46982,-0.04313,0.79672,0.07585,0.59802,-0.40653,0.07294,0.12498,
1403636733,3.02042,-2.63825,-0.46077,-0.04613,0.79734,0.07442,0.59715,-0.45668,0.08665,0.07129,
1403636733,2.97456,-2.62818,-0.45697,-0.04752,0.80043,0.07434,0.59290,-0.49090,0.10157,0.01673,
1403636733,2.93042,-2.61761,-0.45646,-0.04784,0.80434,0.07492,0.58748,-0.50977,0.11056,0.06612,
1403636733,2.87827,-2.60470,-0.44595,-0.04544,0.80507,0.07718,0.58638,-0.52613,0.14226,0.14180,
1403636733,2.82905,-2.58990,-0.43176,-0.04677,0.80582,0.07750,0.58520,-0.56068,0.15253,0.18017,
1403636733,2.77228,-2.57325,-0.41090,-0.05016,0.80872,0.07645,0.58104,-0.56614,0.17073,0.23275,
1403636734,2.71790,-2.55483,-0.38405,-0.05255,0.81118,0.07499,0.57758,-0.55915,0.18583,0.25376,
1403636734,2.66949,-2.53424,-0.36033,-0.05259,0.81287,0.07542,0.57514,-0.55239,0.19226,0.21153,
1403636734,2.61392,-2.51402,-0.34156,-0.05379,0.81433,0.07480,0.57305,-0.54820,0.20237,0.14902,
1403636734,2.56523,-2.49221,-0.32802,-0.05354,0.81566,0.07534,0.57110,-0.53772,0.20880,0.08153,
1403636734,2.51194,-2.47105,-0.32012,-0.05239,0.81543,0.07643,0.57140,-0.52587,0.21424,0.04962,
1403636734,2.46090,-2.44938,-0.31627,-0.04901,0.81204,0.07873,0.57618,-0.51813,0.22382,0.01307,
1403636734,2.41175,-2.42450,-0.31459,-0.04977,0.80955,0.07684,0.57987,-0.51521,0.25013,0.00693,
1403636734,2.35928,-2.40020,-0.31088,-0.05148,0.80909,0.07555,0.58053,-0.52368,0.25924,0.06792,
1403636734,2.30985,-2.37428,-0.30077,-0.05466,0.80943,0.07443,0.57992,-0.54819,0.25558,0.11925,
1403636734,2.25624,-2.34925,-0.28174,-0.05733,0.81124,0.07379,0.57720,-0.54325,0.25676,0.20101,
1403636735,2.20359,-2.32438,-0.26053,-0.05844,0.81322,0.07433,0.57422,-0.53120,0.25292,0.19294,
1403636735,2.15840,-2.30120,-0.24340,-0.05952,0.81563,0.07499,0.57059,-0.51712,0.24838,0.14120,
1403636735,2.10767,-2.27659,-0.23170,-0.05864,0.81701,0.07691,0.56845,-0.50015,0.24605,0.08469,
1403636735,2.06549,-2.25399,-0.22782,-0.05866,0.81729,0.07854,0.56783,-0.47481,0.24258,0.02443,
1403636735,2.01909,-2.23012,-0.22887,-0.06007,0.81742,0.07925,0.56739,-0.44999,0.24671,-0.02347,
1403636735,1.97607,-2.20608,-0.23356,-0.06009,0.81737,0.07984,0.56738,-0.42153,0.24781,-0.06525,
1403636735,1.94037,-2.18329,-0.24148,-0.06153,0.81707,0.07899,0.56778,-0.40568,0.24397,-0.05734,
1403636735,1.90084,-2.15955,-0.24546,-0.06297,0.81782,0.07744,0.56674,-0.36948,0.23711,-0.00322,
1403636735,1.86563,-2.13609,-0.24155,-0.06437,0.81956,0.07490,0.56441,-0.31992,0.24341,0.11518,
1403636735,1.83828,-2.11460,-0.22732,-0.06389,0.81947,0.07283,0.56488,-0.27681,0.23496,0.24812,
1403636736,1.80798,-2.09332,-0.20291,-0.06230,0.81854,0.06979,0.56678,-0.25555,0.21427,0.31206,
1403636736,1.78093,-2.07354,-0.17434,-0.05948,0.81718,0.06772,0.56929,-0.23135,0.20267,0.34468,
1403636736,1.75586,-2.05349,-0.14873,-0.05744,0.81764,0.06530,0.56912,-0.21679,0.20567,0.27469,
1403636736,1.73522,-2.03595,-0.12995,-0.05599,0.81783,0.06382,0.56916,-0.20168,0.19154,0.21592,
1403636736,1.71387,-2.01784,-0.11350,-0.05547,0.81721,0.06331,0.57016,-0.18747,0.18495,0.16395,
1403636736,1.69486,-1.99994,-0.10191,-0.05498,0.81636,0.06537,0.57118,-0.17833,0.19075,0.15525,
1403636736,1.67703,-1.98110,-0.08624,-0.05977,0.81411,0.07169,0.57316,-0.17884,0.20134,0.21654,
1403636736,1.65926,-1.96203,-0.06299,-0.06762,0.81086,0.08171,0.57556,-0.19109,0.19201,0.28498,
1403636736,1.64096,-1.94521,-0.03956,-0.07389,0.80881,0.09207,0.57610,-0.20321,0.18138,0.24824,
1403636736,1.62473,-1.92835,-0.01962,-0.07777,0.80762,0.10069,0.57582,-0.20372,0.17257,0.18895,
1403636737,1.60905,-1.91205,-0.00526,-0.07474,0.80560,0.11073,0.57720,-0.19527,0.17831,0.11075,
1403636737,1.59351,-1.89422,0.00184,-0.07125,0.80388,0.11854,0.57848,-0.21254,0.18496,0.05116,
1403636737,1.57280,-1.87434,0.00621,-0.07112,0.80251,0.12192,0.57971,-0.23340,0.21051,0.00219,
1403636737,1.55302,-1.85075,0.00528,-0.07102,0.80199,0.12434,0.57991,-0.25016,0.24253,-0.02609,
1403636737,1.52798,-1.82472,0.00399,-0.07272,0.80224,0.12546,0.57912,-0.27295,0.26526,-0.04638,
1403636737,1.50217,-1.79574,0.00015,-0.07896,0.80273,0.12373,0.57799,-0.29818,0.29356,-0.08130,
1403636737,1.47684,-1.76498,-0.00771,-0.08705,0.80233,0.12126,0.57792,-0.30700,0.30569,-0.10149,
1403636737,1.44695,-1.73490,-0.01755,-0.09081,0.80247,0.12198,0.57698,-0.32417,0.29919,-0.14240,
1403636737,1.41902,-1.70490,-0.03260,-0.09363,0.80401,0.12278,0.57422,-0.33263,0.28723,-0.15434,
1403636737,1.38690,-1.67508,-0.04226,-0.09542,0.80613,0.12453,0.57057,-0.35116,0.27229,-0.08631,
1403636738,1.36182,-1.64362,-0.04404,-0.09511,0.80831,0.12691,0.56699,-0.32241,0.27214,0.00114,
1403636738,1.33229,-1.61507,-0.03873,-0.09886,0.80968,0.12563,0.56467,-0.31442,0.26660,0.04594,
1403636738,1.31138,-1.58577,-0.02638,-0.10449,0.81190,0.12221,0.56122,-0.29097,0.24564,0.10887,
1403636738,1.28708,-1.56148,-0.00816,-0.10858,0.81299,0.11917,0.55952,-0.26313,0.22328,0.18788,
1403636738,1.27275,-1.53958,0.01885,-0.10981,0.81341,0.11755,0.55901,-0.22255,0.19040,0.28606,
1403636738,1.25611,-1.52179,0.05224,-0.10945,0.81316,0.11637,0.55969,-0.19332,0.14589,0.36930,
1403636738,1.24392,-1.50727,0.09017,-0.10526,0.81255,0.11754,0.56113,-0.16309,0.11502,0.37041,
1403636738,1.23567,-1.49404,0.12376,-0.10205,0.81131,0.11773,0.56348,-0.13740,0.09663,0.30954,
1403636738,1.23407,-1.48308,0.15038,-0.10017,0.81153,0.11698,0.56365,-0.10933,0.09096,0.23791,
1403636738,1.22780,-1.47312,0.17170,-0.09906,0.81217,0.11540,0.56325,-0.08013,0.08321,0.17783,
1403636739,1.22629,-1.46457,0.18587,-0.09557,0.81377,0.11106,0.56241,-0.04605,0.05722,0.11250,
1403636739,1.23272,-1.45768,0.19136,-0.08977,0.81723,0.10082,0.56028,0.00007,0.04278,0.04114,
1403636739,1.23487,-1.45390,0.19291,-0.08138,0.81895,0.08522,0.56163,0.02402,0.01833,-0.01634,
1403636739,1.24328,-1.45141,0.18753,-0.07205,0.81781,0.06482,0.56726,0.03415,-0.00847,-0.08167,
1403636739,1.25042,-1.45382,0.17706,-0.06217,0.81662,0.04133,0.57233,0.04303,-0.04887,-0.13979,
1403636739,1.25774,-1.45979,0.16206,-0.05245,0.81619,0.01486,0.57521,0.05319,-0.10182,-0.19295,
1403636739,1.26589,-1.47170,0.14280,-0.03729,0.81615,-0.01039,0.57654,0.05727,-0.15402,-0.22573,
1403636739,1.27338,-1.48929,0.11965,-0.01430,0.81593,-0.03083,0.57715,0.04914,-0.20381,-0.26420,
1403636739,1.28083,-1.51017,0.09256,0.01160,0.81495,-0.04958,0.57729,0.04333,-0.22686,-0.27953,
1403636739,1.28654,-1.53368,0.06639,0.03651,0.81368,-0.06716,0.57626,0.02224,-0.22731,-0.23106,
1403636740,1.28951,-1.55839,0.04820,0.05471,0.81199,-0.08710,0.57454,0.02921,-0.21995,-0.14224,
1403636740,1.29422,-1.58058,0.03945,0.06368,0.80909,-0.10665,0.57440,0.03272,-0.20822,-0.06268,
1403636740,1.30038,-1.60117,0.03615,0.07153,0.80781,-0.11828,0.57300,0.04282,-0.18958,-0.03311,
1403636740,1.30794,-1.61974,0.03101,0.07237,0.80652,-0.12780,0.57268,0.06080,-0.18910,-0.07927,
1403636740,1.31551,-1.63896,0.02059,0.07408,0.80623,-0.13178,0.57196,0.07865,-0.19722,-0.13028,
1403636740,1.32046,-1.65937,0.00503,0.07605,0.80648,-0.13164,0.57138,0.06554,-0.20220,-0.16718,
1403636740,1.32463,-1.67982,-0.01516,0.07945,0.80685,-0.12784,0.57126,0.05828,-0.20374,-0.21211,
1403636740,1.32770,-1.70010,-0.03883,0.08518,0.80715,-0.12121,0.57145,0.04842,-0.19475,-0.23859,
1403636740,1.33022,-1.71776,-0.06564,0.08605,0.80654,-0.11766,0.57292,0.04181,-0.16025,-0.26455,
1403636740,1.33154,-1.73293,-0.09676,0.07973,0.80562,-0.11870,0.57491,0.02979,-0.14776,-0.32907,
1403636741,1.33388,-1.74764,-0.13070,0.07414,0.80468,-0.11957,0.57680,0.01392,-0.13786,-0.32581,
1403636741,1.33440,-1.76236,-0.16064,0.07243,0.80434,-0.11783,0.57785,0.00105,-0.13555,-0.25948,
1403636741,1.33350,-1.77747,-0.18482,0.06858,0.80632,-0.11826,0.57546,-0.02346,-0.14505,-0.20799,
1403636741,1.33095,-1.79357,-0.20509,0.06748,0.80833,-0.11666,0.57310,-0.03617,-0.16398,-0.18944,
1403636741,1.32816,-1.80979,-0.22789,0.06916,0.80738,-0.11376,0.57481,-0.04780,-0.16747,-0.24637,
1403636741,1.32544,-1.82579,-0.25783,0.07908,0.80629,-0.10579,0.57658,-0.05987,-0.15907,-0.30638,
1403636741,1.32082,-1.83865,-0.29382,0.08879,0.80436,-0.10275,0.57841,-0.08372,-0.12908,-0.38954,
1403636741,1.31518,-1.84899,-0.33599,0.09015,0.80141,-0.11188,0.58060,-0.09645,-0.09041,-0.45953,
1403636741,1.30798,-1.85605,-0.38483,0.08532,0.80024,-0.12387,0.58050,-0.12012,-0.05062,-0.50196,
1403636741,1.29842,-1.86122,-0.43154,0.08182,0.80385,-0.13364,0.57383,-0.13143,-0.04158,-0.45482,
1403636742,1.28736,-1.86700,-0.47397,0.08151,0.80992,-0.13906,0.56396,-0.13142,-0.04790,-0.38958,
1403636742,1.27772,-1.87395,-0.50957,0.08089,0.81387,-0.14263,0.55743,-0.10964,-0.07059,-0.30735,
1403636742,1.27104,-1.88268,-0.53659,0.08225,0.81458,-0.14259,0.55620,-0.06674,-0.09567,-0.22594,
1403636742,1.26865,-1.89465,-0.55745,0.08526,0.81210,-0.13942,0.56017,-0.03466,-0.11047,-0.18761,
1403636742,1.26649,-1.90625,-0.57927,0.08996,0.81022,-0.13365,0.56355,-0.02324,-0.10868,-0.25653,
1403636742,1.26670,-1.91650,-0.60920,0.09620,0.81101,-0.12567,0.56322,-0.00123,-0.09137,-0.32063,
1403636742,1.26867,-1.92482,-0.64105,0.09372,0.81589,-0.12316,0.55710,0.02717,-0.05838,-0.29854,
1403636742,1.27593,-1.93259,-0.66835,0.08684,0.81873,-0.12433,0.55379,0.07103,-0.04852,-0.22783,
1403636742,1.28429,-1.93842,-0.68763,0.08000,0.81780,-0.12513,0.55601,0.06954,-0.04533,-0.16319,
1403636742,1.29442,-1.94430,-0.69878,0.07729,0.81325,-0.12412,0.56324,0.11183,-0.05555,-0.09171,
1403636743,1.30736,-1.95085,-0.70535,0.07606,0.81063,-0.12254,0.56752,0.12295,-0.05921,-0.06926,
1403636743,1.32140,-1.95847,-0.70887,0.07554,0.80900,-0.12078,0.57028,0.13753,-0.07011,-0.05560,
1403636743,1.33557,-1.96788,-0.71487,0.07481,0.80609,-0.11918,0.57483,0.13959,-0.06808,-0.13243,
1403636743,1.34810,-1.97543,-0.73085,0.07429,0.80417,-0.11783,0.57785,0.12084,-0.06402,-0.21834,
1403636743,1.35857,-1.98229,-0.75292,0.07214,0.80318,-0.11755,0.57955,0.08731,-0.05981,-0.29093,
1403636743,1.36613,-1.99001,-0.78083,0.07333,0.80406,-0.12032,0.57761,0.06807,-0.06077,-0.35795,
1403636743,1.37329,-1.99804,-0.81777,0.07398,0.81139,-0.12841,0.56540,0.05908,-0.07404,-0.38339,
1403636743,1.38147,-2.00794,-0.85235,0.07432,0.82162,-0.13554,0.54868,0.08799,-0.09623,-0.33510,
1403636743,1.39321,-2.02048,-0.87683,0.07570,0.82781,-0.14014,0.53792,0.13882,-0.12084,-0.22956,
1403636743,1.41330,-2.03507,-0.89193,0.07484,0.82834,-0.14422,0.53615,0.23191,-0.15968,-0.11836,
1403636744,1.44125,-2.05348,-0.90261,0.07684,0.82415,-0.14487,0.54211,0.28619,-0.19239,-0.12770,
1403636744,1.47321,-2.07427,-0.91964,0.08112,0.81860,-0.14267,0.55042,0.33752,-0.21120,-0.19266,
1403636744,1.51087,-2.09666,-0.94256,0.08606,0.81405,-0.13963,0.55715,0.37077,-0.22650,-0.25143,
1403636744,1.55178,-2.12156,-0.97076,0.09126,0.80875,-0.14188,0.56344,0.38884,-0.22394,-0.32554,
1403636744,1.59161,-2.14422,-1.00454,0.09470,0.80398,-0.14745,0.56825,0.39356,-0.21910,-0.37044,
1403636744,1.63357,-2.16785,-1.04490,0.09834,0.80085,-0.15045,0.57125,0.40320,-0.21338,-0.43866,
1403636744,1.67494,-2.19019,-1.09095,0.10515,0.79853,-0.15511,0.57205,0.40772,-0.20860,-0.48946,
1403636744,1.71317,-2.20965,-1.14195,0.10855,0.79558,-0.16265,0.57342,0.37243,-0.17087,-0.54707,
1403636744,1.74843,-2.22824,-1.19879,0.10873,0.79279,-0.16959,0.57524,0.35467,-0.15901,-0.60515,
1403636744,1.78290,-2.24559,-1.26061,0.10520,0.79115,-0.17613,0.57618,0.32888,-0.15120,-0.65256,
1403636745,1.81499,-2.26227,-1.32651,0.09752,0.78949,-0.18247,0.57784,0.29919,-0.16062,-0.68733,
1403636745,1.84288,-2.28187,-1.39682,0.09351,0.78702,-0.18432,0.58127,0.26750,-0.19196,-0.72448,
1403636745,1.86759,-2.30362,-1.46973,0.09519,0.78517,-0.18232,0.58413,0.22143,-0.22127,-0.75210,
1403636745,1.88745,-2.32634,-1.54260,0.10329,0.78610,-0.17667,0.58323,0.14674,-0.21673,-0.71009,
1403636745,1.90033,-2.34977,-1.60772,0.10837,0.79041,-0.17256,0.57770,0.10485,-0.20663,-0.62141,
1403636745,1.91102,-2.37094,-1.66620,0.10761,0.79521,-0.17094,0.57170,0.09499,-0.20922,-0.52633,
1403636745,1.92174,-2.39349,-1.71572,0.10488,0.80079,-0.16871,0.56504,0.08978,-0.19287,-0.46292,
1403636745,1.93408,-2.41570,-1.75822,0.10123,0.80294,-0.16614,0.56342,0.11349,-0.20504,-0.41441,
1403636745,1.94878,-2.43878,-1.79583,0.09965,0.80404,-0.16112,0.56359,0.14294,-0.21337,-0.35552,
1403636745,1.96365,-2.46117,-1.82342,0.10038,0.79955,-0.15532,0.57142,0.12611,-0.21557,-0.24572,
1403636746,1.98009,-2.48353,-1.84242,0.10170,0.79572,-0.15308,0.57711,0.12183,-0.19959,-0.16015,
1403636746,1.99445,-2.50351,-1.85515,0.10323,0.79382,-0.15507,0.57892,0.09532,-0.18107,-0.10668,
1403636746,2.00947,-2.52204,-1.86098,0.10730,0.79252,-0.15822,0.57911,0.09780,-0.16185,-0.02316,
1403636746,2.02045,-2.53763,-1.86020,0.11357,0.79269,-0.16148,0.57677,0.09129,-0.13669,0.04821,
1403636746,2.03413,-2.55113,-1.85338,0.12120,0.79218,-0.16467,0.57502,0.07731,-0.10290,0.09543,
1403636746,2.04289,-2.56016,-1.83940,0.13040,0.79218,-0.16663,0.57244,0.08024,-0.05177,0.17857,
1403636746,2.05264,-2.56402,-1.82102,0.13817,0.79286,-0.16822,0.56919,0.06542,0.00599,0.23884,
1403636746,2.06163,-2.56233,-1.79576,0.14243,0.79084,-0.17001,0.57042,0.06730,0.06631,0.29801,
1403636746,2.06967,-2.55466,-1.76544,0.14566,0.78277,-0.17066,0.58046,0.06778,0.13056,0.30527,
1403636746,2.07729,-2.54107,-1.74239,0.14587,0.77714,-0.17153,0.58767,0.04557,0.19541,0.20228,
1403636747,2.08123,-2.52105,-1.72988,0.13959,0.78146,-0.17508,0.58240,0.01524,0.25365,0.09235,
1403636747,2.08319,-2.49684,-1.72650,0.12901,0.79331,-0.17945,0.56728,0.00987,0.28297,-0.00207,
1403636747,2.08474,-2.46966,-1.72750,0.11433,0.80557,-0.18544,0.55099,0.03227,0.28162,-0.03839,
1403636747,2.09082,-2.44580,-1.73130,0.10134,0.80996,-0.19020,0.54546,0.08232,0.23627,-0.05359,
1403636747,2.10003,-2.42728,-1.73503,0.09418,0.80913,-0.19173,0.54743,0.12409,0.17201,-0.02000,
1403636747,2.11121,-2.41404,-1.73412,0.09379,0.80734,-0.18924,0.55100,0.14670,0.10411,0.06812,
1403636747,2.12652,-2.40486,-1.72217,0.10414,0.80419,-0.18075,0.55657,0.17648,0.06205,0.17051,
1403636747,2.14549,-2.39828,-1.70310,0.11334,0.80049,-0.17471,0.56200,0.23789,0.03675,0.25955,
1403636747,2.16631,-2.39089,-1.67641,0.11994,0.79871,-0.17130,0.56421,0.23459,0.06067,0.34290,
1403636747,2.18702,-2.38091,-1.64615,0.12278,0.79754,-0.17142,0.56521,0.23972,0.08930,0.31341,
1403636748,2.20826,-2.36968,-1.62262,0.12401,0.79766,-0.17378,0.56405,0.23898,0.11488,0.23729,
1403636748,2.22715,-2.35555,-1.60356,0.12368,0.79835,-0.17683,0.56221,0.23850,0.14167,0.21862,
1403636748,2.24953,-2.34063,-1.58091,0.12467,0.79841,-0.17931,0.56111,0.23804,0.16304,0.27632,
1403636748,2.27265,-2.32433,-1.55171,0.12577,0.79851,-0.18174,0.55994,0.25742,0.17742,0.36392,
1403636748,2.29856,-2.30710,-1.51415,0.12028,0.79623,-0.18874,0.56208,0.28626,0.18434,0.43280,
1403636748,2.32531,-2.28989,-1.47360,0.10859,0.79151,-0.20000,0.56721,0.26574,0.17186,0.39830,
1403636748,2.34762,-2.27620,-1.44059,0.10333,0.78986,-0.20650,0.56816,0.24030,0.13436,0.32562,
1403636748,2.36945,-2.26712,-1.41402,0.10282,0.79021,-0.20908,0.56682,0.21907,0.08756,0.25834,
1403636748,2.39022,-2.26215,-1.39373,0.11423,0.79298,-0.20173,0.56342,0.20542,0.03196,0.20466,
1403636748,2.41177,-2.25902,-1.37802,0.12690,0.79517,-0.19233,0.56090,0.21938,0.03198,0.17751,
1403636749,2.43311,-2.25595,-1.35969,0.13188,0.79486,-0.18817,0.56161,0.21123,0.05077,0.22120,
1403636749,2.45435,-2.25115,-1.33721,0.12899,0.79350,-0.19043,0.56343,0.21451,0.06592,0.27884,
1403636749,2.47654,-2.24610,-1.30740,0.12193,0.79119,-0.19623,0.56625,0.20522,0.06179,0.28791,
1403636749,2.49795,-2.24130,-1.28044,0.11559,0.78958,-0.20227,0.56770,0.19234,0.04429,0.23695,
1403636749,2.51689,-2.23926,-1.26075,0.11323,0.78759,-0.20688,0.56928,0.17292,0.01802,0.18703,
1403636749,2.53397,-2.23986,-1.24194,0.11367,0.78622,-0.21075,0.56966,0.15269,-0.01385,0.15590,
1403636749,2.54985,-2.24294,-1.22874,0.10920,0.78377,-0.21710,0.57153,0.12373,-0.04684,0.13751,
1403636749,2.56241,-2.25061,-1.21444,0.11071,0.78289,-0.21890,0.57176,0.08858,-0.09870,0.15889,
1403636749,2.57151,-2.26259,-1.19500,0.12250,0.78359,-0.21338,0.57048,0.05272,-0.12505,0.22331,
1403636749,2.57853,-2.27553,-1.17090,0.13148,0.78493,-0.20865,0.56839,0.02480,-0.12238,0.28630,
1403636750,2.58279,-2.28924,-1.14045,0.13931,0.78629,-0.20346,0.56652,0.01594,-0.11639,0.31322,
1403636750,2.58669,-2.30263,-1.10999,0.14669,0.78763,-0.19752,0.56489,0.02877,-0.10576,0.28479,
1403636750,2.59037,-2.31161,-1.08398,0.14663,0.78749,-0.19593,0.56566,0.03380,-0.06893,0.22453,
1403636750,2.59627,-2.32140,-1.06412,0.14436,0.78359,-0.19498,0.57195,0.03510,-0.04206,0.16464,
1403636750,2.59965,-2.32457,-1.05067,0.14175,0.77921,-0.19381,0.57895,0.01763,-0.01073,0.10593,
1403636750,2.60075,-2.32698,-1.04238,0.13915,0.77711,-0.19132,0.58321,-0.01453,0.02344,0.04922,
1403636750,2.59768,-2.32512,-1.03768,0.13597,0.77824,-0.18970,0.58298,-0.05818,0.05704,0.04569,
1403636750,2.59035,-2.31815,-1.02992,0.13277,0.78101,-0.18859,0.58037,-0.09714,0.08935,0.09446,
1403636750,2.58142,-2.30955,-1.01494,0.12977,0.78502,-0.18720,0.57608,-0.09355,0.09468,0.20876,
1403636750,2.57131,-2.30011,-0.99028,0.12656,0.78825,-0.18579,0.57282,-0.10049,0.10989,0.30256,
1403636751,2.55814,-2.28794,-0.95737,0.12480,0.78968,-0.18236,0.57234,-0.11737,0.11371,0.41057,
1403636751,2.54505,-2.27538,-0.91497,0.12263,0.79137,-0.17929,0.57144,-0.12046,0.11890,0.47828,
1403636751,2.53036,-2.26218,-0.86839,0.12247,0.79269,-0.17602,0.57067,-0.12907,0.12754,0.53663,
1403636751,2.51517,-2.24670,-0.81703,0.12185,0.79436,-0.17394,0.56911,-0.13452,0.13839,0.57321,
1403636751,2.49871,-2.23002,-0.75724,0.12244,0.79637,-0.17199,0.56676,-0.16508,0.16420,0.63660,
1403636751,2.48172,-2.21191,-0.69928,0.12455,0.79812,-0.17027,0.56435,-0.16154,0.17660,0.58735,
1403636751,2.46726,-2.19100,-0.64762,0.12466,0.79832,-0.17093,0.56385,-0.15138,0.20468,0.51458,
1403636751,2.45406,-2.17091,-0.60099,0.12401,0.80223,-0.17295,0.55780,-0.11969,0.21573,0.45485,
1403636751,2.44316,-2.15089,-0.55728,0.12051,0.80581,-0.17693,0.55213,-0.10026,0.21854,0.43777,
1403636751,2.43518,-2.13015,-0.51369,0.11468,0.80356,-0.18291,0.55469,-0.06847,0.20461,0.43935,
1403636752,2.43108,-2.11245,-0.47241,0.10760,0.79877,-0.18851,0.56112,-0.04464,0.18074,0.42872,
1403636752,2.42613,-2.09595,-0.43125,0.10035,0.79600,-0.18808,0.56652,-0.05093,0.15149,0.39487,
1403636752,2.42113,-2.08307,-0.39418,0.09336,0.79842,-0.18610,0.56496,-0.06461,0.11586,0.35363,
1403636752,2.41445,-2.07463,-0.35951,0.08756,0.80422,-0.18414,0.55826,-0.06900,0.05624,0.32256,
1403636752,2.40879,-2.07124,-0.32658,0.09091,0.81010,-0.17733,0.55139,-0.05885,0.00993,0.33690,
1403636752,2.40611,-2.07248,-0.29277,0.09700,0.81320,-0.16995,0.54810,-0.01565,-0.02924,0.32450,
1403636752,2.40676,-2.07628,-0.26102,0.10008,0.81219,-0.16608,0.55022,0.02920,-0.04973,0.32033,
1403636752,2.41107,-2.08050,-0.23010,0.10036,0.80750,-0.16052,0.55867,0.05585,-0.05052,0.29947,
1403636752,2.41639,-2.08447,-0.19897,0.09567,0.80314,-0.15154,0.56821,0.06370,-0.04194,0.34871,
1403636752,2.42281,-2.08764,-0.16256,0.08761,0.80104,-0.13896,0.57563,0.06379,-0.03216,0.39255,
1403636753,2.42822,-2.08995,-0.12135,0.07692,0.80327,-0.12285,0.57771,0.04037,-0.02812,0.41695,
1403636753,2.43274,-2.09264,-0.08309,0.06540,0.80732,-0.10457,0.57709,0.03419,-0.02491,0.35470,
1403636753,2.43451,-2.09428,-0.05210,0.05267,0.81111,-0.08601,0.57614,0.02426,-0.02262,0.28260,
1403636753,2.43654,-2.09499,-0.02667,0.04093,0.81386,-0.06575,0.57587,0.00753,-0.01283,0.20271,
1403636753,2.43728,-2.09576,-0.00740,0.03058,0.81554,-0.04340,0.57626,0.00146,-0.01011,0.14570,
1403636753,2.43798,-2.09557,0.00528,0.02123,0.81688,-0.01921,0.57609,-0.00034,0.01321,0.06957,
1403636753,2.43826,-2.09345,0.01151,0.00972,0.81766,0.00476,0.57560,-0.00207,0.04086,0.00919,
1403636753,2.43929,-2.08716,0.01241,-0.00349,0.81763,0.02828,0.57504,0.00374,0.07651,-0.04130,
1403636753,2.44017,-2.07672,0.00789,-0.01340,0.81636,0.05396,0.57485,0.00850,0.12512,-0.09592,
1403636753,2.43991,-2.06269,0.00076,-0.02704,0.81365,0.07148,0.57631,0.00245,0.16000,-0.08927,
1403636754,2.43892,-2.04449,-0.00252,-0.04192,0.81226,0.07910,0.57638,-0.01333,0.18701,-0.01590,
1403636754,2.43432,-2.02501,0.00242,-0.05255,0.81060,0.08270,0.57735,-0.05353,0.19449,0.06474,
1403636754,2.42743,-2.00547,0.01186,-0.05790,0.81018,0.08359,0.57730,-0.05992,0.20015,0.07518,
1403636754,2.42126,-1.98459,0.01819,-0.05754,0.80903,0.08477,0.57877,-0.08117,0.20399,0.02414,
1403636754,2.41386,-1.96349,0.01733,-0.05732,0.80905,0.08305,0.57902,-0.10234,0.21028,-0.02687,
1403636754,2.40651,-1.93972,0.01332,-0.05480,0.80859,0.08167,0.58009,-0.11178,0.21560,-0.00672,
1403636754,2.39795,-1.91635,0.01498,-0.05426,0.80495,0.07863,0.58561,-0.10626,0.23153,0.06867,
1403636754,2.38580,-1.89192,0.02222,-0.05087,0.80209,0.07719,0.59000,-0.15485,0.23897,0.09702,
1403636754,2.36924,-1.86660,0.03474,-0.04737,0.80154,0.07608,0.59119,-0.17375,0.25350,0.15125,
1403636754,2.35243,-1.83719,0.05237,-0.04607,0.80159,0.07685,0.59113,-0.21500,0.28616,0.19210,
1403636755,2.32727,-1.80814,0.07153,-0.04879,0.80198,0.08094,0.58983,-0.25769,0.30663,0.15760,
1403636755,2.29871,-1.77627,0.08415,-0.05232,0.80313,0.09065,0.58654,-0.29218,0.34277,0.09652,
1403636755,2.26747,-1.74066,0.09084,-0.06138,0.80262,0.10227,0.58444,-0.32535,0.36961,0.04472,
1403636755,2.23339,-1.70279,0.09318,-0.07145,0.80071,0.11589,0.58338,-0.35272,0.37651,-0.00526,
1403636755,2.19622,-1.66428,0.09132,-0.08003,0.79884,0.12666,0.58259,-0.38306,0.38396,-0.04883,
1403636755,2.15644,-1.62531,0.08588,-0.08552,0.79784,0.13574,0.58112,-0.41107,0.38753,-0.07789,
1403636755,2.11368,-1.58570,0.07975,-0.09049,0.79701,0.14064,0.58035,-0.46975,0.39055,-0.05244,
1403636755,2.06597,-1.54609,0.07861,-0.09472,0.79703,0.14322,0.57902,-0.50161,0.39551,0.01053,
1403636755,2.01705,-1.50586,0.08479,-0.09568,0.80122,0.14519,0.57255,-0.51077,0.40732,0.07342,
1403636755,1.96661,-1.46485,0.09877,-0.09461,0.80768,0.14662,0.56320,-0.50136,0.41471,0.14533,
1403636756,1.91993,-1.42125,0.11589,-0.09334,0.81025,0.14659,0.55973,-0.46610,0.43382,0.14906,
1403636756,1.87543,-1.37542,0.12895,-0.09049,0.80927,0.14696,0.56151,-0.43909,0.46217,0.09283,
1403636756,1.83214,-1.32764,0.13529,-0.09157,0.80839,0.14433,0.56329,-0.43192,0.48254,0.03556,
1403636756,1.78986,-1.27841,0.13739,-0.09338,0.80616,0.14145,0.56690,-0.42611,0.49076,-0.00948,
1403636756,1.74855,-1.22815,0.13575,-0.09443,0.80375,0.13997,0.57051,-0.41585,0.50496,-0.03664,
1403636756,1.70665,-1.17692,0.13502,-0.09620,0.80267,0.13843,0.57211,-0.41528,0.51747,0.01615,
1403636756,1.66642,-1.12530,0.14130,-0.09573,0.80156,0.13859,0.57370,-0.38464,0.52354,0.09780,
1403636756,1.62500,-1.07337,0.15235,-0.09606,0.80009,0.13863,0.57569,-0.40988,0.52118,0.14739,
1403636756,1.58140,-1.02129,0.16465,-0.09699,0.79979,0.13861,0.57595,-0.42262,0.52892,0.12613,
1403636756,1.53765,-0.96923,0.17298,-0.09658,0.79884,0.13996,0.57700,-0.43836,0.52509,0.06780,
1403636757,1.49212,-0.91733,0.17553,-0.09803,0.79849,0.14039,0.57715,-0.45515,0.52759,-0.00136,
1403636757,1.44508,-0.86637,0.17248,-0.09870,0.79785,0.14105,0.57775,-0.47504,0.52780,-0.04148,
1403636757,1.39479,-0.81585,0.16957,-0.10002,0.79680,0.14144,0.57888,-0.50983,0.51383,-0.01509,
1403636757,1.34338,-0.76454,0.17211,-0.10141,0.79588,0.14171,0.57984,-0.53451,0.50254,0.02771,
1403636757,1.28783,-0.71683,0.17979,-0.10205,0.79588,0.14229,0.57959,-0.56859,0.49197,0.10802,
1403636757,1.23076,-0.66851,0.19486,-0.10297,0.79586,0.14283,0.57931,-0.59598,0.46949,0.12980,
1403636757,1.17387,-0.62098,0.20680,-0.10507,0.79591,0.14214,0.57904,-0.61074,0.47366,0.09021,
1403636757,1.11271,-0.57646,0.21265,-0.10566,0.79609,0.14214,0.57869,-0.62727,0.45388,0.03718,
1403636757,1.05310,-0.53266,0.21302,-0.10314,0.79630,0.14474,0.57820,-0.64184,0.44518,-0.02684,
1403636757,0.98754,-0.48749,0.20945,-0.10202,0.79778,0.14621,0.57598,-0.65773,0.44493,-0.06754,
1403636758,0.92438,-0.44346,0.20414,-0.09965,0.79978,0.15065,0.57247,-0.66796,0.45732,-0.03092,
1403636758,0.85895,-0.39473,0.20643,-0.10116,0.80446,0.15771,0.56368,-0.66318,0.48245,0.04207,
1403636758,0.79720,-0.34495,0.21391,-0.10394,0.81036,0.16483,0.55258,-0.62859,0.50923,0.11973,
1403636758,0.73889,-0.28765,0.22882,-0.10771,0.81437,0.17036,0.54422,-0.56426,0.55159,0.21539,
1403636758,0.68602,-0.23023,0.25396,-0.11282,0.81499,0.17345,0.54127,-0.50992,0.57890,0.32319,
1403636758,0.63859,-0.17022,0.28526,-0.11872,0.80863,0.17425,0.54924,-0.45351,0.58808,0.32770,
1403636758,0.59659,-0.11054,0.31360,-0.12453,0.80074,0.17364,0.55960,-0.42328,0.59516,0.25887,
1403636758,0.55550,-0.05164,0.33387,-0.12811,0.79470,0.17326,0.56747,-0.43044,0.57154,0.18128,
1403636758,0.51028,0.00589,0.34536,-0.13151,0.79234,0.17180,0.57043,-0.44377,0.55624,0.09478,
1403636758,0.46269,0.06391,0.34883,-0.13357,0.79723,0.17031,0.56354,-0.46644,0.54396,-0.00928,
1403636759,0.41733,0.11976,0.34409,-0.13856,0.80947,0.16635,0.54579,-0.44187,0.53159,-0.05504,
1403636759,0.37477,0.17446,0.33775,-0.14609,0.82116,0.16023,0.52790,-0.37025,0.50515,-0.05462,
1403636759,0.34474,0.22634,0.33397,-0.14644,0.81894,0.15831,0.53181,-0.24707,0.47697,-0.02689,
1403636759,0.32547,0.27361,0.32846,-0.14416,0.80933,0.15834,0.54693,-0.17095,0.44788,-0.03925,
1403636759,0.30983,0.31931,0.31751,-0.13781,0.80064,0.16183,0.56017,-0.15593,0.40921,-0.09573,
1403636759,0.29515,0.36089,0.30490,-0.13444,0.79640,0.16357,0.56649,-0.16395,0.38356,-0.13513,
1403636759,0.27994,0.39989,0.29064,-0.14284,0.79505,0.15763,0.56801,-0.16505,0.36142,-0.16010,
1403636759,0.26670,0.43486,0.27404,-0.16108,0.79612,0.14515,0.56496,-0.14466,0.30088,-0.18972,
1403636759,0.25535,0.46148,0.25329,-0.17045,0.79657,0.13875,0.56318,-0.12022,0.20159,-0.22218,
1403636759,0.24569,0.47708,0.22930,-0.15798,0.79503,0.14779,0.56668,-0.09951,0.10660,-0.26221,
1403636760,0.23724,0.48562,0.20122,-0.14473,0.79303,0.15740,0.57042,-0.09958,0.05171,-0.29585,
1403636760,0.22757,0.48989,0.17286,-0.13584,0.79125,0.16509,0.57290,-0.11395,0.01293,-0.23974,
1403636760,0.21660,0.49184,0.15314,-0.13133,0.79107,0.16924,0.57299,-0.13138,0.01094,-0.13724,
1403636760,0.20554,0.49289,0.14465,-0.13104,0.78995,0.17009,0.57435,-0.12389,0.00416,-0.03847,
1403636760,0.19122,0.49221,0.13991,-0.13056,0.79361,0.17046,0.56928,-0.15482,-0.00992,-0.06911,
1403636760,0.17576,0.49083,0.13193,-0.12903,0.79957,0.17123,0.56100,-0.16565,-0.01292,-0.09456,
1403636760,0.16082,0.48933,0.12173,-0.12836,0.80474,0.17098,0.55379,-0.14614,-0.01282,-0.10972,
1403636760,0.14890,0.48857,0.11186,-0.12900,0.80448,0.17026,0.55423,-0.10733,-0.00330,-0.09831,
1403636760,0.13983,0.48812,0.10150,-0.13250,0.79644,0.16737,0.56579,-0.09458,-0.00910,-0.11301,
1403636760,0.13131,0.48677,0.08724,-0.13103,0.79148,0.16844,0.57273,-0.10069,-0.02344,-0.15018,
1403636761,0.12066,0.48422,0.07097,-0.12796,0.79139,0.17049,0.57294,-0.13453,-0.03569,-0.17409,
1403636761,0.10763,0.48125,0.05343,-0.12499,0.79734,0.17308,0.56451,-0.14284,-0.02910,-0.16573,
1403636761,0.09514,0.48012,0.03721,-0.12067,0.80108,0.17668,0.55901,-0.13488,-0.01092,-0.13781,
1403636761,0.08348,0.48035,0.02444,-0.11887,0.79910,0.17867,0.56159,-0.12431,0.01935,-0.11991,
1403636761,0.07147,0.48280,0.01238,-0.11766,0.79468,0.18064,0.56745,-0.13938,0.03869,-0.11359,
1403636761,0.05783,0.48761,-0.00083,-0.11893,0.79708,0.18032,0.56392,-0.15438,0.06211,-0.13126,
1403636761,0.04328,0.49458,-0.01522,-0.12138,0.80385,0.17920,0.55406,-0.14337,0.08579,-0.14204,
1403636761,0.03170,0.50466,-0.02980,-0.11985,0.81185,0.18101,0.54201,-0.11924,0.11156,-0.13337,
1403636761,0.02393,0.51696,-0.04059,-0.11970,0.81506,0.18132,0.53710,-0.05880,0.14533,-0.08012,
1403636761,0.02159,0.53235,-0.04587,-0.12185,0.80959,0.18028,0.54518,-0.01107,0.16489,-0.02376,
1403636762,0.02359,0.55019,-0.04735,-0.12389,0.80104,0.17850,0.55778,0.00580,0.18233,0.00618,
1403636762,0.02602,0.56885,-0.04653,-0.12603,0.79494,0.17612,0.56671,0.00409,0.18949,0.02185,
1403636762,0.02799,0.58729,-0.04450,-0.13516,0.79384,0.16881,0.56838,-0.00209,0.17586,0.02763,
1403636762,0.02904,0.60371,-0.04061,-0.14410,0.79459,0.16181,0.56717,-0.00511,0.14542,0.05811,
1403636762,0.03004,0.61515,-0.03499,-0.14520,0.79530,0.16060,0.56623,0.00497,0.08009,0.06492,
1403636762,0.03131,0.62196,-0.02766,-0.13405,0.79413,0.16768,0.56857,0.01101,0.05339,0.08777,
1403636762,0.03197,0.62691,-0.01867,-0.11551,0.79140,0.17965,0.57277,-0.01184,0.05340,0.09728,
1403636762,0.02953,0.63375,-0.00977,-0.10419,0.79388,0.18664,0.56927,-0.04453,0.09362,0.07817,
1403636762,0.02544,0.64516,-0.00517,-0.10490,0.80344,0.18554,0.55592,-0.04758,0.14107,0.01638,
1403636762,0.02207,0.66131,-0.00843,-0.10972,0.81046,0.18153,0.54604,-0.01815,0.19331,-0.07433,
1403636763,0.02208,0.68213,-0.01898,-0.12927,0.81120,0.16777,0.54507,0.02010,0.22592,-0.13586,
1403636763,0.02554,0.70311,-0.03691,-0.15334,0.80673,0.15066,0.55044,0.05144,0.19548,-0.20835,
1403636763,0.03298,0.71876,-0.06303,-0.15816,0.80042,0.14755,0.55906,0.09137,0.12294,-0.29934,
1403636763,0.04319,0.72806,-0.09676,-0.14544,0.79665,0.15722,0.56523,0.09798,0.06711,-0.36205,
1403636763,0.03911,0.71937,-0.09690,-0.15179,0.77131,0.15115,0.59933,-0.13935,-0.16576,-0.09789,
1403636763,0.02656,0.70099,-0.10653,-0.12947,0.79591,0.14805,0.57257,-0.13514,-0.19567,-0.10211,
1403636763,0.01539,0.68257,-0.11618,-0.13055,0.79345,0.12314,0.58157,-0.08717,-0.05252,0.17592,
1403636763,0.00660,0.67708,-0.12042,-0.12929,0.79174,0.11179,0.58646,-0.01498,0.01049,-0.01496,
1403636763,0.00600,0.67412,-0.12611,-0.13079,0.79481,0.11087,0.58214,-0.08514,-0.05813,-0.04567,
1403636763,-0.00565,0.67567,-0.13007,-0.13086,0.79562,0.11062,0.58105,-0.09280,-0.01432,-0.04066,
1403636764,-0.01548,0.67166,-0.13621,-0.13103,0.79536,0.11076,0.58135,-0.10894,-0.01672,-0.05562,
1403636764,-0.01810,0.66467,-0.12140,-0.13119,0.79569,0.11100,0.58082,-0.10176,-0.03176,-0.01207,
1403636764,-0.03009,0.66088,-0.13586,-0.13172,0.79520,0.11088,0.58139,-0.11774,-0.03549,-0.03383,
1403636764,-0.04416,0.65957,-0.14109,-0.13175,0.79513,0.11070,0.58151,-0.13456,-0.03624,-0.03393,
