1403638521,-0.00019,-0.00010,-0.00038,-0.00446,0.83293,0.00316,0.55335,-0.00033,0.00043,-0.00058,
1403638521,-0.00062,0.00035,-0.00123,-0.00458,0.83297,0.00325,0.55328,-0.00063,0.00056,-0.00131,
1403638521,-0.00033,0.00016,-0.00055,-0.00457,0.83296,0.00319,0.55330,-0.00100,0.00030,-0.00059,
1403638521,-0.00038,0.00011,-0.00064,-0.00454,0.83293,0.00330,0.55335,-0.00150,-0.00098,-0.00097,
1403638521,-0.00033,0.00001,-0.00059,-0.00450,0.83292,0.00333,0.55336,-0.00057,-0.00054,-0.00059,
1403638521,-0.00040,-0.00001,-0.00071,-0.00448,0.83295,0.00319,0.55333,0.00062,0.00052,0.00223,
1403638521,-0.00045,-0.00011,-0.00078,-0.00436,0.83293,0.00334,0.55335,-0.00202,-0.00050,-0.00104,
1403638521,-0.00035,-0.00031,-0.00073,-0.00430,0.83294,0.00371,0.55333,-0.00059,-0.00015,-0.00055,
1403638521,-0.00025,-0.00005,-0.00043,-0.00454,0.83294,0.00337,0.55333,0.00004,0.00074,0.00125,
1403638522,-0.00004,0.00012,-0.00028,-0.00469,0.83302,0.00260,0.55322,-0.00070,0.00013,-0.00157,
1403638522,0.00004,0.00000,-0.00035,-0.00445,0.83297,0.00284,0.55330,-0.00006,-0.00513,0.00104,
1403638522,-0.00015,0.00014,-0.00048,-0.00483,0.83296,0.00259,0.55330,-0.00217,0.00237,0.00065,
1403638522,-0.00008,0.00005,-0.00040,-0.00461,0.83302,0.00308,0.55322,-0.00071,-0.00466,0.00192,
1403638522,0.00039,0.00059,0.00001,-0.00531,0.83304,0.00283,0.55318,0.00695,0.00310,0.00453,
1403638522,0.00110,0.00090,0.00025,-0.00690,0.83332,0.00599,0.55271,0.00778,0.00271,0.00927,
1403638522,0.00166,0.00237,0.00519,-0.00637,0.83595,0.00755,0.54871,0.00447,0.02560,0.09861,
1403638522,0.00237,0.00452,0.02125,-0.01150,0.83370,0.00819,0.55204,0.01627,0.01781,0.22185,
1403638522,0.00504,0.00590,0.05079,-0.01930,0.82775,0.01090,0.56066,0.03083,0.00168,0.35233,
1403638522,0.00778,0.00602,0.09024,-0.02920,0.82553,0.01471,0.56341,0.03037,0.00310,0.42484,
1403638523,0.01023,0.00587,0.13427,-0.04370,0.82709,0.01739,0.56010,0.02783,0.00137,0.44664,
1403638523,0.01259,0.00592,0.18159,-0.05662,0.82528,0.01936,0.56155,0.05315,-0.00267,0.46446,
1403638523,0.01881,0.00730,0.23006,-0.05572,0.81941,0.02540,0.56993,0.06447,0.02227,0.48825,
1403638523,0.02442,0.01262,0.27876,-0.04923,0.81274,0.01963,0.58021,0.05422,0.02318,0.50316,
1403638523,0.02576,0.01575,0.32922,-0.05204,0.80519,0.00852,0.59067,0.02216,-0.01435,0.48478,
1403638523,0.02848,0.01416,0.37064,-0.04852,0.80165,0.00073,0.59582,0.01680,-0.03549,0.35052,
1403638523,0.02921,0.01111,0.39691,-0.04633,0.80039,0.00006,0.59769,-0.00435,-0.04011,0.15874,
1403638523,0.02647,0.00380,0.40289,-0.04479,0.79849,0.00148,0.60034,-0.01818,-0.08377,-0.08211,
1403638523,0.02845,-0.00266,0.37987,-0.03070,0.79661,-0.00204,0.60371,0.01445,-0.05511,-0.32757,
1403638523,0.02903,-0.01004,0.34188,-0.03033,0.79737,0.00029,0.60273,0.01029,-0.07617,-0.44945,
1403638524,0.02656,-0.01756,0.29553,-0.02760,0.80366,0.00568,0.59442,-0.02345,-0.07524,-0.50461,
1403638524,0.02183,-0.02513,0.24713,-0.02422,0.81333,0.01163,0.58119,-0.03775,-0.07403,-0.50702,
1403638524,0.01689,-0.03230,0.19936,-0.02134,0.82026,0.01547,0.57138,-0.03904,-0.06285,-0.47492,
1403638524,0.01080,-0.03927,0.15367,-0.02240,0.82314,0.02028,0.56703,-0.06033,-0.05080,-0.43429,
1403638524,0.00379,-0.04499,0.11366,-0.01582,0.82300,0.02503,0.56726,-0.06649,-0.03907,-0.34065,
1403638524,-0.00262,-0.04794,0.08799,-0.00617,0.82488,0.03201,0.56436,-0.04474,-0.00594,-0.14802,
1403638524,-0.00649,-0.04819,0.08827,-0.00330,0.82939,0.04013,0.55722,-0.02528,0.00677,0.13303,
1403638524,-0.00746,-0.04696,0.11806,-0.00793,0.83268,0.04260,0.55205,0.00559,0.00691,0.40729,
1403638524,-0.00607,-0.04630,0.16770,-0.01687,0.83171,0.04275,0.55331,0.02948,0.01203,0.54740,
1403638524,-0.00220,-0.04512,0.22631,-0.02549,0.82719,0.04056,0.55988,0.04781,0.01363,0.60584,
1403638525,0.00285,-0.04400,0.28759,-0.03141,0.81950,0.04037,0.57080,0.06559,0.02195,0.60374,
1403638525,0.00962,-0.04158,0.34623,-0.03114,0.81205,0.03653,0.58162,0.07644,0.03317,0.54971,
1403638525,0.01595,-0.03771,0.39487,-0.02250,0.80717,0.03181,0.58903,0.05760,0.05072,0.41294,
1403638525,0.02244,-0.03410,0.42882,-0.00798,0.80531,0.02549,0.59225,0.05278,0.04666,0.26875,
1403638525,0.02683,-0.02985,0.44841,-0.01153,0.80443,0.02525,0.59340,0.02594,0.03104,0.10308,
1403638525,0.02914,-0.02692,0.44864,-0.01445,0.80236,0.02796,0.59601,0.00897,0.01170,-0.11522,
1403638525,0.03192,-0.02588,0.42565,-0.00907,0.80009,0.03131,0.59899,0.02123,0.01308,-0.33588,
1403638525,0.03502,-0.02653,0.38508,-0.00752,0.80093,0.03632,0.59761,0.00803,-0.00282,-0.46638,
1403638525,0.03462,-0.02955,0.33429,-0.00952,0.80730,0.04165,0.58859,-0.00754,-0.00013,-0.53570,
1403638525,0.03226,-0.03051,0.28126,-0.01460,0.81877,0.04468,0.57220,-0.03484,0.00800,-0.52783,
1403638526,0.02834,-0.02965,0.23083,-0.02351,0.83040,0.04489,0.55486,-0.03962,-0.00489,-0.47730,
1403638526,0.02655,-0.03221,0.18655,-0.02715,0.83651,0.04289,0.54560,-0.02370,-0.01774,-0.39609,
1403638526,0.02426,-0.03349,0.15136,-0.02570,0.83680,0.03874,0.54554,-0.01188,-0.00905,-0.30851,
1403638526,0.02312,-0.03449,0.12498,-0.02179,0.83385,0.03348,0.55055,-0.00680,-0.00517,-0.21787,
1403638526,0.02044,-0.03858,0.10847,-0.01348,0.83090,0.03145,0.55536,-0.03882,-0.08202,-0.11538,
1403638526,0.01618,-0.05188,0.10281,-0.00691,0.83130,0.03100,0.55491,-0.03933,-0.19470,-0.01308,
1403638526,0.01172,-0.07620,0.10718,-0.00477,0.83397,0.02509,0.55122,-0.04786,-0.29233,0.07680,
1403638526,0.00534,-0.10923,0.11885,-0.00226,0.83509,0.01552,0.54989,-0.06310,-0.35724,0.14608,
1403638526,-0.00214,-0.14731,0.13393,0.00020,0.83191,0.00730,0.55486,-0.08985,-0.40459,0.15717,
1403638526,-0.01351,-0.19080,0.14875,0.00323,0.82691,-0.00270,0.56232,-0.11761,-0.45186,0.13830,
1403638527,-0.02606,-0.23895,0.16037,0.00431,0.82131,-0.01437,0.57028,-0.13516,-0.51788,0.10136,
1403638527,-0.03924,-0.29477,0.16872,0.00547,0.81529,-0.02318,0.57856,-0.15345,-0.59440,0.08056,
1403638527,-0.05456,-0.35719,0.17548,0.00969,0.81134,-0.02947,0.58375,-0.18251,-0.64787,0.06650,
1403638527,-0.07198,-0.42435,0.18003,0.01896,0.80913,-0.03230,0.58643,-0.19508,-0.65441,0.04100,
1403638527,-0.08621,-0.48900,0.18238,0.01975,0.81098,-0.03380,0.58376,-0.19080,-0.62274,0.03329,
1403638527,-0.10047,-0.55057,0.18418,0.02319,0.81546,-0.04207,0.57682,-0.16976,-0.58555,0.03628,
1403638527,-0.10846,-0.60699,0.18645,0.02703,0.81947,-0.05448,0.56989,-0.13643,-0.52381,0.05780,
1403638527,-0.10478,-0.65302,0.18857,0.02851,0.82044,-0.06450,0.56737,-0.07144,-0.41007,0.07186,
1403638527,-0.10169,-0.68447,0.19244,0.03997,0.81717,-0.07402,0.57023,-0.01226,-0.23315,0.06918,
1403638527,-0.09828,-0.69672,0.19631,0.05312,0.81314,-0.07977,0.57412,0.02631,-0.03168,0.04505,
1403638528,-0.08811,-0.68658,0.19621,0.05771,0.81223,-0.08123,0.57476,0.07449,0.18017,0.01976,
1403638528,-0.07479,-0.65796,0.19489,0.05628,0.81275,-0.07933,0.57443,0.10768,0.36826,-0.00212,
1403638528,-0.05950,-0.61353,0.19337,0.05202,0.81372,-0.07217,0.57441,0.14253,0.49123,-0.00337,
1403638528,-0.03968,-0.55972,0.19196,0.04063,0.81636,-0.06520,0.57241,0.14749,0.56733,0.02759,
1403638528,-0.02401,-0.50205,0.19535,0.02604,0.81842,-0.06032,0.57085,0.13531,0.59891,0.05016,
1403638528,0.01159,-0.45164,0.19074,0.00405,0.81787,-0.04301,0.57378,0.16448,0.59427,0.02828,
1403638528,0.01442,-0.38720,0.19618,0.00939,0.81633,-0.04519,0.57574,0.14219,0.57786,-0.00287,
1403638528,0.03145,-0.33366,0.19269,-0.00290,0.81698,-0.03442,0.57563,0.21070,0.50722,-0.03686,
1403638528,0.05692,-0.28844,0.18798,-0.01381,0.81765,-0.02417,0.57505,0.28938,0.39175,-0.04635,
1403638528,0.08889,-0.25385,0.18221,-0.01584,0.81622,-0.01875,0.57722,0.33647,0.28026,-0.04094,
1403638529,0.12331,-0.22835,0.17852,-0.01306,0.81694,-0.01925,0.57625,0.34501,0.20714,-0.02930,
1403638529,0.15888,-0.20983,0.17570,-0.01305,0.81911,-0.02685,0.57286,0.34722,0.15309,-0.01153,
1403638529,0.19151,-0.19760,0.17632,-0.01069,0.81923,-0.03291,0.57242,0.28777,0.08367,0.03121,
1403638529,0.21349,-0.19108,0.18140,-0.00829,0.81803,-0.03939,0.57376,0.13824,0.04904,0.06749,
1403638529,0.21933,-0.18621,0.18980,-0.01419,0.81721,-0.04755,0.57420,-0.03828,0.04285,0.12624,
1403638529,0.20837,-0.17988,0.20423,-0.01954,0.81759,-0.05192,0.57312,-0.20600,0.06784,0.16094,
1403638529,0.18217,-0.17074,0.21693,-0.00830,0.81834,-0.04892,0.57260,-0.30647,0.12232,0.10400,
1403638529,0.14947,-0.15520,0.22047,0.00762,0.81956,-0.04190,0.57141,-0.36488,0.16657,-0.00098,
1403638529,0.11274,-0.13084,0.21633,0.01581,0.82308,-0.03737,0.56647,-0.38478,0.18463,-0.09175,
1403638529,0.07788,-0.11597,0.19579,0.01818,0.83040,-0.03381,0.55585,-0.32956,0.16486,-0.19879,
1403638530,0.04928,-0.09689,0.17271,0.01493,0.84169,-0.03213,0.53880,-0.25960,0.13618,-0.24264,
1403638530,0.02836,-0.08622,0.14797,0.01595,0.84898,-0.02859,0.52741,-0.17675,0.10920,-0.23941,
1403638530,0.01453,-0.07520,0.12340,0.01600,0.84894,-0.02672,0.52756,-0.10723,0.10132,-0.22671,
1403638530,0.00755,-0.06539,0.10082,0.01480,0.84276,-0.02774,0.53738,-0.05811,0.08482,-0.19982,
1403638530,0.00719,-0.05976,0.08228,0.01434,0.83765,-0.02788,0.54531,0.00787,0.04817,-0.14888,
1403638530,0.01404,-0.05683,0.06969,0.01430,0.83748,-0.02771,0.54558,0.09029,0.02094,-0.11409,
1403638530,0.02542,-0.05612,0.05967,0.01398,0.83972,-0.02929,0.54204,0.13168,0.00058,-0.09604,
1403638530,0.03997,-0.05678,0.05016,0.01634,0.84028,-0.03517,0.54077,0.15281,-0.01009,-0.09754,
1403638530,0.05428,-0.05897,0.04011,0.01794,0.83950,-0.04147,0.54148,0.12827,-0.03058,-0.09539,
1403638530,0.06709,-0.06223,0.03127,0.02095,0.83898,-0.04528,0.54187,0.12070,-0.03569,-0.07381,
1403638531,0.07682,-0.06570,0.02498,0.01846,0.83886,-0.04906,0.54182,0.08017,-0.04320,-0.05745,
1403638531,0.08317,-0.06957,0.01888,0.02056,0.84001,-0.05175,0.53971,0.04775,-0.03127,-0.05632,
1403638531,0.08721,-0.07203,0.01284,0.02082,0.84387,-0.05380,0.53343,0.03761,-0.02390,-0.06130,
1403638531,0.09036,-0.07366,0.00680,0.01980,0.84603,-0.05374,0.53006,0.02801,-0.00960,-0.05080,
1403638531,0.09235,-0.07393,0.00277,0.01562,0.84539,-0.05199,0.53139,0.01394,0.00066,-0.03174,
1403638531,0.09319,-0.07376,-0.00006,0.01350,0.84273,-0.05138,0.53571,0.00488,0.00287,-0.03437,
1403638531,0.09276,-0.07269,-0.00040,0.01605,0.83907,-0.05025,0.54147,0.00241,0.02303,0.00808,
1403638531,0.09326,-0.07128,-0.00100,0.01782,0.83879,-0.04726,0.54211,0.00430,0.01085,-0.03268,
1403638531,0.09327,-0.06965,-0.00180,0.01729,0.83525,-0.04664,0.54761,-0.00272,0.01395,0.00505,
1403638531,0.09320,-0.06969,-0.00190,0.01773,0.83611,-0.04589,0.54635,-0.00465,-0.00514,-0.00180,
1403638532,0.09285,-0.06974,-0.00187,0.01709,0.83532,-0.04633,0.54755,0.00242,-0.00239,-0.00071,
1403638532,0.09277,-0.06984,-0.00195,0.01772,0.83542,-0.04536,0.54746,-0.00063,0.00496,-0.00053,
1403638532,0.09276,-0.06978,-0.00199,0.01761,0.83554,-0.04576,0.54724,-0.00029,-0.00426,-0.00241,
1403638532,0.09275,-0.06975,-0.00199,0.01751,0.83554,-0.04582,0.54724,-0.00026,-0.00392,0.00015,
1403638532,0.09275,-0.06969,-0.00200,0.01733,0.83550,-0.04595,0.54728,0.00248,-0.00536,0.00178,
1403638532,0.09276,-0.06965,-0.00202,0.01721,0.83548,-0.04608,0.54732,-0.00067,-0.00298,-0.00118,
1403638532,0.09279,-0.06967,-0.00201,0.01725,0.83546,-0.04618,0.54734,-0.00009,-0.00010,-0.00071,
1403638532,0.09275,-0.06967,-0.00203,0.01730,0.83550,-0.04598,0.54730,0.00114,0.00236,-0.00030,
1403638532,0.09277,-0.06972,-0.00201,0.01750,0.83545,-0.04601,0.54735,-0.00109,0.00268,-0.00139,
1403638532,0.09277,-0.06975,-0.00201,0.01751,0.83545,-0.04593,0.54736,0.00094,0.00231,-0.00038,
1403638533,0.09278,-0.06975,-0.00201,0.01752,0.83545,-0.04596,0.54737,-0.00066,0.00151,-0.00122,
1403638533,0.09278,-0.06975,-0.00201,0.01753,0.83545,-0.04601,0.54736,0.00173,-0.00031,0.00021,
1403638533,0.09277,-0.06973,-0.00202,0.01749,0.83543,-0.04604,0.54738,-0.00049,-0.00017,-0.00030,
1403638533,0.09279,-0.06973,-0.00200,0.01746,0.83542,-0.04609,0.54740,-0.00021,0.00019,-0.00008,
1403638533,0.09277,-0.06973,-0.00202,0.01748,0.83542,-0.04605,0.54740,0.00080,-0.00078,0.00060,
1403638533,0.09278,-0.06975,-0.00201,0.01754,0.83541,-0.04610,0.54741,-0.00101,0.00010,-0.00063,
1403638533,0.09280,-0.06974,-0.00199,0.01748,0.83539,-0.04606,0.54745,0.00107,-0.00041,-0.00001,
1403638533,0.09277,-0.06976,-0.00202,0.01758,0.83540,-0.04613,0.54743,-0.00019,-0.00017,0.00029,
1403638533,0.09278,-0.06976,-0.00200,0.01765,0.83538,-0.04615,0.54745,-0.00060,0.00034,-0.00061,
1403638533,0.09277,-0.06976,-0.00202,0.01758,0.83536,-0.04617,0.54747,0.00127,0.00040,0.00043,
1403638534,0.09278,-0.06977,-0.00201,0.01764,0.83535,-0.04619,0.54749,-0.00079,0.00151,-0.00077,
1403638534,0.09278,-0.06978,-0.00200,0.01767,0.83535,-0.04616,0.54749,0.00039,0.00114,0.00019,
1403638534,0.09276,-0.06977,-0.00201,0.01768,0.83537,-0.04615,0.54746,0.00001,0.00029,-0.00055,
1403638534,0.09278,-0.06979,-0.00200,0.01768,0.83533,-0.04621,0.54752,-0.00048,-0.00088,-0.00041,
1403638534,0.09279,-0.06982,-0.00203,0.01758,0.83537,-0.04609,0.54747,-0.00167,-0.00695,-0.00081,
1403638534,0.09278,-0.06980,-0.00208,0.01763,0.83533,-0.04620,0.54752,-0.00158,-0.00255,-0.00262,
1403638534,0.09287,-0.06985,-0.00216,0.01775,0.83537,-0.04640,0.54745,0.00013,0.00255,-0.00071,
1403638534,0.09276,-0.06978,-0.00204,0.01745,0.83534,-0.04627,0.54751,-0.00156,0.00262,0.00154,
1403638534,0.09274,-0.06972,-0.00198,0.01722,0.83537,-0.04615,0.54747,-0.00331,-0.00553,-0.00596,
1403638534,0.09272,-0.06968,-0.00198,0.01702,0.83544,-0.04610,0.54738,0.00141,-0.00494,0.00013,
1403638535,0.09275,-0.06972,-0.00198,0.01728,0.83543,-0.04638,0.54737,-0.00309,-0.00010,0.00033,
1403638535,0.09274,-0.06971,-0.00192,0.01709,0.83545,-0.04600,0.54737,0.00126,-0.00459,0.00024,
1403638535,0.09277,-0.06968,-0.00192,0.01695,0.83544,-0.04576,0.54740,-0.00270,-0.00581,-0.00066,
1403638535,0.09277,-0.06967,-0.00193,0.01705,0.83542,-0.04584,0.54742,-0.00076,-0.00465,-0.00106,
1403638535,0.09271,-0.06975,-0.00192,0.01727,0.83545,-0.04602,0.54736,-0.00280,-0.00587,-0.00093,
1403638535,0.09271,-0.06976,-0.00190,0.01716,0.83546,-0.04594,0.54736,-0.00255,-0.00081,-0.00061,
1403638535,0.09271,-0.06975,-0.00190,0.01712,0.83548,-0.04585,0.54734,-0.00032,0.00002,-0.00214,
1403638535,0.09272,-0.06974,-0.00192,0.01706,0.83545,-0.04584,0.54739,-0.00175,0.00056,-0.00030,
1403638535,0.09271,-0.06975,-0.00191,0.01707,0.83546,-0.04587,0.54737,-0.00057,-0.00067,0.00156,
1403638535,0.09271,-0.06973,-0.00189,0.01710,0.83547,-0.04582,0.54736,-0.00088,-0.00115,0.00154,
1403638536,0.09271,-0.06973,-0.00189,0.01708,0.83545,-0.04587,0.54738,-0.00068,0.00109,-0.00044,
1403638536,0.09271,-0.06972,-0.00189,0.01704,0.83548,-0.04580,0.54735,-0.00028,0.00022,0.00007,
1403638536,0.09271,-0.06972,-0.00189,0.01701,0.83546,-0.04583,0.54737,-0.00169,-0.00102,-0.00059,
1403638536,0.09271,-0.06971,-0.00189,0.01694,0.83545,-0.04577,0.54739,-0.00072,0.00186,0.00029,
1403638536,0.09269,-0.06969,-0.00190,0.01689,0.83547,-0.04577,0.54737,-0.00162,-0.00163,-0.00043,
1403638536,0.09270,-0.06969,-0.00190,0.01683,0.83548,-0.04575,0.54736,-0.00201,-0.00078,-0.00055,
1403638536,0.09270,-0.06968,-0.00189,0.01682,0.83547,-0.04574,0.54737,-0.00060,-0.00084,0.00210,
1403638536,0.09272,-0.06969,-0.00188,0.01679,0.83545,-0.04574,0.54740,-0.00006,-0.00113,0.00085,
1403638536,0.09273,-0.06969,-0.00190,0.01683,0.83540,-0.04574,0.54748,-0.00132,-0.00122,0.00005,
1403638536,0.09272,-0.06969,-0.00190,0.01691,0.83540,-0.04581,0.54747,-0.00162,-0.00010,0.00104,
1403638537,0.09271,-0.06970,-0.00188,0.01687,0.83542,-0.04577,0.54745,-0.00187,-0.00098,0.00092,
1403638537,0.09270,-0.06969,-0.00189,0.01688,0.83539,-0.04585,0.54748,-0.00102,-0.00171,-0.00052,
1403638537,0.09272,-0.06969,-0.00190,0.01695,0.83540,-0.04577,0.54748,-0.00190,0.00087,-0.00076,
1403638537,0.09271,-0.06971,-0.00190,0.01696,0.83539,-0.04581,0.54748,0.00071,0.00025,0.00038,
1403638537,0.09270,-0.06974,-0.00189,0.01700,0.83537,-0.04582,0.54751,-0.00235,-0.00433,0.00028,
1403638537,0.09273,-0.06973,-0.00189,0.01696,0.83540,-0.04577,0.54747,-0.00198,-0.00291,-0.00070,
1403638537,0.09275,-0.06969,-0.00190,0.01701,0.83540,-0.04572,0.54747,-0.00038,-0.00482,-0.00059,
1403638537,0.09271,-0.06970,-0.00186,0.01701,0.83543,-0.04582,0.54742,-0.00072,-0.00429,0.00117,
1403638537,0.09274,-0.06970,-0.00189,0.01700,0.83540,-0.04584,0.54746,0.00004,-0.00162,-0.00058,
1403638537,0.09274,-0.06970,-0.00189,0.01698,0.83540,-0.04583,0.54747,-0.00051,-0.00183,-0.00116,
1403638538,0.09272,-0.06968,-0.00186,0.01698,0.83542,-0.04577,0.54745,-0.00429,-0.00295,0.00047,
1403638538,0.09272,-0.06966,-0.00184,0.01698,0.83542,-0.04566,0.54744,-0.00223,0.00121,-0.00079,
1403638538,0.09288,-0.06967,-0.00198,0.01712,0.83544,-0.04581,0.54740,-0.00186,0.00280,0.00199,
1403638538,0.09274,-0.06968,-0.00182,0.01711,0.83541,-0.04579,0.54744,0.00487,-0.00083,-0.00150,
1403638538,0.09278,-0.06969,-0.00184,0.01717,0.83539,-0.04582,0.54747,-0.00593,-0.00033,0.00249,
1403638538,0.09278,-0.06970,-0.00181,0.01712,0.83542,-0.04580,0.54743,0.00025,-0.00191,0.00312,
1403638538,0.09277,-0.06970,-0.00179,0.01723,0.83535,-0.04581,0.54753,-0.00005,-0.00169,0.00132,
1403638538,0.09279,-0.06970,-0.00180,0.01729,0.83542,-0.04591,0.54742,0.00365,-0.00274,-0.00122,
1403638538,0.09276,-0.06970,-0.00181,0.01723,0.83544,-0.04582,0.54740,-0.00067,-0.00067,0.00155,
1403638538,0.09283,-0.06969,-0.00173,0.01730,0.83531,-0.04592,0.54758,-0.00200,0.00003,0.00583,
1403638539,0.09279,-0.06973,-0.00166,0.01723,0.83529,-0.04598,0.54762,-0.00648,-0.00001,-0.00204,
1403638539,0.09274,-0.06977,-0.00157,0.01737,0.83511,-0.04610,0.54787,-0.00523,-0.00046,-0.00085,
1403638539,0.09272,-0.06984,-0.00145,0.01744,0.83484,-0.04608,0.54828,-0.00386,-0.00129,0.00728,
1403638539,0.09350,-0.06963,-0.00128,0.01693,0.83434,-0.04561,0.54911,0.01234,0.00534,0.00754,
1403638539,0.09571,-0.06923,0.00041,0.01696,0.83140,-0.04491,0.55360,0.02563,0.00093,0.04123,
1403638539,0.10063,-0.06921,0.00297,0.01801,0.82670,-0.04565,0.56049,0.04543,-0.00098,0.02903,
1403638539,0.10753,-0.06921,0.00792,0.01711,0.81995,-0.04689,0.57025,0.07624,0.00051,0.07677,
1403638539,0.12519,-0.06787,0.01126,0.01387,0.81498,-0.04466,0.57760,0.14737,0.00016,0.11544,
1403638539,0.12546,-0.06965,0.03773,0.01618,0.81405,-0.04599,0.57874,0.08151,-0.00584,0.23949,
1403638539,0.13448,-0.07007,0.06389,0.01662,0.81547,-0.04516,0.57679,0.08700,-0.00741,0.29513,
1403638540,0.14403,-0.07051,0.09479,0.01679,0.81738,-0.04428,0.57415,0.08750,-0.00800,0.32707,
1403638540,0.15328,-0.07100,0.12624,0.01594,0.81802,-0.04333,0.57333,0.08924,-0.00782,0.27628,
1403638540,0.16389,-0.07107,0.14741,0.01529,0.81868,-0.04232,0.57249,0.10254,0.00366,0.15192,
1403638540,0.17980,-0.07323,0.15748,0.01455,0.82015,-0.04068,0.57052,0.12872,-0.00310,0.08406,
1403638540,0.19314,-0.07325,0.16569,0.01336,0.82398,-0.03996,0.56505,0.14910,0.00383,0.07590,
1403638540,0.20959,-0.07319,0.17495,0.01233,0.82940,-0.04050,0.55704,0.18478,-0.00434,0.07941,
1403638540,0.22981,-0.07315,0.18223,0.01216,0.83529,-0.04024,0.54819,0.24231,-0.00212,0.07131,
1403638540,0.25898,-0.07294,0.19318,0.01271,0.83525,-0.03913,0.54832,0.32324,-0.00288,0.10598,
1403638540,0.29180,-0.07356,0.20224,0.01345,0.82901,-0.03847,0.55775,0.37032,-0.00380,0.10343,
1403638540,0.32954,-0.07340,0.21139,0.01295,0.82432,-0.03488,0.56491,0.40168,0.00792,0.08977,
1403638541,0.36810,-0.07048,0.21986,0.00782,0.82365,-0.02647,0.56643,0.42294,0.03274,0.07237,
1403638541,0.41061,-0.06658,0.22762,-0.00083,0.82351,-0.01251,0.56716,0.44426,0.05238,0.08117,
1403638541,0.45430,-0.06152,0.23482,-0.00770,0.82225,0.00885,0.56901,0.46236,0.07098,0.08166,
1403638541,0.49826,-0.05322,0.24300,-0.01619,0.82105,0.03494,0.56956,0.45861,0.11144,0.05952,
1403638541,0.54293,-0.03924,0.24884,-0.02762,0.81951,0.06301,0.56892,0.46301,0.16382,0.04279,
1403638541,0.58747,-0.02056,0.25301,-0.04242,0.81725,0.08561,0.56831,0.45217,0.20400,0.01858,
1403638541,0.63284,0.00204,0.25393,-0.05455,0.81458,0.10180,0.56844,0.45069,0.23871,-0.02255,
1403638541,0.67904,0.02601,0.25072,-0.06203,0.81350,0.11275,0.56715,0.44521,0.26962,-0.04058,
1403638541,0.72681,0.05317,0.25033,-0.06549,0.81292,0.11832,0.56645,0.44068,0.31551,0.02379,
1403638541,0.77370,0.08407,0.25587,-0.06716,0.81320,0.11896,0.56573,0.42562,0.34878,0.07680,
1403638542,0.81981,0.11944,0.26672,-0.06480,0.81229,0.11892,0.56731,0.43304,0.39382,0.13935,
1403638542,0.87141,0.15976,0.28644,-0.06456,0.81114,0.12028,0.56870,0.45920,0.46676,0.21631,
1403638542,0.91777,0.20711,0.30997,-0.07129,0.80947,0.12416,0.56943,0.43998,0.51561,0.27349,
1403638542,0.96738,0.25895,0.34200,-0.08245,0.80879,0.12981,0.56763,0.41512,0.55302,0.33702,
1403638542,1.01245,0.31347,0.37413,-0.09376,0.80787,0.14101,0.56451,0.40677,0.57695,0.29888,
1403638542,1.05541,0.36868,0.39898,-0.10649,0.80627,0.15637,0.56048,0.38938,0.58101,0.22370,
1403638542,1.09653,0.42573,0.41771,-0.11958,0.80332,0.17519,0.55650,0.37595,0.59364,0.16517,
1403638542,1.13797,0.48384,0.43106,-0.13468,0.79947,0.19548,0.55181,0.36948,0.59758,0.10802,
1403638542,1.18031,0.54288,0.43914,-0.14790,0.79446,0.21816,0.54714,0.37514,0.61203,0.07548,
1403638542,1.22481,0.60249,0.44532,-0.15646,0.78365,0.23751,0.55227,0.37429,0.61442,0.05330,
1403638543,1.26491,0.66211,0.44828,-0.15651,0.77046,0.25613,0.56240,0.34245,0.61131,0.02144,
1403638543,1.30017,0.72441,0.45164,-0.15307,0.76251,0.27021,0.56757,0.27306,0.65279,0.04541,
1403638543,1.32891,0.78880,0.46116,-0.15603,0.76349,0.27390,0.56367,0.19285,0.68998,0.11553,
1403638543,1.35222,0.85609,0.47886,-0.16417,0.76879,0.27016,0.55591,0.12241,0.70098,0.19159,
1403638543,1.37351,0.92604,0.50359,-0.16832,0.77524,0.26553,0.54787,0.09890,0.72094,0.26438,
1403638543,1.38868,0.99705,0.53351,-0.17018,0.77985,0.26196,0.54245,0.07759,0.72823,0.28468,
1403638543,1.40526,1.07078,0.56160,-0.17064,0.78275,0.25779,0.54012,0.09254,0.73751,0.23918,
1403638543,1.42000,1.14568,0.58197,-0.16889,0.78399,0.25545,0.53998,0.09701,0.74424,0.17059,
1403638543,1.43957,1.22318,0.59740,-0.16743,0.78522,0.25209,0.54023,0.10924,0.74954,0.11247,
1403638543,1.45466,1.29940,0.60733,-0.16788,0.78545,0.25314,0.53926,0.11840,0.76822,0.07150,
1403638544,1.47060,1.37758,0.61276,-0.17131,0.78397,0.26003,0.53705,0.12165,0.78193,0.03614,
1403638544,1.49096,1.45827,0.61550,-0.17552,0.78003,0.27488,0.53402,0.11954,0.79513,0.00231,
1403638544,1.50967,1.54205,0.61782,-0.18403,0.77369,0.29373,0.53035,0.12362,0.83550,0.03376,
1403638544,1.52637,1.62973,0.62475,-0.19334,0.76443,0.31651,0.52734,0.12247,0.85864,0.09879,
1403638544,1.54001,1.71505,0.63861,-0.20760,0.75528,0.33696,0.52241,0.12345,0.89068,0.18272,
1403638544,1.55241,1.80315,0.65877,-0.22234,0.74894,0.35143,0.51590,0.11763,0.90091,0.21922,
1403638544,1.56415,1.89266,0.68141,-0.23413,0.74547,0.36075,0.50924,0.13299,0.91233,0.22533,
1403638544,1.57698,1.98301,0.70178,-0.24382,0.74254,0.36514,0.50582,0.15098,0.91056,0.15157,
1403638544,1.58871,2.07438,0.71604,-0.24846,0.74074,0.36821,0.50398,0.15588,0.89692,0.09243,
1403638544,1.60194,2.16441,0.72646,-0.24978,0.74123,0.36938,0.50174,0.17096,0.89951,0.06076,
1403638545,1.61738,2.25467,0.73344,-0.24917,0.74032,0.36957,0.50324,0.17505,0.90506,0.04168,
1403638545,1.63562,2.34531,0.74127,-0.25352,0.73502,0.36899,0.50923,0.18529,0.91704,0.10700,
1403638545,1.65408,2.43568,0.75559,-0.25706,0.73054,0.36924,0.51371,0.17504,0.89195,0.14802,
1403638545,1.67011,2.52286,0.77201,-0.25619,0.73223,0.37129,0.51024,0.16967,0.87094,0.12395,
1403638545,1.68665,2.60924,0.78347,-0.25523,0.73510,0.37273,0.50553,0.17764,0.86509,0.07631,
1403638545,1.70424,2.69460,0.78865,-0.25656,0.73449,0.37295,0.50557,0.17966,0.85965,0.02553,
1403638545,1.72188,2.77947,0.78866,-0.25750,0.73339,0.37332,0.50642,0.18081,0.84218,-0.03623,
1403638545,1.74056,2.86351,0.78351,-0.25622,0.73378,0.37501,0.50527,0.18181,0.83704,-0.09470,
1403638545,1.75964,2.94783,0.77509,-0.25676,0.73178,0.37545,0.50756,0.18277,0.82743,-0.13329,
1403638545,1.77914,3.03006,0.76050,-0.25866,0.73076,0.37465,0.50864,0.16829,0.81700,-0.18488,
1403638546,1.79724,3.11353,0.74576,-0.26161,0.72953,0.37806,0.50638,0.15451,0.82201,-0.13588,
1403638546,1.81550,3.19816,0.73836,-0.26852,0.72624,0.38688,0.50079,0.14864,0.82968,-0.06771,
1403638546,1.83169,3.28051,0.73560,-0.27675,0.72021,0.40101,0.49386,0.15217,0.82177,-0.00659,
1403638546,1.84951,3.36462,0.74055,-0.28689,0.71007,0.41949,0.48736,0.15252,0.82347,0.07132,
1403638546,1.86574,3.44957,0.75298,-0.29716,0.69879,0.44059,0.47883,0.14739,0.82465,0.14766,
1403638546,1.88236,3.53278,0.77155,-0.30567,0.68685,0.46126,0.47120,0.16146,0.81555,0.19218,
1403638546,1.89816,3.61781,0.78712,-0.31193,0.67642,0.47734,0.46616,0.15454,0.83169,0.13845,
1403638546,1.91273,3.70402,0.79709,-0.31904,0.67020,0.48659,0.46072,0.14881,0.84648,0.07033,
1403638546,1.92594,3.79314,0.80157,-0.32498,0.66711,0.49130,0.45604,0.14230,0.86422,0.01020,
1403638546,1.93849,3.88208,0.80118,-0.32980,0.66676,0.49235,0.45195,0.13701,0.87910,-0.04803,
1403638547,1.95065,3.97132,0.79599,-0.33110,0.66565,0.49418,0.45063,0.13789,0.90000,-0.05469,
1403638547,1.96296,4.06110,0.79387,-0.33328,0.66193,0.49927,0.44889,0.12845,0.90629,0.01004,
1403638547,1.97177,4.15313,0.79972,-0.33715,0.65701,0.50508,0.44672,0.12384,0.93258,0.11453,
1403638547,1.98256,4.24693,0.81444,-0.33809,0.65266,0.51101,0.44564,0.11928,0.97454,0.21144,
1403638547,1.99002,4.34178,0.83246,-0.33832,0.64958,0.51539,0.44493,0.10187,0.96390,0.17747,
1403638547,1.99874,4.43739,0.84513,-0.33688,0.64653,0.51941,0.44579,0.09022,0.97363,0.11621,
1403638547,2.00261,4.53119,0.85056,-0.33348,0.64378,0.52351,0.44751,0.06009,0.98817,0.04647,
1403638547,2.00587,4.62968,0.85144,-0.33156,0.64251,0.52562,0.44830,0.02475,1.00536,0.00902,
1403638547,2.00359,4.72678,0.84837,-0.33044,0.64157,0.52649,0.44944,-0.01970,1.01536,-0.03993,
1403638547,1.99945,4.82721,0.84425,-0.33570,0.64489,0.52264,0.44527,-0.05042,1.02872,-0.06792,
1403638548,1.99335,4.92820,0.83525,-0.34059,0.64813,0.51855,0.44162,-0.06461,1.04198,-0.10697,
1403638548,1.98499,5.02789,0.82080,-0.34297,0.65031,0.51596,0.43959,-0.06893,1.04922,-0.16202,
1403638548,1.97676,5.13280,0.80234,-0.34161,0.65062,0.51562,0.44061,-0.07545,1.06417,-0.20018,
1403638548,1.96883,5.23628,0.78064,-0.33754,0.64844,0.51801,0.44414,-0.08910,1.07502,-0.23994,
1403638548,1.95763,5.34435,0.75734,-0.33712,0.64821,0.51801,0.44479,-0.11183,1.08794,-0.22888,
1403638548,1.94614,5.45253,0.74092,-0.33866,0.64758,0.51918,0.44318,-0.13702,1.12034,-0.14626,
1403638548,1.93093,5.56639,0.72982,-0.34215,0.64490,0.52300,0.43989,-0.15451,1.15148,-0.07343,
1403638548,1.91420,5.68063,0.72972,-0.34833,0.63964,0.52972,0.43465,-0.18387,1.15053,0.00921,
1403638548,1.89346,5.79458,0.73656,-0.35602,0.63177,0.53957,0.42776,-0.20088,1.16532,0.11318,
1403638548,1.87088,5.91066,0.75115,-0.36321,0.62227,0.55195,0.41978,-0.21687,1.17223,0.17815,
1403638549,1.84923,6.02698,0.76949,-0.37104,0.61390,0.56066,0.41366,-0.21400,1.17619,0.14533,
1403638549,1.82736,6.14629,0.78405,-0.37619,0.60692,0.56765,0.40976,-0.21072,1.18901,0.10071,
1403638549,1.80567,6.26567,0.79241,-0.37986,0.60257,0.57218,0.40648,-0.20600,1.19280,0.07242,
1403638549,1.78245,6.38774,0.80203,-0.38210,0.59981,0.57526,0.40411,-0.21350,1.21163,0.13121,
1403638549,1.76033,6.51050,0.81866,-0.38389,0.59823,0.57654,0.40291,-0.21442,1.22137,0.19526,
1403638549,1.73927,6.63345,0.83989,-0.38299,0.59761,0.57831,0.40217,-0.22637,1.20808,0.25400,
1403638549,1.71532,6.75692,0.86626,-0.38510,0.59812,0.57671,0.40170,-0.22557,1.21243,0.30564,
1403638549,1.69360,6.88095,0.90047,-0.38543,0.59819,0.57620,0.40202,-0.21789,1.24466,0.34675,
1403638549,1.66825,7.01210,0.93723,-0.38686,0.59954,0.57409,0.40163,-0.22372,1.26280,0.40147,
1403638549,1.64692,7.13908,0.97694,-0.38934,0.60076,0.57154,0.40106,-0.22064,1.26898,0.36952,
1403638550,1.62330,7.27157,1.00979,-0.39010,0.60211,0.56988,0.40066,-0.21125,1.27960,0.31311,
1403638550,1.60449,7.40053,1.04042,-0.39209,0.60133,0.56799,0.40256,-0.19972,1.28047,0.26565,
1403638550,1.58503,7.53384,1.06406,-0.39106,0.60074,0.56778,0.40475,-0.17597,1.27346,0.26197,
1403638550,1.56885,7.66601,1.09266,-0.39142,0.60218,0.56737,0.40281,-0.16352,1.30377,0.33340,
1403638550,1.55255,7.79687,1.13226,-0.38954,0.60304,0.56814,0.40228,-0.15236,1.32796,0.39715,
1403638550,1.53821,7.93536,1.17743,-0.39035,0.60392,0.56751,0.40105,-0.12923,1.37011,0.49469,
1403638550,1.52527,8.07019,1.22950,-0.39161,0.60478,0.56702,0.39922,-0.11420,1.36739,0.57204,
1403638550,1.51562,8.20568,1.28792,-0.39167,0.60440,0.56791,0.39846,-0.09858,1.34764,0.64754,
1403638550,1.50448,8.34048,1.35163,-0.39090,0.60361,0.56875,0.39923,-0.08388,1.35713,0.68312,
1403638550,1.49756,8.47211,1.40957,-0.39331,0.60295,0.56799,0.39892,-0.06834,1.34496,0.59095,
1403638551,1.49024,8.60919,1.46443,-0.39579,0.60433,0.56650,0.39651,-0.05131,1.34685,0.52353,
1403638551,1.48530,8.73931,1.51144,-0.40050,0.60337,0.56362,0.39735,-0.01805,1.33179,0.46199,
1403638551,1.48397,8.87349,1.55474,-0.40464,0.60217,0.56077,0.39899,0.01511,1.32089,0.42607,
1403638551,1.48648,9.00275,1.59248,-0.40817,0.59979,0.55812,0.40268,0.05060,1.29192,0.38560,
1403638551,1.48891,9.13378,1.62719,-0.41408,0.59533,0.55343,0.40967,0.07955,1.25805,0.33816,
1403638551,1.49281,9.26180,1.65711,-0.41890,0.59223,0.54967,0.41429,0.10428,1.20236,0.30226,
1403638551,1.49975,9.38159,1.68563,-0.42177,0.59150,0.54724,0.41566,0.13644,1.12168,0.30990,
1403638551,1.51066,9.49358,1.71748,-0.42541,0.59197,0.54505,0.41415,0.17413,1.04857,0.36219,
1403638551,1.52663,9.59903,1.75408,-0.42268,0.59642,0.54390,0.41206,0.22380,0.94926,0.39205,
1403638551,1.55056,9.69484,1.79268,-0.41688,0.60678,0.53715,0.41170,0.29058,0.88667,0.34711,
1403638552,1.57883,9.79087,1.82371,-0.40961,0.62127,0.52400,0.41432,0.35624,0.84107,0.28640,
1403638552,1.61276,9.88052,1.84877,-0.40354,0.63732,0.50561,0.41874,0.41631,0.80449,0.22820,
1403638552,1.65519,9.96597,1.86901,-0.39566,0.65211,0.48678,0.42574,0.49996,0.77277,0.18122,
1403638552,1.70483,10.04609,1.88403,-0.38602,0.66510,0.46858,0.43482,0.57141,0.73040,0.14779,
1403638552,1.76173,10.11910,1.89961,-0.37395,0.67149,0.45753,0.44713,0.63165,0.66426,0.17969,
1403638552,1.82501,10.18665,1.92331,-0.36315,0.67306,0.45121,0.45991,0.67917,0.60385,0.26805,
1403638552,1.89132,10.24661,1.95268,-0.35531,0.67591,0.44729,0.46564,0.70620,0.54496,0.30996,
1403638552,1.96037,10.30231,1.98892,-0.35056,0.68079,0.44519,0.46414,0.73223,0.49853,0.36663,
1403638552,2.03378,10.35224,2.02925,-0.34854,0.68339,0.44396,0.46304,0.75533,0.46549,0.36669,
1403638552,2.11188,10.39743,2.06644,-0.35434,0.68171,0.43914,0.46570,0.78966,0.41764,0.31447,
1403638553,2.19257,10.43796,2.09492,-0.36102,0.67807,0.43453,0.47019,0.82614,0.35329,0.26193,
1403638553,2.27785,10.47085,2.11994,-0.36441,0.67447,0.43337,0.47380,0.85480,0.26598,0.19088,
1403638553,2.36668,10.49694,2.13899,-0.36414,0.67368,0.43544,0.47324,0.89015,0.18240,0.14596,
1403638553,2.45745,10.51638,2.15225,-0.36269,0.67255,0.43861,0.47302,0.91724,0.11139,0.10242,
1403638553,2.54963,10.52770,2.16040,-0.35852,0.67122,0.44440,0.47269,0.93791,0.04385,0.05183,
1403638553,2.64469,10.53637,2.16519,-0.35340,0.66906,0.45052,0.47380,0.94533,-0.00558,0.00135,
1403638553,2.73850,10.53686,2.16776,-0.35371,0.66623,0.45297,0.47523,0.93849,-0.04974,-0.01522,
1403638553,2.83306,10.53622,2.16915,-0.36148,0.66129,0.44942,0.47963,0.93975,-0.10107,-0.00950,
1403638553,2.92745,10.52298,2.17051,-0.36614,0.65537,0.44810,0.48543,0.93310,-0.19365,0.05447,
1403638553,3.01994,10.50352,2.17907,-0.36360,0.65027,0.45103,0.49145,0.91148,-0.29677,0.10051,
1403638554,3.11000,10.47380,2.19321,-0.36011,0.64591,0.45448,0.49656,0.86928,-0.40427,0.15908,
1403638554,3.19589,10.43103,2.21171,-0.35683,0.64312,0.45708,0.50014,0.81157,-0.53707,0.17999,
1403638554,3.27619,10.37726,2.23675,-0.35491,0.64290,0.45881,0.50021,0.75088,-0.65024,0.27025,
1403638554,3.35263,10.31652,2.26880,-0.35231,0.64446,0.46049,0.49850,0.70393,-0.70508,0.32689,
1403638554,3.42486,10.24507,2.30516,-0.35003,0.64642,0.46155,0.49658,0.65395,-0.77901,0.32832,
1403638554,3.49522,10.17878,2.33845,-0.34992,0.65142,0.46090,0.49069,0.63272,-0.81772,0.28318,
1403638554,3.55993,10.09534,2.36609,-0.34749,0.65322,0.46253,0.48848,0.60043,-0.86226,0.22970,
1403638554,3.62419,10.02198,2.38547,-0.33879,0.65868,0.46835,0.48167,0.58033,-0.86505,0.15544,
1403638554,3.68371,9.93408,2.40074,-0.33173,0.66334,0.47348,0.47514,0.55440,-0.88188,0.11179,
1403638554,3.74321,9.85836,2.41243,-0.32770,0.66605,0.47629,0.47131,0.53693,-0.84694,0.09394,
1403638555,3.79793,9.78228,2.42125,-0.32600,0.66700,0.47750,0.46992,0.51635,-0.81433,0.06160,
1403638555,3.85238,9.70920,2.43082,-0.32851,0.66901,0.47601,0.46683,0.50223,-0.78962,0.08331,
1403638555,3.90634,9.62893,2.44182,-0.33423,0.66977,0.47232,0.46541,0.49142,-0.81113,0.12121,
1403638555,3.96127,9.55421,2.46070,-0.33876,0.67055,0.46974,0.46363,0.51081,-0.77586,0.17192,
1403638555,4.01589,9.47717,2.48206,-0.34213,0.67066,0.46721,0.46355,0.52167,-0.76646,0.17976,
1403638555,4.07548,9.40236,2.50196,-0.34247,0.67223,0.46318,0.46507,0.54442,-0.78027,0.12038,
1403638555,4.13377,9.32512,2.51311,-0.33618,0.67666,0.45824,0.46811,0.56247,-0.79416,0.06506,
1403638555,4.19773,9.24591,2.52042,-0.33031,0.68313,0.45002,0.47086,0.58022,-0.80369,0.01512,
1403638555,4.26046,9.16477,2.52199,-0.32452,0.68809,0.44304,0.47428,0.59678,-0.80560,-0.01220,
1403638555,4.32613,9.08339,2.52221,-0.31686,0.69012,0.44020,0.47912,0.60886,-0.80251,-0.03958,
1403638556,4.39132,9.00351,2.51878,-0.31403,0.69204,0.43669,0.48143,0.61380,-0.79893,-0.06612,
1403638556,4.45467,8.92438,2.51554,-0.31176,0.69297,0.43530,0.48282,0.60751,-0.78798,-0.00412,
1403638556,4.51726,8.84438,2.51933,-0.31223,0.69438,0.43397,0.48169,0.59898,-0.82029,0.09067,
1403638556,4.57825,8.76432,2.53422,-0.31076,0.69474,0.43525,0.48097,0.59143,-0.83270,0.19545,
1403638556,4.63756,8.68466,2.55297,-0.30920,0.69454,0.43677,0.48088,0.60127,-0.79850,0.20930,
1403638556,4.69979,8.61168,2.57765,-0.30814,0.69347,0.43817,0.48183,0.60737,-0.76139,0.25997,
1403638556,4.76027,8.53541,2.60215,-0.30691,0.69548,0.43916,0.47880,0.60187,-0.75657,0.20215,
1403638556,4.82470,8.46602,2.61770,-0.30491,0.70010,0.44026,0.47230,0.61028,-0.73157,0.13065,
1403638556,4.88920,8.39489,2.63080,-0.30414,0.70270,0.44080,0.46841,0.62468,-0.69961,0.10091,
1403638556,4.95631,8.33084,2.63898,-0.30330,0.70454,0.44144,0.46557,0.64774,-0.65233,0.08216,
1403638557,5.02402,8.26737,2.64811,-0.30071,0.70808,0.44257,0.46079,0.67002,-0.60492,0.08415,
1403638557,5.09764,8.21317,2.65544,-0.30531,0.71095,0.43878,0.45696,0.69805,-0.55736,0.09920,
1403638557,5.17526,8.16293,2.66800,-0.31312,0.71026,0.43282,0.45844,0.74152,-0.54712,0.19116,
1403638557,5.25231,8.11091,2.68958,-0.31926,0.70730,0.42848,0.46282,0.78969,-0.53614,0.24398,
1403638557,5.33981,8.06326,2.71534,-0.32408,0.70574,0.42520,0.46487,0.84671,-0.51358,0.28835,
1403638557,5.43181,8.01623,2.73987,-0.32542,0.70436,0.42468,0.46651,0.89249,-0.50959,0.23599,
1403638557,5.52778,7.96909,2.75797,-0.32308,0.70255,0.42706,0.46869,0.92922,-0.50843,0.16391,
1403638557,5.62700,7.92109,2.76985,-0.32216,0.70114,0.42827,0.47032,0.96301,-0.50577,0.09391,
1403638557,5.72874,7.87372,2.77583,-0.32110,0.70018,0.42965,0.47122,1.00076,-0.50363,0.05634,
1403638557,5.83322,7.82561,2.78138,-0.31786,0.69806,0.43278,0.47369,1.01891,-0.50189,0.07764,
1403638558,5.93939,7.77849,2.79166,-0.31227,0.69513,0.43735,0.47750,1.02606,-0.49368,0.15974,
1403638558,6.04517,7.73160,2.80736,-0.30917,0.69271,0.44009,0.48050,1.01258,-0.47952,0.18711,
1403638558,6.15046,7.68703,2.82775,-0.30829,0.69187,0.44092,0.48152,0.99798,-0.45692,0.22141,
1403638558,6.25298,7.64227,2.84615,-0.30646,0.69149,0.44171,0.48251,0.98361,-0.44821,0.15716,
1403638558,6.35374,7.59832,2.85956,-0.30378,0.69172,0.44342,0.48231,0.96656,-0.43666,0.08628,
1403638558,6.45309,7.55515,2.86565,-0.30241,0.69432,0.44440,0.47852,0.94345,-0.41659,0.02328,
1403638558,6.55097,7.51329,2.86742,-0.30063,0.69936,0.44522,0.47149,0.94328,-0.40020,-0.01090,
1403638558,6.64924,7.47484,2.87102,-0.29797,0.70565,0.44628,0.46272,0.94593,-0.35565,0.04997,
1403638558,6.74886,7.44347,2.88209,-0.29393,0.70739,0.44858,0.46042,0.97064,-0.26223,0.14487,
1403638558,6.84889,7.41923,2.90354,-0.28788,0.70995,0.45211,0.45683,0.96661,-0.21853,0.23785,
1403638559,6.95035,7.40312,2.93128,-0.28456,0.71327,0.45365,0.45219,0.97418,-0.12887,0.30961,
1403638559,7.05385,7.39624,2.96560,-0.28946,0.71455,0.44974,0.45096,1.01033,-0.03329,0.38529,
1403638559,7.16094,7.39780,3.00317,-0.29996,0.71504,0.44195,0.45103,1.04715,0.04197,0.38344,
1403638559,7.27289,7.40450,3.03448,-0.30553,0.71443,0.43777,0.45233,1.08590,0.07756,0.30103,
1403638559,7.38838,7.41517,3.05830,-0.30642,0.71114,0.43736,0.45729,1.12895,0.10800,0.23322,
1403638559,7.50674,7.42968,3.07580,-0.30702,0.70587,0.43750,0.46485,1.15206,0.13650,0.15321,
1403638559,7.62623,7.44613,3.08731,-0.30819,0.70193,0.43737,0.47012,1.16369,0.15780,0.08102,
1403638559,7.74609,7.46369,3.09193,-0.30737,0.69851,0.43908,0.47415,1.16567,0.16557,0.02427,
1403638559,7.86504,7.48265,3.09098,-0.30577,0.69607,0.44117,0.47682,1.15749,0.17534,-0.03680,
1403638559,7.98086,7.50216,3.08576,-0.30172,0.69346,0.44474,0.47988,1.12154,0.17765,-0.08832,
1403638560,8.09418,7.52288,3.07476,-0.30055,0.69157,0.44604,0.48212,1.09677,0.19488,-0.14108,
1403638560,8.20511,7.54647,3.05922,-0.30095,0.68991,0.44649,0.48383,1.07138,0.21335,-0.17675,
1403638560,8.31390,7.57113,3.04437,-0.30142,0.68900,0.44705,0.48432,1.02430,0.22139,-0.13774,
1403638560,8.41936,7.59847,3.03518,-0.30270,0.68954,0.44715,0.48267,0.99623,0.25263,-0.07790,
1403638560,8.52220,7.62779,3.03099,-0.30286,0.69054,0.44473,0.48338,0.98226,0.26699,-0.06128,
1403638560,8.62116,7.65450,3.02292,-0.29971,0.69630,0.43520,0.48574,0.96743,0.25773,-0.12830,
1403638560,8.72081,7.68296,3.00852,-0.29222,0.70520,0.41926,0.49145,0.95840,0.25482,-0.19962,
1403638560,8.82065,7.71073,2.98929,-0.28060,0.71569,0.39940,0.49954,0.96175,0.25644,-0.22989,
1403638560,8.91895,7.73695,2.96737,-0.26870,0.72448,0.37641,0.51112,0.94381,0.24093,-0.24116,
1403638560,9.01558,7.76182,2.94308,-0.25689,0.73232,0.35165,0.52351,0.91122,0.21957,-0.26968,
1403638561,9.11031,7.78384,2.91454,-0.24443,0.74021,0.32610,0.53478,0.87856,0.18212,-0.30874,
1403638561,9.20163,7.80215,2.88101,-0.23446,0.75028,0.29813,0.54150,0.84633,0.13501,-0.36358,
1403638561,9.28932,7.81524,2.84700,-0.22739,0.76020,0.27065,0.54511,0.81941,0.09025,-0.32142,
1403638561,9.37481,7.82159,2.81978,-0.21726,0.76729,0.24779,0.55015,0.78634,-0.00348,-0.23916,
1403638561,9.45859,7.82096,2.80021,-0.20712,0.77275,0.22540,0.55602,0.78500,-0.07445,-0.16793,
1403638561,9.54095,7.81326,2.78822,-0.19437,0.77494,0.20591,0.56506,0.76819,-0.15804,-0.07598,
1403638561,9.61995,7.79598,2.78398,-0.18304,0.77716,0.18691,0.57235,0.71493,-0.24707,-0.02533,
1403638561,9.69378,7.77069,2.78614,-0.17411,0.77812,0.17156,0.57860,0.67092,-0.32073,0.05767,
1403638561,9.76219,7.73796,2.79466,-0.16808,0.77970,0.16174,0.58108,0.61460,-0.40360,0.07180,
1403638561,9.82628,7.70038,2.80045,-0.15627,0.78603,0.16213,0.57572,0.57636,-0.46129,0.02255,
1403638562,9.88786,7.66026,2.80007,-0.14389,0.79088,0.16712,0.57085,0.55070,-0.48289,-0.03465,
1403638562,9.94346,7.61660,2.79213,-0.13710,0.79391,0.17068,0.56725,0.52576,-0.49407,-0.09592,
1403638562,9.99566,7.57229,2.78034,-0.13548,0.79492,0.17304,0.56551,0.49584,-0.49290,-0.14037,
1403638562,10.04553,7.52553,2.76328,-0.13405,0.79450,0.17495,0.56586,0.47315,-0.50647,-0.19374,
1403638562,10.09438,7.47729,2.74091,-0.12982,0.79448,0.17390,0.56719,0.45232,-0.51337,-0.24865,
1403638562,10.14140,7.42974,2.71581,-0.12431,0.79590,0.16649,0.56866,0.43729,-0.51884,-0.21740,
1403638562,10.18336,7.38063,2.69674,-0.11674,0.79783,0.15673,0.57032,0.37759,-0.53610,-0.14923,
1403638562,10.22050,7.33168,2.68313,-0.10958,0.79910,0.14851,0.57217,0.36316,-0.50554,-0.10276,
1403638562,10.25608,7.28493,2.67549,-0.10337,0.80017,0.13855,0.57432,0.32619,-0.50635,-0.03706,
1403638562,10.28686,7.23816,2.67194,-0.09625,0.80142,0.12444,0.57704,0.29896,-0.50856,-0.01011,
1403638563,10.31767,7.19069,2.67517,-0.08712,0.80423,0.10645,0.57818,0.30480,-0.50792,0.07616,
1403638563,10.34597,7.14261,2.68549,-0.07819,0.80607,0.08381,0.58061,0.27830,-0.52458,0.11805,
1403638563,10.37120,7.09236,2.69911,-0.06906,0.80828,0.05882,0.58177,0.26285,-0.54881,0.12818,
1403638563,10.39291,7.03790,2.71102,-0.05771,0.80969,0.03325,0.58307,0.21662,-0.58833,0.08570,
1403638563,10.40877,6.97939,2.71777,-0.04390,0.81077,0.00922,0.58364,0.17912,-0.62626,0.02825,
1403638563,10.42027,6.91715,2.71878,-0.03171,0.81066,-0.01367,0.58450,0.14039,-0.65588,-0.02700,
1403638563,10.42772,6.85094,2.71588,-0.02468,0.81069,-0.03773,0.58373,0.09729,-0.70491,-0.06735,
1403638563,10.43011,6.78053,2.70858,-0.01134,0.80876,-0.05355,0.58558,0.05547,-0.74596,-0.10955,
1403638563,10.42880,6.70650,2.69639,-0.00139,0.80408,-0.06432,0.59102,0.00306,-0.78282,-0.14333,
1403638563,10.42196,6.63024,2.67927,0.00274,0.79540,-0.07243,0.60173,-0.07028,-0.80760,-0.20612,
1403638564,10.40873,6.55142,2.65715,0.00643,0.79319,-0.07509,0.60429,-0.16550,-0.85076,-0.21576,
1403638564,10.38848,6.46882,2.63784,0.01005,0.79587,-0.07440,0.60080,-0.24728,-0.87911,-0.14602,
1403638564,10.36203,6.38137,2.62626,0.00754,0.79878,-0.07509,0.59687,-0.32101,-0.91842,-0.08826,
1403638564,10.32976,6.28954,2.62085,0.00382,0.80019,-0.07515,0.59500,-0.37546,-0.95833,0.01011,
1403638564,10.28822,6.19204,2.62520,0.00059,0.79963,-0.07389,0.59593,-0.43207,-1.00923,0.06587,
1403638564,10.24557,6.09093,2.63011,-0.00317,0.79929,-0.07172,0.59664,-0.50059,-1.05121,0.03117,
1403638564,10.19441,5.98254,2.63264,-0.00652,0.79932,-0.06831,0.59697,-0.55531,-1.10404,-0.01812,
1403638564,10.13741,5.87129,2.63015,-0.00684,0.79872,-0.06292,0.59837,-0.61250,-1.15855,-0.04330,
1403638564,10.08013,5.75708,2.62751,-0.00485,0.79778,-0.05661,0.60026,-0.65844,-1.18954,0.01882,
1403638564,10.00833,5.63788,2.63352,-0.00502,0.79591,-0.05269,0.60310,-0.72937,-1.23464,0.08531,
1403638565,9.93694,5.51739,2.64499,-0.00609,0.79595,-0.05046,0.60323,-0.81458,-1.26487,0.12322,
1403638565,9.84954,5.38832,2.65750,-0.01037,0.79800,-0.05129,0.60038,-0.88357,-1.29976,0.09360,
1403638565,9.76460,5.25988,2.66788,-0.01535,0.79931,-0.05449,0.59824,-0.94112,-1.34030,0.03990,
1403638565,9.66851,5.12407,2.67088,-0.01816,0.79945,-0.05765,0.59768,-0.98656,-1.38623,-0.03426,
1403638565,9.57440,4.98858,2.66298,-0.02021,0.79860,-0.06022,0.59850,-1.02853,-1.42907,-0.21321,
1403638565,9.47297,4.84932,2.63638,-0.02128,0.79853,-0.06126,0.59845,-1.07225,-1.47195,-0.37329,
1403638565,9.36805,4.70351,2.59356,-0.02209,0.79921,-0.06187,0.59745,-1.08928,-1.52020,-0.52328,
1403638565,9.26061,4.55137,2.54065,-0.02170,0.80012,-0.06139,0.59630,-1.11970,-1.57347,-0.58872,
1403638565,9.15176,4.39246,2.48455,-0.01943,0.80108,-0.06047,0.59518,-1.14673,-1.62501,-0.59978,
1403638565,9.03745,4.22934,2.42738,-0.01718,0.80208,-0.05920,0.59403,-1.18810,-1.67026,-0.59501,
1403638566,8.91984,4.06290,2.37443,-0.01151,0.80011,-0.05757,0.59697,-1.20997,-1.71419,-0.51679,
1403638566,8.79880,3.89174,2.33036,-0.00291,0.79866,-0.05412,0.59934,-1.26186,-1.73608,-0.42511,
1403638566,8.67385,3.72100,2.29283,0.00925,0.79990,-0.04791,0.59815,-1.28881,-1.72412,-0.35422,
1403638566,8.54013,3.55099,2.26438,0.01554,0.80294,-0.04538,0.59412,-1.35718,-1.70056,-0.28058,
1403638566,8.40133,3.38454,2.24195,0.02163,0.80539,-0.04342,0.59076,-1.39321,-1.66484,-0.22539,
1403638566,8.26076,3.22282,2.21684,0.02249,0.80665,-0.04450,0.58892,-1.40896,-1.61578,-0.28667,
1403638566,8.11774,3.06741,2.18324,0.02304,0.80690,-0.04519,0.58851,-1.41940,-1.56821,-0.37376,
1403638566,7.97365,2.91605,2.14079,0.02357,0.80669,-0.04528,0.58876,-1.45192,-1.52791,-0.44994,
1403638566,7.83273,2.76638,2.09174,0.02303,0.80784,-0.04554,0.58719,-1.44049,-1.49049,-0.52457,
1403638566,7.69161,2.62163,2.03471,0.02282,0.80780,-0.04451,0.58734,-1.42735,-1.45463,-0.59158,
1403638567,7.55250,2.48001,1.97160,0.02100,0.80817,-0.04408,0.58692,-1.42023,-1.42323,-0.64093,
1403638567,7.41375,2.34139,1.90107,0.01908,0.81483,-0.04320,0.57778,-1.42242,-1.38755,-0.73529,
1403638567,7.27900,2.20382,1.82616,0.01771,0.82710,-0.04241,0.56017,-1.37000,-1.36172,-0.77031,
1403638567,7.14993,2.06824,1.74628,0.01785,0.83678,-0.03945,0.54583,-1.29927,-1.33378,-0.79981,
1403638567,7.02893,1.93277,1.66365,0.01739,0.84293,-0.03693,0.53647,-1.20919,-1.31554,-0.83164,
1403638567,6.91717,1.79920,1.57928,0.01610,0.84278,-0.03554,0.53684,-1.10599,-1.29680,-0.81747,
1403638567,6.80868,1.66628,1.49743,0.01803,0.83031,-0.03274,0.55605,-1.03714,-1.27340,-0.83980,
1403638567,6.70932,1.53670,1.41085,0.01993,0.81914,-0.03076,0.57242,-0.99519,-1.25108,-0.88544,
1403638567,6.60875,1.41188,1.31905,0.02336,0.81356,-0.02923,0.58028,-0.99303,-1.21128,-0.94913,
1403638567,6.50595,1.29100,1.22804,0.02575,0.81310,-0.02944,0.58080,-1.01160,-1.17747,-0.88585,
1403638568,6.40221,1.17158,1.14420,0.02740,0.81575,-0.03036,0.57696,-1.01607,-1.13822,-0.84060,
1403638568,6.29803,1.05792,1.06913,0.02952,0.81967,-0.03137,0.57121,-1.00030,-1.10223,-0.74335,
1403638568,6.19765,0.94972,1.00444,0.03208,0.82293,-0.03193,0.56634,-0.97211,-1.03929,-0.63619,
1403638568,6.10043,0.84539,0.94649,0.03390,0.82697,-0.03225,0.56029,-0.93470,-0.98739,-0.55440,
1403638568,6.00976,0.74630,0.89640,0.03149,0.82847,-0.03486,0.55806,-0.86129,-0.94481,-0.49564,
1403638568,5.92393,0.65188,0.85179,0.03271,0.82905,-0.03493,0.55713,-0.80225,-0.90299,-0.42521,
1403638568,5.84269,0.55958,0.81668,0.03535,0.82820,-0.03334,0.55832,-0.77188,-0.85763,-0.34231,
1403638568,5.76353,0.47176,0.78882,0.03732,0.82749,-0.03221,0.55931,-0.74606,-0.81340,-0.26543,
1403638568,5.68822,0.38911,0.76389,0.03807,0.82756,-0.03226,0.55915,-0.70953,-0.76903,-0.26142,
1403638568,5.61491,0.31196,0.73456,0.03810,0.82867,-0.03270,0.55749,-0.67834,-0.72441,-0.31830,
1403638569,5.54729,0.24034,0.69982,0.03895,0.82932,-0.03231,0.55648,-0.63719,-0.67310,-0.34925,
1403638569,5.48017,0.17193,0.66271,0.03947,0.83072,-0.03189,0.55437,-0.59016,-0.62357,-0.37349,
1403638569,5.42195,0.10894,0.62510,0.04107,0.83206,-0.03030,0.55234,-0.54433,-0.57235,-0.35558,
1403638569,5.36342,0.05187,0.59371,0.03906,0.83175,-0.03128,0.55289,-0.51594,-0.51795,-0.26488,
1403638569,5.31551,-0.00132,0.56977,0.03998,0.83169,-0.03064,0.55294,-0.44277,-0.46916,-0.17989,
1403638569,5.26904,-0.05096,0.55192,0.03989,0.83068,-0.03049,0.55448,-0.39293,-0.43163,-0.10762,
1403638569,5.23147,-0.09536,0.54296,0.04141,0.83084,-0.02927,0.55420,-0.34507,-0.38797,-0.04777,
1403638569,5.19521,-0.13677,0.53731,0.04318,0.83229,-0.02805,0.55194,-0.31319,-0.33520,-0.04457,
1403638569,5.16549,-0.17096,0.52988,0.04424,0.83302,-0.02785,0.55076,-0.27389,-0.28536,-0.09327,
1403638569,5.13787,-0.20154,0.51461,0.04516,0.83197,-0.02716,0.55231,-0.21713,-0.24148,-0.14684,
1403638570,5.11999,-0.22677,0.49705,0.04519,0.83079,-0.02681,0.55410,-0.17431,-0.20072,-0.17967,
1403638570,5.10512,-0.24747,0.48001,0.04468,0.82940,-0.02734,0.55619,-0.13705,-0.14618,-0.13644,
1403638570,5.09272,-0.26284,0.46812,0.04544,0.82841,-0.02685,0.55762,-0.10478,-0.09289,-0.08096,
1403638570,5.08557,-0.27196,0.46535,0.04539,0.82782,-0.02631,0.55853,-0.08710,-0.03850,-0.00415,
1403638570,5.08058,-0.27669,0.46720,0.04649,0.82602,-0.02555,0.56114,-0.05806,0.00938,0.02611,
1403638570,5.07865,-0.27668,0.47004,0.04427,0.82484,-0.02669,0.56299,-0.03234,0.05107,-0.00683,
1403638570,5.07902,-0.27206,0.46751,0.04069,0.82496,-0.02898,0.56298,-0.01292,0.09590,-0.07559,
1403638570,5.07995,-0.26344,0.45882,0.03462,0.82445,-0.03233,0.56395,-0.00350,0.12259,-0.13231,
1403638570,5.08234,-0.25291,0.44522,0.02582,0.82405,-0.03867,0.56460,0.01643,0.12809,-0.17297,
1403638570,5.08478,-0.24452,0.42208,0.02193,0.82345,-0.04864,0.56488,0.02754,0.10966,-0.23618,
1403638571,5.09027,-0.23827,0.40020,0.01548,0.82206,-0.07055,0.56480,0.03665,0.06069,-0.28722,
1403638571,5.09514,-0.23966,0.36861,0.01107,0.81801,-0.09941,0.56644,0.02881,-0.02268,-0.34131,
1403638571,5.09817,-0.24843,0.33466,0.01642,0.80977,-0.12654,0.57271,0.02330,-0.12344,-0.35444,
1403638571,5.09671,-0.26630,0.30061,0.02581,0.79695,-0.15330,0.58370,-0.03460,-0.22798,-0.36831,
1403638571,5.08824,-0.29443,0.26448,0.03977,0.78690,-0.17580,0.59017,-0.12646,-0.33810,-0.38769,
1403638571,5.07146,-0.33426,0.22532,0.05457,0.77999,-0.19655,0.59161,-0.21199,-0.43358,-0.41703,
1403638571,5.04574,-0.38253,0.18316,0.07439,0.78101,-0.21234,0.58258,-0.30817,-0.51570,-0.39735,
1403638571,5.01167,-0.43818,0.14778,0.09556,0.78340,-0.22077,0.57307,-0.37452,-0.59380,-0.29770,
1403638571,4.97086,-0.49909,0.12193,0.11367,0.78381,-0.22548,0.56735,-0.43046,-0.62784,-0.20723,
1403638571,4.92598,-0.56414,0.10724,0.12127,0.78171,-0.23130,0.56633,-0.47691,-0.65828,-0.11046,
1403638572,4.87741,-0.63166,0.10095,0.12708,0.77872,-0.23463,0.56780,-0.52148,-0.68373,-0.07308,
1403638572,4.82497,-0.70081,0.09360,0.13360,0.77746,-0.24163,0.56509,-0.56417,-0.70402,-0.12895,
1403638572,4.76937,-0.77155,0.08066,0.14060,0.77729,-0.25365,0.55831,-0.60117,-0.72922,-0.19097,
1403638572,4.71047,-0.84396,0.06204,0.14904,0.77569,-0.26940,0.55092,-0.62212,-0.75374,-0.23005,
1403638572,4.64905,-0.91931,0.04210,0.15664,0.77056,-0.28903,0.54604,-0.64044,-0.79209,-0.19938,
1403638572,4.58580,-0.99846,0.02839,0.16582,0.76371,-0.30887,0.54209,-0.67804,-0.83381,-0.11064,
1403638572,4.51830,-1.08104,0.02391,0.17705,0.75597,-0.32715,0.53865,-0.71947,-0.86806,-0.02656,
1403638572,4.44687,-1.16775,0.02791,0.19371,0.75019,-0.34208,0.53167,-0.75785,-0.88116,0.02030,
1403638572,4.37351,-1.25761,0.03108,0.20697,0.74559,-0.36006,0.52117,-0.77137,-0.91701,-0.01405,
1403638572,4.29979,-1.35130,0.03038,0.22062,0.74047,-0.37703,0.51076,-0.76457,-0.95094,-0.04384,
1403638573,4.22675,-1.44978,0.02652,0.23322,0.73683,-0.38780,0.50230,-0.74341,-0.98861,-0.05194,
1403638573,4.15571,-1.55230,0.02248,0.24169,0.73353,-0.39454,0.49785,-0.72094,-1.01376,-0.04204,
1403638573,4.08623,-1.65781,0.02306,0.24875,0.73321,-0.39718,0.49273,-0.69273,-1.06481,0.05130,
1403638573,4.01920,-1.76652,0.03208,0.25444,0.73537,-0.39644,0.48717,-0.65926,-1.08698,0.13224,
1403638573,3.95683,-1.87797,0.04824,0.25579,0.73725,-0.39596,0.48400,-0.60010,-1.11845,0.18151,
1403638573,3.89803,-1.99035,0.06406,0.25616,0.73966,-0.39491,0.48097,-0.55649,-1.13704,0.15162,
1403638573,3.84320,-2.10487,0.07447,0.25490,0.74180,-0.39341,0.47957,-0.50952,-1.15966,0.08274,
1403638573,3.79154,-2.22169,0.08113,0.25329,0.74270,-0.39163,0.48048,-0.46400,-1.17885,0.06919,
1403638573,3.74589,-2.34150,0.08782,0.25180,0.74377,-0.38957,0.48129,-0.41580,-1.21097,0.08447,
1403638573,3.70209,-2.46312,0.09606,0.25275,0.74475,-0.38987,0.47903,-0.38021,-1.22683,0.10767,
1403638574,3.66826,-2.58932,0.11104,0.25575,0.74460,-0.38989,0.47765,-0.30921,-1.26743,0.19776,
1403638574,3.63747,-2.71633,0.13400,0.25701,0.74425,-0.39024,0.47724,-0.25729,-1.28496,0.27233,
1403638574,3.61322,-2.84502,0.16258,0.26134,0.74360,-0.39204,0.47442,-0.19608,-1.30953,0.30126,
1403638574,3.59676,-2.97708,0.19357,0.27225,0.73649,-0.39597,0.47609,-0.14912,-1.31067,0.28708,
1403638574,3.58586,-3.11087,0.22037,0.28657,0.72398,-0.40442,0.47977,-0.09101,-1.31885,0.24082,
1403638574,3.57909,-3.24508,0.23931,0.29440,0.70560,-0.42230,0.48695,-0.07487,-1.29030,0.17032,
1403638574,3.57317,-3.37667,0.25189,0.30010,0.68380,-0.44494,0.49435,-0.08780,-1.26512,0.10942,
1403638574,3.56360,-3.50491,0.25967,0.30744,0.66240,-0.46832,0.49738,-0.13945,-1.23128,0.08433,
1403638574,3.54731,-3.62757,0.26452,0.31812,0.64643,-0.48937,0.49138,-0.19886,-1.19451,0.03813,
1403638574,3.52524,-3.74651,0.26562,0.33189,0.63434,-0.50758,0.47940,-0.25594,-1.15638,0.00463,
1403638575,3.49796,-3.86287,0.26639,0.34340,0.62298,-0.52447,0.46787,-0.30891,-1.11994,0.04441,
1403638575,3.46861,-3.97635,0.27264,0.35402,0.61331,-0.53495,0.46082,-0.34928,-1.10107,0.11995,
1403638575,3.43665,-4.08909,0.28679,0.36608,0.61034,-0.53912,0.45036,-0.35443,-1.06870,0.17083,
1403638575,3.40356,-4.19808,0.30566,0.37250,0.61251,-0.54195,0.43860,-0.35040,-1.04648,0.20473,
1403638575,3.37000,-4.30526,0.32149,0.37093,0.61468,-0.54676,0.43086,-0.34521,-1.03477,0.15745,
1403638575,3.33632,-4.41144,0.33247,0.36685,0.61555,-0.55044,0.42840,-0.33632,-1.02786,0.08478,
1403638575,3.30183,-4.51705,0.33624,0.35946,0.61295,-0.55507,0.43241,-0.34742,-1.02855,0.03236,
1403638575,3.26612,-4.62184,0.33747,0.35516,0.61076,-0.55685,0.43675,-0.37027,-1.03724,-0.00574,
1403638575,3.22637,-4.72975,0.33347,0.35163,0.61130,-0.55737,0.43819,-0.41068,-1.04482,-0.05231,
1403638575,3.18293,-4.84001,0.32492,0.34812,0.61624,-0.55714,0.43434,-0.43342,-1.06015,-0.09310,
1403638576,3.14003,-4.94988,0.31495,0.34670,0.62099,-0.55520,0.43119,-0.45283,-1.08387,-0.08638,
1403638576,3.09317,-5.06691,0.30777,0.34882,0.62767,-0.55089,0.42529,-0.46956,-1.13080,-0.02888,
1403638576,3.04521,-5.18620,0.30950,0.35119,0.63388,-0.54655,0.41970,-0.47308,-1.16514,0.06213,
1403638576,2.99797,-5.30771,0.31957,0.35184,0.63979,-0.54405,0.41338,-0.44447,-1.20832,0.15077,
1403638576,2.95475,-5.43378,0.33926,0.35083,0.64164,-0.54303,0.41272,-0.40617,-1.26800,0.24213,
1403638576,2.91540,-5.56529,0.36759,0.35089,0.64213,-0.54173,0.41360,-0.37252,-1.30078,0.32732,
1403638576,2.87899,-5.70106,0.40039,0.35160,0.64192,-0.54103,0.41424,-0.34742,-1.34110,0.37722,
1403638576,2.84544,-5.84155,0.43491,0.35400,0.64116,-0.53925,0.41571,-0.32211,-1.38146,0.33494,
1403638576,2.81442,-5.98585,0.46329,0.35874,0.64224,-0.53606,0.41409,-0.28599,-1.42126,0.27630,
1403638576,2.78766,-6.13293,0.48543,0.36210,0.64427,-0.53403,0.41063,-0.24136,-1.44846,0.21592,
1403638577,2.76592,-6.28179,0.50285,0.36750,0.64794,-0.53043,0.40468,-0.18848,-1.48184,0.16953,
1403638577,2.75111,-6.43269,0.51666,0.37108,0.65061,-0.52823,0.39996,-0.11071,-1.50017,0.11923,
1403638577,2.74538,-6.58580,0.52661,0.37441,0.64976,-0.52589,0.40133,-0.02125,-1.52755,0.09286,
1403638577,2.74705,-6.74013,0.53212,0.37942,0.64560,-0.52248,0.40774,0.05694,-1.53135,0.04288,
1403638577,2.75587,-6.89336,0.53238,0.37976,0.63987,-0.52264,0.41618,0.12791,-1.51399,-0.01735,
1403638577,2.77113,-7.04463,0.52932,0.37594,0.63494,-0.52555,0.42346,0.17412,-1.48420,-0.02326,
1403638577,2.79045,-7.19342,0.53156,0.37291,0.63108,-0.52816,0.42863,0.20618,-1.47071,0.05063,
1403638577,2.81250,-7.34043,0.54155,0.37081,0.62933,-0.52996,0.43079,0.23344,-1.45056,0.11910,
1403638577,2.83737,-7.48769,0.55746,0.37469,0.63177,-0.52711,0.42735,0.25976,-1.44751,0.21183,
1403638577,2.86380,-7.63232,0.58045,0.38070,0.63648,-0.52229,0.42092,0.29147,-1.42993,0.25929,
1403638578,2.89578,-7.77377,0.60559,0.38109,0.63713,-0.52172,0.42029,0.35687,-1.41235,0.23293,
1403638578,2.93307,-7.91267,0.62442,0.37824,0.63621,-0.52364,0.42187,0.39481,-1.37270,0.16277,
1403638578,2.97467,-8.04900,0.63632,0.37579,0.63595,-0.52513,0.42261,0.42991,-1.35982,0.09483,
1403638578,3.02036,-8.18410,0.64071,0.37341,0.63560,-0.52636,0.42370,0.46317,-1.34940,0.02105,
1403638578,3.06886,-8.31744,0.64033,0.37343,0.63576,-0.52565,0.42432,0.49842,-1.33465,0.00522,
1403638578,3.12054,-8.45099,0.64328,0.37431,0.63602,-0.52421,0.42494,0.54627,-1.33083,0.06159,
1403638578,3.17570,-8.58302,0.65148,0.37194,0.63439,-0.52495,0.42853,0.57548,-1.31464,0.12780,
1403638578,3.23347,-8.71245,0.66912,0.36414,0.62905,-0.53004,0.43676,0.59414,-1.31943,0.20431,
1403638578,3.29147,-8.84103,0.69006,0.35837,0.62545,-0.53399,0.44186,0.57472,-1.30562,0.19092,
1403638578,3.34739,-8.96730,0.70558,0.35842,0.62470,-0.53450,0.44225,0.54592,-1.27910,0.12020,
1403638579,3.40076,-9.09082,0.71506,0.35858,0.62400,-0.53512,0.44238,0.52856,-1.25342,0.06564,
1403638579,3.45102,-9.21502,0.72054,0.35969,0.62315,-0.53496,0.44285,0.49911,-1.22940,0.03741,
1403638579,3.49775,-9.33437,0.72289,0.36365,0.62469,-0.53266,0.44022,0.46719,-1.20359,0.00599,
1403638579,3.54600,-9.45453,0.72113,0.36878,0.62845,-0.52912,0.43485,0.48105,-1.17981,-0.02656,
1403638579,3.59425,-9.57171,0.71881,0.37294,0.62973,-0.52633,0.43282,0.49353,-1.16029,-0.02367,
1403638579,3.64514,-9.68756,0.71925,0.37474,0.63087,-0.52425,0.43212,0.52082,-1.15145,0.05911,
1403638579,3.70078,-9.80388,0.73084,0.37514,0.63133,-0.52318,0.43241,0.55518,-1.15353,0.16679,
1403638579,3.75376,-9.91378,0.74434,0.37491,0.63133,-0.52284,0.43303,0.57126,-1.08718,0.19881,
1403638579,3.81245,-10.02346,0.76321,0.37178,0.62976,-0.52442,0.43607,0.58817,-1.07864,0.21105,
1403638579,3.86993,-10.13034,0.78245,0.36421,0.62510,-0.52954,0.44292,0.58329,-1.05604,0.16177,
1403638580,3.92850,-10.23904,0.79223,0.35932,0.62194,-0.53168,0.44877,0.56964,-1.03768,0.11145,
1403638580,3.98661,-10.34491,0.80131,0.36137,0.61970,-0.52349,0.45972,0.55205,-1.00965,0.06532,
1403638580,4.04316,-10.44641,0.80349,0.36281,0.62563,-0.50733,0.46858,0.54369,-0.95603,0.00930,
1403638580,4.09793,-10.54131,0.80058,0.35646,0.64127,-0.48746,0.47338,0.53603,-0.88785,-0.06204,
1403638580,4.15227,-10.63022,0.79151,0.34218,0.66243,-0.46458,0.47778,0.54618,-0.83946,-0.10825,
1403638580,4.20692,-10.71472,0.77830,0.32608,0.68041,-0.43492,0.49148,0.55703,-0.78379,-0.12761,
1403638580,4.26241,-10.79022,0.76535,0.30966,0.69400,-0.39857,0.51344,0.54718,-0.68503,-0.14948,
1403638580,4.31528,-10.85658,0.74722,0.28644,0.71031,-0.36208,0.53133,0.51979,-0.58344,-0.20942,
1403638580,4.36681,-10.91197,0.72622,0.25778,0.72827,-0.33089,0.54193,0.47985,-0.49541,-0.27043,
1403638580,4.41252,-10.96179,0.70068,0.22774,0.74229,-0.31065,0.54830,0.41341,-0.44761,-0.29994,
1403638581,4.45276,-11.00895,0.67403,0.20665,0.75111,-0.29645,0.55249,0.36842,-0.41591,-0.30798,
1403638581,4.48803,-11.05426,0.64779,0.19063,0.75954,-0.28293,0.55382,0.31882,-0.38987,-0.30486,
1403638581,4.52080,-11.10066,0.62500,0.17711,0.77063,-0.26764,0.55058,0.28238,-0.38085,-0.23194,
1403638581,4.54896,-11.14487,0.61055,0.17008,0.77890,-0.25506,0.54711,0.23056,-0.37212,-0.14580,
1403638581,4.57676,-11.18996,0.60528,0.16614,0.78331,-0.24720,0.54563,0.23373,-0.37715,-0.02687,
1403638581,4.60477,-11.23422,0.60865,0.16208,0.78450,-0.24550,0.54591,0.21805,-0.38031,0.04989,
1403638581,4.63305,-11.27818,0.61918,0.16331,0.78504,-0.24392,0.54547,0.23491,-0.38783,0.12317,
1403638581,4.66293,-11.32127,0.63381,0.16636,0.78525,-0.24367,0.54437,0.22598,-0.37131,0.14406,
1403638581,4.68700,-11.35798,0.64649,0.17030,0.78488,-0.24437,0.54337,0.23007,-0.35521,0.13969,
1403638581,4.71861,-11.39671,0.66173,0.17409,0.78313,-0.24552,0.54417,0.24631,-0.32557,0.16109,
1403638582,4.74219,-11.42731,0.68096,0.17674,0.78180,-0.24779,0.54420,0.24426,-0.30200,0.21990,
1403638582,4.77859,-11.46480,0.70486,0.18103,0.77946,-0.24901,0.54559,0.26855,-0.29238,0.21904,
1403638582,4.81502,-11.50022,0.72381,0.18596,0.77481,-0.24893,0.55056,0.27849,-0.26508,0.15073,
1403638582,4.84784,-11.53170,0.73286,0.18774,0.77305,-0.25036,0.55178,0.27288,-0.23056,0.08052,
1403638582,4.88150,-11.56468,0.73972,0.19107,0.76631,-0.24983,0.56022,0.26349,-0.19717,0.04881,
1403638582,4.91176,-11.59271,0.74255,0.19339,0.76280,-0.24905,0.56455,0.23371,-0.15898,0.03335,
1403638582,4.93781,-11.61547,0.74861,0.19114,0.76904,-0.25144,0.55571,0.21983,-0.11728,0.12483,
1403638582,4.96194,-11.63350,0.76520,0.18809,0.77505,-0.25393,0.54721,0.21801,-0.09796,0.22864,
1403638582,4.98585,-11.64811,0.79499,0.19023,0.77363,-0.25216,0.54930,0.21732,-0.06828,0.35870,
1403638582,5.00860,-11.66022,0.83240,0.19185,0.77123,-0.25055,0.55283,0.20779,-0.04127,0.42556,
1403638583,5.02893,-11.66825,0.87806,0.19275,0.77023,-0.24939,0.55443,0.19434,-0.00404,0.53611,
1403638583,5.04821,-11.66827,0.93414,0.19338,0.77019,-0.24892,0.55448,0.18675,0.03955,0.61584,
1403638583,5.06443,-11.67025,0.99226,0.19211,0.77291,-0.24960,0.55082,0.17942,0.06614,0.68405,
1403638583,5.08336,-11.66278,1.06187,0.19159,0.77427,-0.25067,0.54860,0.17636,0.10325,0.69304,
1403638583,5.10232,-11.65196,1.12730,0.19121,0.77559,-0.25189,0.54631,0.18230,0.13766,0.62314,
1403638583,5.11704,-11.64146,1.17543,0.18991,0.77847,-0.25331,0.54199,0.16800,0.15537,0.53156,
1403638583,5.13736,-11.62412,1.22826,0.18944,0.78052,-0.25476,0.53852,0.17781,0.17967,0.46015,
1403638583,5.15193,-11.61216,1.25976,0.18813,0.78170,-0.25590,0.53671,0.19551,0.18785,0.38716,
1403638583,5.17227,-11.59362,1.29570,0.18853,0.78162,-0.25583,0.53673,0.20852,0.20143,0.33187,
1403638583,5.19282,-11.57444,1.32368,0.18810,0.78199,-0.25611,0.53621,0.22202,0.21004,0.31637,
1403638584,5.21555,-11.55453,1.35290,0.18766,0.78263,-0.25625,0.53536,0.24142,0.22529,0.37635,
1403638584,5.24002,-11.53278,1.38994,0.18835,0.78260,-0.25575,0.53540,0.24873,0.24698,0.44937,
1403638584,5.26501,-11.50833,1.43253,0.18947,0.78255,-0.25505,0.53541,0.26264,0.27082,0.44859,
1403638584,5.28286,-11.49210,1.45449,0.18947,0.78257,-0.25423,0.53577,0.26993,0.26938,0.36623,
1403638584,5.30801,-11.46765,1.49132,0.18906,0.78184,-0.25407,0.53706,0.28125,0.29124,0.29470,
1403638584,5.32473,-11.44535,1.50029,0.18965,0.78122,-0.25320,0.53816,0.27938,0.30436,0.23569,
1403638584,5.35307,-11.41270,1.52513,0.19428,0.77437,-0.24983,0.54790,0.28782,0.33427,0.20928,
1403638584,5.37631,-11.37601,1.54113,0.19872,0.76476,-0.24608,0.56134,0.27188,0.37018,0.15853,
1403638584,5.39306,-11.33988,1.53801,0.19996,0.75900,-0.24474,0.56925,0.22444,0.42559,0.07321,
1403638584,5.40728,-11.29685,1.53224,0.19958,0.75800,-0.24483,0.57066,0.16853,0.48221,0.00959,
1403638585,5.41741,-11.24690,1.52502,0.19891,0.75739,-0.24526,0.57152,0.12375,0.54315,0.02120,
1403638585,5.42632,-11.19021,1.52934,0.19844,0.75861,-0.24510,0.57014,0.07866,0.60157,0.11181,
1403638585,5.43127,-11.12535,1.53993,0.19614,0.76222,-0.24634,0.56557,0.03291,0.66631,0.17330,
1403638585,5.42550,-11.05715,1.55195,0.19108,0.77012,-0.24971,0.55502,0.00003,0.70960,0.20996,
1403638585,5.42764,-10.98183,1.57121,0.18585,0.77608,-0.25387,0.54655,-0.00059,0.72496,0.19368,
1403638585,5.42525,-10.90797,1.57805,0.18402,0.77870,-0.25517,0.54282,0.01029,0.73198,0.12377,
1403638585,5.42320,-10.83719,1.58116,0.18265,0.77879,-0.25634,0.54260,0.00811,0.74141,0.05909,
1403638585,5.42562,-10.76265,1.58375,0.18268,0.77769,-0.25656,0.54405,0.01512,0.73987,0.01797,
1403638585,5.42699,-10.69231,1.57793,0.18391,0.77536,-0.25535,0.54753,0.01321,0.74952,-0.03519,
1403638585,5.42765,-10.61749,1.57060,0.18380,0.77478,-0.25512,0.54849,0.00541,0.74937,-0.06686,
1403638586,5.43258,-10.54643,1.56379,0.18420,0.77574,-0.25497,0.54707,0.03681,0.75008,0.01320,
1403638586,5.43648,-10.47158,1.56746,0.18333,0.77776,-0.25522,0.54438,0.03005,0.73980,0.09027,
1403638586,5.44183,-10.39896,1.57667,0.18200,0.78168,-0.25612,0.53875,0.04288,0.75036,0.15372,
1403638586,5.44638,-10.32449,1.59497,0.17901,0.78626,-0.25834,0.53199,0.09360,0.71701,0.23610,
1403638586,5.45399,-10.25435,1.62032,0.17587,0.78840,-0.26111,0.52850,0.11783,0.70156,0.31334,
1403638586,5.46377,-10.18481,1.65226,0.17619,0.78556,-0.26159,0.53238,0.14367,0.67286,0.33800,
1403638586,5.47787,-10.11470,1.67980,0.17871,0.78176,-0.26129,0.53725,0.15350,0.66530,0.27106,
1403638586,5.48724,-10.04554,1.69795,0.18069,0.77920,-0.26039,0.54074,0.14240,0.65853,0.21004,
1403638586,5.50113,-9.97784,1.71365,0.18424,0.77602,-0.25856,0.54498,0.13370,0.65686,0.15506,
1403638586,5.51281,-9.90939,1.72053,0.19227,0.77325,-0.25378,0.54837,0.12581,0.67173,0.10719,
1403638587,5.52653,-9.83959,1.72777,0.19898,0.77238,-0.24961,0.54912,0.12078,0.70673,0.05021,
1403638587,5.53556,-9.76676,1.72439,0.19647,0.77276,-0.25143,0.54866,0.10900,0.73987,-0.02028,
1403638587,5.54715,-9.69158,1.72063,0.19300,0.77267,-0.25400,0.54883,0.11036,0.76454,-0.08095,
1403638587,5.55870,-9.61362,1.71118,0.18996,0.77177,-0.25597,0.55024,0.10585,0.78681,-0.13451,
1403638587,5.56883,-9.53290,1.69304,0.19000,0.77100,-0.25550,0.55152,0.08196,0.80728,-0.19059,
1403638587,5.57904,-9.45079,1.67410,0.18927,0.77082,-0.25580,0.55190,0.07629,0.82344,-0.21213,
1403638587,5.58689,-9.36668,1.65380,0.18861,0.77079,-0.25648,0.55183,0.07525,0.83218,-0.15884,
1403638587,5.59442,-9.28258,1.64455,0.18833,0.77312,-0.25596,0.54891,0.06369,0.85472,-0.04837,
1403638587,5.60140,-9.19713,1.63869,0.18804,0.77453,-0.25666,0.54669,0.05624,0.86908,0.01009,
1403638587,5.60679,-9.11114,1.64174,0.18658,0.77518,-0.25763,0.54581,0.04945,0.87258,0.03416,
1403638588,5.61511,-9.02505,1.64193,0.18548,0.77484,-0.25871,0.54616,0.05451,0.87628,-0.00360,
1403638588,5.62230,-8.93753,1.64023,0.18455,0.77482,-0.25998,0.54590,0.05672,0.87121,-0.06123,
1403638588,5.62902,-8.85344,1.63223,0.18490,0.77467,-0.25998,0.54600,0.05391,0.86981,-0.10909,
1403638588,5.63729,-8.76666,1.61961,0.18422,0.77421,-0.26122,0.54629,0.05909,0.86628,-0.15018,
1403638588,5.64866,-8.68469,1.60201,0.18393,0.77390,-0.26162,0.54662,0.05661,0.85713,-0.18846,
1403638588,5.65621,-8.59938,1.58121,0.18386,0.77327,-0.26172,0.54749,0.05418,0.85346,-0.21347,
1403638588,5.66352,-8.51857,1.55846,0.18709,0.77373,-0.25950,0.54681,0.04581,0.83942,-0.25011,
1403638588,5.66973,-8.43420,1.53193,0.19345,0.77483,-0.25488,0.54522,0.04097,0.86642,-0.25958,
1403638588,5.67589,-8.34992,1.51132,0.19408,0.77553,-0.25395,0.54442,0.06853,0.87675,-0.18735,
1403638588,5.68305,-8.26097,1.49655,0.19396,0.77543,-0.25383,0.54466,0.07888,0.89360,-0.10471,
1403638589,5.69018,-8.17403,1.48909,0.19170,0.77511,-0.25527,0.54525,0.05699,0.92675,-0.03039,
1403638589,5.69627,-8.08152,1.49099,0.18942,0.77444,-0.25646,0.54644,0.04061,0.95236,0.04748,
1403638589,5.70006,-7.99022,1.50079,0.18671,0.77269,-0.25827,0.54898,0.03389,0.96515,0.09678,
1403638589,5.70607,-7.89503,1.51095,0.18597,0.77208,-0.25901,0.54975,0.02730,0.96474,0.05098,
1403638589,5.71069,-7.80387,1.51348,0.18467,0.77177,-0.26033,0.55001,0.02012,0.95889,-0.01214,
1403638589,5.71162,-7.70896,1.50827,0.18456,0.77170,-0.26097,0.54982,0.00220,0.96035,-0.09216,
1403638589,5.71460,-7.61965,1.49638,0.18597,0.77183,-0.26049,0.54940,0.00315,0.95400,-0.14042,
1403638589,5.71605,-7.52289,1.48239,0.18613,0.77152,-0.26040,0.54981,-0.00713,0.95793,-0.17915,
1403638589,5.71854,-7.43175,1.46450,0.18628,0.77077,-0.26061,0.55072,-0.00852,0.94543,-0.19311,
1403638589,5.71776,-7.33513,1.44956,0.18571,0.77081,-0.26086,0.55075,-0.03498,0.96290,-0.15521,
1403638590,5.71912,-7.24309,1.43815,0.18548,0.77105,-0.26099,0.55041,-0.04340,0.95807,-0.08879,
1403638590,5.71485,-7.14718,1.43696,0.18586,0.77087,-0.26075,0.55067,-0.04656,0.96618,-0.00488,
1403638590,5.71248,-7.05717,1.44107,0.18505,0.77250,-0.26154,0.54826,-0.05394,0.95516,0.07584,
1403638590,5.70753,-6.96113,1.45004,0.18470,0.77331,-0.26251,0.54677,-0.07447,0.95090,0.05566,
1403638590,5.70610,-6.86934,1.45362,0.18591,0.77373,-0.26265,0.54571,-0.06385,0.95002,-0.00145,
1403638590,5.70089,-6.77412,1.45266,0.18495,0.77325,-0.26418,0.54597,-0.07011,0.95126,-0.04930,
1403638590,5.69780,-6.68351,1.44532,0.18559,0.77262,-0.26450,0.54649,-0.06347,0.93788,-0.08929,
1403638590,5.69245,-6.58918,1.43508,0.18617,0.77180,-0.26469,0.54736,-0.06749,0.93332,-0.13787,
1403638590,5.68999,-6.49998,1.42094,0.18631,0.77143,-0.26497,0.54770,-0.07106,0.92695,-0.16988,
1403638590,5.68251,-6.40655,1.40345,0.18677,0.77244,-0.26526,0.54598,-0.07900,0.92528,-0.18398,
1403638591,5.67578,-6.31633,1.38473,0.18571,0.77245,-0.26612,0.54591,-0.08843,0.92734,-0.17881,
1403638591,5.66559,-6.22449,1.37186,0.18476,0.77447,-0.26665,0.54310,-0.08043,0.90928,-0.09180,
1403638591,5.65868,-6.13775,1.36812,0.18258,0.77547,-0.26804,0.54172,-0.07292,0.88774,0.00683,
1403638591,5.65081,-6.04877,1.37054,0.18271,0.77653,-0.26786,0.54024,-0.06217,0.86173,0.06633,
1403638591,5.64470,-5.96796,1.38009,0.18177,0.77710,-0.26846,0.53944,-0.05587,0.84034,0.14514,
1403638591,5.63551,-5.88069,1.39667,0.18065,0.77786,-0.26976,0.53808,-0.07297,0.83399,0.17499,
1403638591,5.62677,-5.80206,1.41145,0.17975,0.78067,-0.27035,0.53399,-0.06820,0.81359,0.11721,
1403638591,5.62129,-5.72105,1.41790,0.17786,0.78566,-0.27218,0.52632,-0.04846,0.78591,0.03859,
1403638591,5.61900,-5.64970,1.41898,0.17411,0.79143,-0.27471,0.51755,-0.00134,0.73686,-0.00135,
1403638591,5.62317,-5.58219,1.41675,0.17136,0.79466,-0.27690,0.51233,0.05798,0.68264,-0.05340,
1403638592,5.63192,-5.51962,1.40895,0.16823,0.79719,-0.27925,0.50813,0.11599,0.62158,-0.11241,
1403638592,5.64587,-5.46321,1.39580,0.16603,0.79922,-0.28071,0.50486,0.17843,0.55161,-0.15654,
1403638592,5.66603,-5.41415,1.38073,0.16587,0.79801,-0.28131,0.50649,0.23814,0.47167,-0.15735,
1403638592,5.69261,-5.37078,1.36610,0.16752,0.79556,-0.28012,0.51044,0.28700,0.40300,-0.15022,
1403638592,5.72406,-5.33642,1.35509,0.16894,0.79288,-0.27864,0.51494,0.33757,0.33540,-0.07032,
1403638592,5.76115,-5.30698,1.35437,0.16966,0.79019,-0.27800,0.51916,0.39802,0.27318,0.02397,
1403638592,5.80234,-5.28461,1.36071,0.16996,0.78859,-0.27656,0.52225,0.44526,0.21311,0.10505,
1403638592,5.84791,-5.26541,1.37781,0.16637,0.78398,-0.27311,0.53208,0.46225,0.17377,0.23208,
1403638592,5.89513,-5.25093,1.40490,0.15982,0.77941,-0.26622,0.54414,0.46475,0.14208,0.31119,
1403638592,5.94081,-5.23894,1.43999,0.14914,0.77928,-0.25451,0.55291,0.44003,0.11441,0.38624,
1403638593,5.98131,-5.23038,1.48082,0.13885,0.78484,-0.24010,0.55416,0.40250,0.06241,0.44316,
1403638593,6.01850,-5.22557,1.52697,0.13212,0.79257,-0.22715,0.55025,0.37720,0.02608,0.49996,
1403638593,6.05505,-5.22509,1.57571,0.12641,0.80000,-0.21797,0.54453,0.36945,-0.01049,0.47236,
1403638593,6.09262,-5.22849,1.61897,0.12121,0.80650,-0.21268,0.53818,0.38042,-0.05228,0.41469,
1403638593,6.13043,-5.23518,1.65667,0.11937,0.80999,-0.20860,0.53493,0.39300,-0.09297,0.35945,
1403638593,6.17091,-5.24627,1.68907,0.11850,0.81139,-0.20627,0.53390,0.43040,-0.13840,0.30646,
1403638593,6.21417,-5.26293,1.71832,0.11808,0.81145,-0.20517,0.53433,0.46746,-0.17936,0.31203,
1403638593,6.26127,-5.28423,1.75218,0.12117,0.80806,-0.20305,0.53956,0.49791,-0.22890,0.37225,
1403638593,6.31184,-5.30743,1.79158,0.12947,0.80552,-0.19841,0.54314,0.52785,-0.25074,0.42462,
1403638593,6.36263,-5.33270,1.83265,0.13965,0.80104,-0.19284,0.54922,0.51767,-0.24095,0.38538,
1403638594,6.41310,-5.35669,1.86920,0.14497,0.79726,-0.19086,0.55402,0.52915,-0.22146,0.32962,
1403638594,6.46270,-5.37756,1.89826,0.14797,0.79516,-0.19050,0.55636,0.51982,-0.18960,0.25155,
1403638594,6.51400,-5.39458,1.92220,0.14992,0.79314,-0.19021,0.55882,0.51259,-0.14618,0.19098,
1403638594,6.56560,-5.40723,1.94340,0.14911,0.78675,-0.19107,0.56771,0.50437,-0.09056,0.22003,
1403638594,6.61128,-5.41529,1.96812,0.14373,0.77744,-0.18860,0.58254,0.44580,-0.04343,0.25258,
1403638594,6.65100,-5.41893,1.99465,0.13583,0.77981,-0.18581,0.58217,0.37553,-0.00151,0.27811,
1403638594,6.68508,-5.41914,2.02737,0.13021,0.78570,-0.18293,0.57641,0.29750,0.02761,0.32186,
1403638594,6.71590,-5.41748,2.06149,0.13001,0.79057,-0.17805,0.57131,0.26770,0.03524,0.30253,
1403638594,6.74235,-5.41397,2.09172,0.13030,0.79087,-0.17382,0.57212,0.23079,0.05370,0.27799,
1403638594,6.76773,-5.40869,2.12396,0.13475,0.78957,-0.16748,0.57478,0.21319,0.08239,0.31368,
1403638595,6.78869,-5.39838,2.16057,0.13326,0.78928,-0.16623,0.57589,0.15723,0.14336,0.37814,
1403638595,6.80936,-5.38464,2.20560,0.12747,0.78974,-0.16869,0.57585,0.13945,0.17181,0.44119,
1403638595,6.82456,-5.36825,2.24967,0.12369,0.79022,-0.17167,0.57514,0.11376,0.17851,0.40085,
1403638595,6.84183,-5.35067,2.28986,0.12224,0.79055,-0.17345,0.57447,0.09162,0.19174,0.33705,
1403638595,6.85241,-5.33144,2.32284,0.12206,0.79144,-0.17448,0.57295,0.05420,0.20193,0.25452,
1403638595,6.86124,-5.31035,2.34915,0.12136,0.79296,-0.17626,0.57046,0.03605,0.21234,0.20007,
1403638595,6.87130,-5.28987,2.36976,0.12112,0.79394,-0.17747,0.56876,0.01912,0.21154,0.13669,
1403638595,6.87700,-5.26829,2.38296,0.12194,0.79442,-0.17789,0.56779,0.00080,0.21004,0.06446,
1403638595,6.88173,-5.24656,2.39100,0.12238,0.79455,-0.17817,0.56742,-0.00709,0.21474,0.01801,
1403638595,6.88496,-5.22463,2.39381,0.12202,0.79443,-0.17908,0.56737,-0.01857,0.21442,-0.02582,
1403638596,6.88661,-5.20264,2.39249,0.12203,0.79509,-0.17916,0.56642,-0.03503,0.21730,-0.05705,
1403638596,6.88646,-5.18015,2.39259,0.12258,0.79580,-0.17850,0.56552,-0.03920,0.21783,0.01735,
1403638596,6.88738,-5.15659,2.39949,0.12683,0.79645,-0.17557,0.56458,-0.06441,0.23301,0.05862,
1403638596,6.88524,-5.13272,2.40666,0.12950,0.79740,-0.17402,0.56312,-0.07001,0.25364,0.02154,
1403638596,6.88201,-5.10859,2.40520,0.13063,0.79721,-0.17353,0.56327,-0.06514,0.26132,-0.13117,
1403638596,6.87976,-5.08263,2.39067,0.13461,0.79710,-0.17091,0.56330,-0.05590,0.27820,-0.21652,
1403638596,6.87831,-5.05341,2.37082,0.14479,0.79848,-0.16398,0.56088,-0.05578,0.32156,-0.22419,
1403638596,6.87752,-5.01882,2.35543,0.15650,0.80076,-0.15531,0.55694,-0.05388,0.39143,-0.16548,
1403638596,6.88304,-4.97461,2.35021,0.16739,0.80219,-0.14741,0.55384,-0.00002,0.47738,-0.07257,
1403638596,6.88655,-4.92206,2.35056,0.17405,0.80229,-0.14182,0.55311,0.02373,0.60315,0.02227,
1403638597,6.89754,-4.85785,2.36079,0.18068,0.80226,-0.13638,0.55239,0.08540,0.71810,0.11514,
1403638597,6.90849,-4.78109,2.37751,0.18783,0.80284,-0.13048,0.55059,0.13312,0.86467,0.19070,
1403638597,6.92318,-4.68979,2.40133,0.19390,0.80353,-0.12552,0.54862,0.19217,1.02135,0.27230,
1403638597,6.94795,-4.58146,2.43468,0.19796,0.80326,-0.12210,0.54833,0.24835,1.18323,0.34773,
1403638597,6.97212,-4.45549,2.46954,0.20032,0.80216,-0.12014,0.54953,0.28849,1.34953,0.37082,
1403638597,7.00257,-4.31577,2.50461,0.20192,0.80110,-0.12002,0.55051,0.33165,1.49207,0.29607,
1403638597,7.03888,-4.16224,2.53260,0.20455,0.79941,-0.11908,0.55220,0.37278,1.62974,0.23986,
1403638597,7.07717,-3.99231,2.55542,0.20493,0.79719,-0.12026,0.55501,0.41571,1.79844,0.18081,
1403638597,7.12012,-3.80573,2.57219,0.20131,0.79507,-0.12381,0.55858,0.42938,1.94097,0.11326,
1403638597,7.16764,-3.60485,2.58386,0.19526,0.79297,-0.12918,0.56248,0.45621,2.08211,0.07076,
1403638598,7.21609,-3.39356,2.59305,0.18341,0.78831,-0.13822,0.57081,0.45678,2.19438,0.02726,
1403638598,7.26066,-3.17336,2.59441,0.17426,0.78465,-0.14555,0.57686,0.43127,2.26507,-0.01964,
1403638598,7.30319,-2.94509,2.59057,0.17385,0.78372,-0.14612,0.57810,0.40580,2.32736,-0.06130,
1403638598,7.34455,-2.70979,2.58104,0.17898,0.78647,-0.13635,0.57519,0.38841,2.41496,-0.11168,
1403638598,7.38496,-2.46465,2.56790,0.18299,0.78940,-0.12496,0.57250,0.36736,2.50620,-0.12827,
1403638598,7.42668,-2.20852,2.55793,0.18072,0.79058,-0.11841,0.57298,0.37943,2.61632,-0.08842,
1403638598,7.46736,-1.94024,2.55604,0.16529,0.79102,-0.12230,0.57620,0.34542,2.73664,-0.01514,
1403638598,7.50358,-1.66372,2.55966,0.14445,0.79183,-0.13185,0.57858,0.31614,2.79764,0.03430,
1403638598,7.53664,-1.38446,2.56491,0.12994,0.79424,-0.13902,0.57704,0.29146,2.79918,0.01839,
1403638598,7.56865,-1.10672,2.56502,0.12266,0.79624,-0.14236,0.57506,0.27186,2.78962,-0.03856,
1403638599,7.59819,-0.82977,2.55829,0.11867,0.79805,-0.14206,0.57345,0.25087,2.77688,-0.09960,
1403638599,7.62442,-0.55621,2.54193,0.11368,0.80153,-0.13678,0.57090,0.22997,2.75434,-0.16293,
1403638599,7.65028,-0.28642,2.52309,0.10729,0.80363,-0.12636,0.57158,0.21918,2.71830,-0.17926,
1403638599,7.67403,-0.01769,2.50799,0.09827,0.80510,-0.11353,0.57382,0.21684,2.70412,-0.11385,
1403638599,7.69426,0.24842,2.49745,0.08885,0.80790,-0.09789,0.57430,0.17700,2.67000,-0.06348,
1403638599,7.71185,0.51358,2.49060,0.07621,0.80992,-0.08210,0.57574,0.17025,2.65340,0.00904,
1403638599,7.72878,0.77708,2.49230,0.06546,0.81142,-0.06390,0.57726,0.14353,2.65017,0.06614,
1403638599,7.74179,1.03930,2.49826,0.05407,0.81330,-0.04529,0.57755,0.12116,2.63065,0.10963,
1403638599,7.75339,1.30145,2.51080,0.04098,0.81570,-0.02709,0.57639,0.09740,2.62704,0.19683,
1403638599,7.76135,1.56231,2.53073,0.03169,0.81886,-0.01058,0.57302,0.07709,2.60084,0.24382,
1403638600,7.76934,1.82146,2.55200,0.02480,0.82125,0.00038,0.57004,0.07067,2.57229,0.21652,
1403638600,7.77566,2.07836,2.56577,0.01897,0.82297,0.00562,0.56775,0.05939,2.55200,0.12543,
1403638600,7.78150,2.33202,2.56986,0.01683,0.82417,0.00879,0.56602,0.05577,2.52994,0.03486,
1403638600,7.79215,2.58454,2.56634,0.01590,0.82476,0.00790,0.56520,0.09295,2.50883,-0.02914,
1403638600,7.80490,2.83277,2.55740,0.01320,0.82580,0.00399,0.56379,0.11144,2.47918,-0.07025,
1403638600,7.82060,3.07962,2.54289,0.00831,0.82497,-0.00265,0.56512,0.14761,2.45297,-0.12011,
1403638600,7.84227,3.32076,2.52653,0.00001,0.82685,-0.01220,0.56229,0.17648,2.39982,-0.15298,
1403638600,7.86621,3.55566,2.50814,-0.01196,0.82944,-0.02409,0.55795,0.18913,2.31396,-0.20081,
1403638600,7.89481,3.78102,2.48820,-0.02085,0.83105,-0.03386,0.55478,0.24184,2.20766,-0.20756,
1403638600,7.92687,3.99535,2.47144,-0.02873,0.83216,-0.04235,0.55217,0.28036,2.07698,-0.15142,
1403638601,7.96224,4.19415,2.46208,-0.02991,0.83285,-0.04521,0.55083,0.33361,1.91970,-0.04966,
1403638601,8.00129,4.38311,2.45896,-0.02932,0.83420,-0.04671,0.54870,0.37011,1.78450,0.03565,
1403638601,8.04432,4.55921,2.46241,-0.02976,0.83632,-0.04814,0.54531,0.42278,1.64690,0.09101,
1403638601,8.09267,4.72173,2.47212,-0.02613,0.84033,-0.04529,0.53954,0.49405,1.50751,0.15876,
1403638601,8.14623,4.87027,2.48502,-0.01045,0.84378,-0.03311,0.53556,0.54702,1.40695,0.11664,
1403638601,8.20800,5.00967,2.49150,0.00320,0.84481,-0.02223,0.53459,0.62293,1.35780,0.05366,
1403638601,8.27830,5.14406,2.49346,0.00999,0.84371,-0.01654,0.53645,0.68927,1.31779,0.00793,
1403638601,8.35239,5.27357,2.49327,0.01887,0.84087,-0.00927,0.54082,0.76392,1.29305,-0.02896,
1403638601,8.43261,5.40206,2.49003,0.02533,0.83361,-0.00244,0.55177,0.82506,1.31212,-0.03639,
1403638601,8.51659,5.53630,2.48866,0.01505,0.82924,0.00022,0.55869,0.85684,1.33882,0.00356,
1403638602,8.60301,5.67087,2.49490,0.00343,0.82517,0.01003,0.56479,0.86680,1.34691,0.07763,
1403638602,8.69221,5.80437,2.50574,-0.00753,0.82209,0.02710,0.56867,0.87445,1.34193,0.12671,
1403638602,8.77919,5.93959,2.52302,-0.01956,0.81989,0.05025,0.56998,0.85471,1.35143,0.18604,
1403638602,8.86409,6.07325,2.54757,-0.03297,0.81599,0.07814,0.57181,0.82450,1.37756,0.26057,
1403638602,8.94405,6.20961,2.57713,-0.04708,0.81192,0.10601,0.57213,0.79059,1.38236,0.27507,
1403638602,9.01996,6.34686,2.60327,-0.06007,0.80985,0.12625,0.56973,0.76361,1.38508,0.22154,
1403638602,9.09227,6.48463,2.62285,-0.06825,0.80698,0.14173,0.56924,0.72850,1.39033,0.15207,
1403638602,9.16092,6.62371,2.63673,-0.07367,0.80089,0.15869,0.57268,0.68132,1.42346,0.10016,
1403638602,9.22428,6.76672,2.64718,-0.08691,0.79250,0.17493,0.57775,0.62191,1.45657,0.10054,
1403638602,9.28182,6.91281,2.66262,-0.11881,0.77683,0.18298,0.59071,0.53598,1.47247,0.22236,
1403638603,9.32838,7.05595,2.68952,-0.15410,0.75325,0.18880,0.61092,0.42346,1.40311,0.30007,
1403638603,9.36445,7.18808,2.72308,-0.18318,0.73640,0.19728,0.62068,0.26736,1.26010,0.35013,
1403638603,9.38666,7.30493,2.75817,-0.19824,0.73048,0.21445,0.61735,0.10147,1.08796,0.39752,
1403638603,9.38935,7.40423,2.80095,-0.20656,0.72714,0.23577,0.61074,-0.06398,0.92969,0.43143,
1403638603,9.37851,7.49087,2.84705,-0.22081,0.72594,0.25393,0.59981,-0.20378,0.79658,0.46457,
1403638603,9.35864,7.56860,2.89240,-0.24279,0.72496,0.26749,0.58646,-0.29368,0.67245,0.43925,
1403638603,9.33000,7.63348,2.93312,-0.25963,0.71751,0.28163,0.58176,-0.35777,0.52394,0.36947,
1403638603,9.29331,7.68302,2.96177,-0.26423,0.71721,0.29745,0.57212,-0.42817,0.37570,0.23657,
1403638603,9.24933,7.71939,2.98086,-0.25844,0.72949,0.31374,0.55011,-0.47733,0.25847,0.14165,
1403638603,9.20196,7.74786,2.99324,-0.25287,0.74071,0.32435,0.53123,-0.48433,0.19751,0.07918,
1403638604,9.15564,7.77178,3.00205,-0.25086,0.74458,0.32916,0.52376,-0.47653,0.17778,0.05753,
1403638604,9.11106,7.79398,3.00860,-0.25476,0.73894,0.33097,0.52871,-0.46402,0.14806,0.01127,
1403638604,9.06632,7.80961,3.00879,-0.25136,0.73087,0.33567,0.53848,-0.47242,0.10133,-0.06423,
1403638604,9.01931,7.81983,3.00194,-0.24475,0.72321,0.34094,0.54848,-0.50824,0.06338,-0.12264,
1403638604,8.96565,7.82632,2.98996,-0.23761,0.71616,0.34560,0.55787,-0.58019,0.03784,-0.17849,
1403638604,8.90303,7.83069,2.97028,-0.23195,0.71111,0.34835,0.56495,-0.67375,0.01087,-0.22378,
1403638604,8.83135,7.83160,2.95264,-0.22830,0.70805,0.35032,0.56905,-0.77307,0.02003,-0.17053,
1403638604,8.74870,7.83120,2.93934,-0.23152,0.70934,0.34879,0.56708,-0.89302,-0.00414,-0.08561,
1403638604,8.65501,7.82705,2.93539,-0.23837,0.71575,0.34481,0.55856,-0.99498,-0.03938,-0.02317,
1403638604,8.55358,7.81662,2.93674,-0.24092,0.72379,0.34348,0.54783,-1.05753,-0.08410,0.03086,
1403638605,8.44731,7.80366,2.94417,-0.23830,0.73096,0.34540,0.53815,-1.08694,-0.09860,0.08939,
1403638605,8.33754,7.78935,2.94968,-0.23754,0.73404,0.34610,0.53383,-1.11003,-0.11738,0.03645,
1403638605,8.22614,7.77433,2.94969,-0.24183,0.73661,0.34319,0.53023,-1.12032,-0.13109,-0.01042,
1403638605,8.11416,7.75723,2.94830,-0.24523,0.73892,0.34063,0.52709,-1.11616,-0.15668,-0.01334,
1403638605,8.00258,7.73733,2.94904,-0.24387,0.74307,0.34146,0.52133,-1.10935,-0.18011,0.02123,
1403638605,7.89186,7.71564,2.95558,-0.24128,0.75026,0.34336,0.51088,-1.08948,-0.18896,0.10581,
1403638605,7.78457,7.69342,2.97043,-0.23878,0.75563,0.34534,0.50274,-1.04989,-0.18461,0.18916,
1403638605,7.68518,7.67720,2.99120,-0.23584,0.75758,0.34754,0.49968,-0.97162,-0.13487,0.20171,
1403638605,7.59152,7.66566,3.00926,-0.23109,0.75660,0.35109,0.50089,-0.90732,-0.09288,0.17680,
1403638605,7.50099,7.65786,3.02218,-0.22415,0.74904,0.35648,0.51149,-0.87952,-0.04575,0.12992,
1403638606,7.41251,7.65529,3.02980,-0.21784,0.73888,0.36144,0.52533,-0.89184,-0.00984,0.07076,
1403638606,7.32121,7.65667,3.03196,-0.21147,0.73144,0.36630,0.53488,-0.92946,0.03128,0.01675,
1403638606,7.22444,7.66154,3.03344,-0.20863,0.72810,0.36868,0.53891,-0.99037,0.07055,0.04180,
1403638606,7.12043,7.67092,3.04238,-0.20723,0.72855,0.36969,0.53814,-1.07261,0.12639,0.13712,
1403638606,7.01146,7.68726,3.05880,-0.20439,0.72801,0.37125,0.53888,-1.10713,0.21425,0.20911,
1403638606,6.89621,7.70881,3.07779,-0.20039,0.72726,0.37307,0.54014,-1.17985,0.26520,0.19022,
1403638606,6.77357,7.73646,3.09201,-0.19748,0.72733,0.37403,0.54046,-1.25457,0.32035,0.11209,
1403638606,6.64398,7.76691,3.09817,-0.19453,0.72733,0.37559,0.54044,-1.32986,0.36781,0.03580,
1403638606,6.50790,7.80660,3.09887,-0.19585,0.73126,0.37350,0.53611,-1.39707,0.43294,-0.05860,
1403638606,6.36662,7.84901,3.09029,-0.20329,0.74125,0.36741,0.52367,-1.43413,0.48684,-0.11174,
1403638607,6.22398,7.89642,3.07687,-0.21237,0.75158,0.36022,0.51016,-1.42444,0.53415,-0.17027,
1403638607,6.08383,7.95003,3.05957,-0.21837,0.75756,0.35872,0.49974,-1.39262,0.59693,-0.21549,
1403638607,5.94850,8.01205,3.03647,-0.22277,0.75915,0.36510,0.49068,-1.34245,0.65560,-0.25046,
1403638607,5.81788,8.08029,3.00977,-0.22965,0.75686,0.37624,0.48256,-1.28916,0.72405,-0.26711,
1403638607,5.69438,8.15577,2.98437,-0.23964,0.75117,0.39060,0.47513,-1.20795,0.81280,-0.21662,
1403638607,5.57777,8.23899,2.96536,-0.25318,0.74325,0.40564,0.46791,-1.13198,0.88467,-0.10908,
1403638607,5.46887,8.32792,2.95700,-0.27012,0.73593,0.41534,0.46145,-1.04684,0.93946,-0.02478,
1403638607,5.36633,8.42335,2.95400,-0.28442,0.72350,0.42170,0.46671,-0.97936,0.96974,-0.02357,
1403638607,5.27045,8.52093,2.94636,-0.29709,0.71175,0.42413,0.47462,-0.92078,0.97563,-0.09260,
1403638607,5.17864,8.61903,2.92980,-0.30618,0.70516,0.42498,0.47791,-0.88205,0.97258,-0.18035,
1403638608,5.09167,8.71424,2.90518,-0.31055,0.70415,0.42565,0.47597,-0.84486,0.93209,-0.26614,
1403638608,5.00912,8.80590,2.87536,-0.31180,0.70278,0.42694,0.47602,-0.80585,0.90682,-0.29824,
1403638608,4.92935,8.89556,2.84338,-0.31139,0.70031,0.42735,0.47956,-0.75395,0.88649,-0.33019,
1403638608,4.85383,8.98135,2.80803,-0.31074,0.70077,0.42700,0.47961,-0.72877,0.85668,-0.37093,
1403638608,4.78378,9.06477,2.76838,-0.31324,0.70485,0.42345,0.47514,-0.69040,0.83851,-0.41618,
1403638608,4.71831,9.14731,2.72513,-0.31541,0.70644,0.41973,0.47463,-0.62534,0.81822,-0.44841,
1403638608,4.65846,9.22746,2.67848,-0.31363,0.70382,0.41874,0.48055,-0.57469,0.78500,-0.49254,
1403638608,4.60145,9.30556,2.62719,-0.30968,0.69995,0.41928,0.48823,-0.54894,0.74627,-0.54262,
1403638608,4.54717,9.37938,2.57097,-0.30941,0.69499,0.41784,0.49665,-0.53443,0.70678,-0.57901,
1403638608,4.49269,9.44976,2.50993,-0.30962,0.69150,0.41701,0.50206,-0.54331,0.66239,-0.65912,
1403638609,4.43882,9.51493,2.44252,-0.30798,0.69338,0.41764,0.49995,-0.53989,0.60988,-0.70282,
1403638609,4.38345,9.57637,2.37489,-0.30980,0.69257,0.41523,0.50194,-0.54099,0.56521,-0.66492,
1403638609,4.33028,9.63049,2.31134,-0.31350,0.68980,0.41292,0.50537,-0.55181,0.48530,-0.61831,
1403638609,4.27552,9.67975,2.25214,-0.31172,0.69260,0.41427,0.50152,-0.55697,0.43292,-0.56786,
1403638609,4.22511,9.72309,2.19819,-0.31011,0.69649,0.41555,0.49604,-0.55320,0.37150,-0.48118,
1403638609,4.17393,9.76136,2.15200,-0.31028,0.70024,0.41549,0.49068,-0.52655,0.34512,-0.41660,
1403638609,4.12427,9.79758,2.11292,-0.30904,0.70185,0.41594,0.48877,-0.50689,0.31339,-0.35485,
1403638609,4.08008,9.83066,2.07726,-0.31583,0.70176,0.41105,0.48870,-0.47330,0.27795,-0.36064,
1403638609,4.03499,9.85777,2.03785,-0.31963,0.70220,0.40792,0.48821,-0.43761,0.22481,-0.44275,
1403638609,3.99789,9.88474,1.98989,-0.31643,0.70233,0.40968,0.48865,-0.39825,0.19022,-0.51035,
1403638610,3.96021,9.90370,1.93674,-0.31265,0.70244,0.41180,0.48913,-0.37259,0.15443,-0.57820,
1403638610,3.92764,9.92333,1.87603,-0.31065,0.70262,0.41245,0.48960,-0.34740,0.13854,-0.62708,
1403638610,3.89417,9.93630,1.81351,-0.30754,0.70150,0.41463,0.49132,-0.32813,0.11339,-0.63729,
1403638610,3.86535,9.95026,1.75468,-0.30792,0.70264,0.41408,0.48992,-0.30302,0.10723,-0.56110,
1403638610,3.83574,9.95906,1.70393,-0.30799,0.70233,0.41377,0.49058,-0.28505,0.06072,-0.48557,
1403638610,3.80940,9.96707,1.66091,-0.31004,0.70130,0.41188,0.49236,-0.25756,0.04621,-0.39156,
1403638610,3.78502,9.97023,1.62508,-0.31298,0.69843,0.40962,0.49644,-0.24651,0.00310,-0.34359,
1403638610,3.76219,9.96828,1.58832,-0.31417,0.69567,0.40865,0.50034,-0.23518,-0.04781,-0.39849,
1403638610,3.74042,9.96164,1.54535,-0.31535,0.69483,0.40740,0.50179,-0.22629,-0.08958,-0.46100,
1403638610,3.72003,9.95127,1.49670,-0.31650,0.69449,0.40600,0.50266,-0.21299,-0.14394,-0.50598,
1403638611,3.69911,9.93794,1.44504,-0.31581,0.69172,0.40600,0.50690,-0.21123,-0.20219,-0.53774,
1403638611,3.67723,9.91541,1.38999,-0.32103,0.68453,0.40220,0.51634,-0.22426,-0.27690,-0.53750,
1403638611,3.65326,9.88368,1.33604,-0.32126,0.68529,0.40247,0.51497,-0.25846,-0.37861,-0.52254,
1403638611,3.63306,9.84534,1.28533,-0.31856,0.69259,0.40590,0.50407,-0.24964,-0.43783,-0.44330,
1403638611,3.61147,9.80142,1.24523,-0.31707,0.69569,0.40803,0.49900,-0.22265,-0.46990,-0.37462,
1403638611,3.58725,9.75427,1.20623,-0.31969,0.69474,0.40592,0.50036,-0.21996,-0.51484,-0.36706,
1403638611,3.56350,9.70213,1.16520,-0.32200,0.69217,0.40467,0.50344,-0.21346,-0.56777,-0.43933,
1403638611,3.54212,9.64278,1.11800,-0.32177,0.69166,0.40563,0.50351,-0.20676,-0.62584,-0.45178,
1403638611,3.52285,9.57800,1.07497,-0.31904,0.69108,0.40807,0.50408,-0.20669,-0.70336,-0.39827,
1403638611,3.50074,9.50752,1.03708,-0.30812,0.68666,0.41510,0.51112,-0.21475,-0.73471,-0.32024,
1403638612,3.47740,9.43179,1.00571,-0.29733,0.68396,0.42212,0.51537,-0.26038,-0.77661,-0.27204,
1403638612,3.44811,9.35549,0.98208,-0.29206,0.68594,0.42459,0.51372,-0.31746,-0.78308,-0.21405,
1403638612,3.41731,9.28058,0.96499,-0.29398,0.68998,0.42310,0.50842,-0.35945,-0.77307,-0.24550,
1403638612,3.38468,9.20654,0.94372,-0.30042,0.69562,0.41835,0.50084,-0.37781,-0.78127,-0.29888,
1403638612,3.35038,9.12763,0.91352,-0.30428,0.70030,0.41478,0.49492,-0.36899,-0.78197,-0.33445,
1403638612,3.31984,9.05332,0.88335,-0.30605,0.70287,0.41340,0.49133,-0.34293,-0.77553,-0.30390,
1403638612,3.28842,8.97713,0.85789,-0.30745,0.70475,0.41180,0.48910,-0.33617,-0.79471,-0.23310,
1403638612,3.25708,8.89780,0.83736,-0.30657,0.70531,0.41195,0.48872,-0.28938,-0.77097,-0.13487,
1403638612,3.23162,8.82136,0.82315,-0.30607,0.70491,0.41226,0.48936,-0.26385,-0.78573,-0.08991,
1403638612,3.20633,8.74111,0.81189,-0.30507,0.70389,0.41221,0.49148,-0.25038,-0.78839,-0.11951,
1403638613,3.18422,8.66192,0.79455,-0.30305,0.70176,0.41237,0.49563,-0.23851,-0.80480,-0.19197,
1403638613,3.16094,8.58220,0.77080,-0.29811,0.70013,0.41435,0.49926,-0.23582,-0.80224,-0.25818,
1403638613,3.13767,8.50266,0.74101,-0.29377,0.69836,0.41555,0.50330,-0.24306,-0.79841,-0.31892,
1403638613,3.11042,8.42119,0.70805,-0.29268,0.69743,0.41387,0.50660,-0.27936,-0.80845,-0.33228,
1403638613,3.08184,8.34263,0.67908,-0.29350,0.69694,0.41150,0.50871,-0.31401,-0.80911,-0.28036,
1403638613,3.05049,8.26096,0.65527,-0.29352,0.69936,0.41047,0.50621,-0.33722,-0.80175,-0.19537,
1403638613,3.01799,8.18176,0.64117,-0.29387,0.70070,0.40982,0.50468,-0.36117,-0.81440,-0.12505,
1403638613,2.98225,8.10056,0.63076,-0.29390,0.70243,0.40940,0.50259,-0.37203,-0.80296,-0.05897,
1403638613,2.94687,8.02245,0.62855,-0.29295,0.70292,0.41002,0.50197,-0.37924,-0.78961,0.02000,
1403638613,2.90978,7.94157,0.62758,-0.29221,0.70225,0.41052,0.50292,-0.39282,-0.79468,-0.01751,
1403638614,2.87317,7.86489,0.62377,-0.29330,0.70199,0.40714,0.50539,-0.39477,-0.78654,-0.07472,
1403638614,2.83444,7.78412,0.61333,-0.29511,0.70342,0.40094,0.50730,-0.40593,-0.78589,-0.13325,
1403638614,2.79461,7.70123,0.59516,-0.29899,0.70225,0.39437,0.51178,-0.41606,-0.80827,-0.20922,
1403638614,2.75281,7.61821,0.56813,-0.29868,0.70249,0.38693,0.51729,-0.42262,-0.85485,-0.27838,
1403638614,2.71330,7.52965,0.53840,-0.29324,0.70649,0.37803,0.52151,-0.42765,-0.90660,-0.34090,
1403638614,2.67058,7.43680,0.50142,-0.28259,0.71325,0.36698,0.52606,-0.43937,-0.95200,-0.37555,
1403638614,2.62822,7.34130,0.46059,-0.26963,0.72232,0.35366,0.52960,-0.45031,-0.99101,-0.39540,
1403638614,2.58357,7.24164,0.42286,-0.25607,0.73192,0.33994,0.53213,-0.46251,-1.01025,-0.33077,
1403638614,2.53886,7.13998,0.39217,-0.24630,0.73943,0.32852,0.53353,-0.48650,-1.01322,-0.28594,
1403638614,2.49456,7.03938,0.36993,-0.24125,0.74490,0.31877,0.53414,-0.49238,-1.01479,-0.19429,
1403638615,2.44765,6.93892,0.35665,-0.23849,0.74911,0.31052,0.53436,-0.50568,-1.03860,-0.10326,
1403638615,2.40173,6.83731,0.35208,-0.23509,0.75334,0.30038,0.53570,-0.47794,-1.02973,-0.04515,
1403638615,2.36193,6.73467,0.35900,-0.23302,0.76045,0.28613,0.53436,-0.45837,-1.05319,0.05132,
1403638615,2.32149,6.62713,0.37291,-0.22816,0.77077,0.26881,0.53067,-0.44361,-1.11391,0.14821,
1403638615,2.28578,6.51595,0.39465,-0.21771,0.78075,0.25094,0.52921,-0.36593,-1.13231,0.21067,
1403638615,2.25609,6.40260,0.42134,-0.20333,0.78934,0.23006,0.53166,-0.31720,-1.17360,0.24625,
1403638615,2.23411,6.28559,0.45383,-0.18297,0.79524,0.20873,0.53903,-0.25515,-1.21868,0.31955,
1403638615,2.21532,6.16615,0.49230,-0.15860,0.79677,0.18775,0.55205,-0.21658,-1.23659,0.36431,
1403638615,2.20104,6.04677,0.53006,-0.13639,0.79926,0.16375,0.56193,-0.20885,-1.23729,0.32989,
1403638615,2.18428,5.92705,0.56153,-0.11551,0.80216,0.13776,0.56941,-0.20383,-1.22339,0.27064,
1403638616,2.16796,5.80710,0.58704,-0.09599,0.80549,0.11224,0.57391,-0.20697,-1.20917,0.22156,
1403638616,2.15102,5.68893,0.60574,-0.08093,0.80753,0.09099,0.57712,-0.21843,-1.19026,0.18211,
1403638616,2.13412,5.57322,0.62574,-0.07094,0.80909,0.07605,0.57841,-0.22811,-1.16788,0.23920,
1403638616,2.11544,5.46043,0.65366,-0.06420,0.81012,0.06497,0.57911,-0.24992,-1.16438,0.31417,
1403638616,2.09449,5.34869,0.68422,-0.05898,0.81095,0.05221,0.57979,-0.26002,-1.16085,0.30267,
1403638616,2.07274,5.23413,0.70812,-0.05090,0.81235,0.04021,0.57956,-0.27803,-1.16330,0.22779,
1403638616,2.04939,5.11816,0.72476,-0.04122,0.81307,0.02756,0.58005,-0.27903,-1.17125,0.11200,
1403638616,2.02534,5.00157,0.72450,-0.03167,0.81415,0.01107,0.57969,-0.28958,-1.17510,-0.06358,
1403638616,2.00113,4.88414,0.70801,-0.01941,0.81464,-0.00788,0.57958,-0.30133,-1.18631,-0.22720,
1403638616,1.97672,4.76570,0.68104,-0.00674,0.81486,-0.02680,0.57900,-0.29971,-1.18505,-0.30517,
1403638617,1.95249,4.64757,0.64973,0.00243,0.81537,-0.04235,0.57739,-0.29734,-1.17516,-0.33568,
1403638617,1.92826,4.53020,0.61518,0.00990,0.81816,-0.05337,0.57243,-0.30338,-1.17438,-0.35925,
1403638617,1.90558,4.41400,0.57720,0.01109,0.82524,-0.06297,0.56115,-0.27386,-1.17347,-0.41048,
1403638617,1.88627,4.29747,0.53510,0.00592,0.83270,-0.07232,0.54895,-0.21596,-1.19196,-0.41942,
1403638617,1.87281,4.17793,0.49791,0.00547,0.83478,-0.07514,0.54540,-0.13888,-1.24107,-0.31910,
1403638617,1.86614,4.05385,0.47146,0.01263,0.83166,-0.07030,0.55067,-0.06384,-1.26989,-0.21995,
1403638617,1.86342,3.92707,0.45386,0.01980,0.82795,-0.06348,0.55685,-0.02415,-1.28265,-0.12997,
1403638617,1.86378,3.79984,0.44156,0.02337,0.82788,-0.05787,0.55742,0.01942,-1.27931,-0.06513,
1403638617,1.86787,3.67434,0.43402,0.02263,0.83111,-0.05505,0.55292,0.05053,-1.26182,-0.03104,
1403638617,1.87593,3.55084,0.43305,0.02331,0.83529,-0.05161,0.54689,0.09936,-1.23524,0.05041,
1403638618,1.89041,3.42933,0.44084,0.02316,0.83711,-0.04836,0.54441,0.15897,-1.21461,0.12683,
1403638618,1.91216,3.30993,0.45697,0.02323,0.83672,-0.04554,0.54524,0.22047,-1.18930,0.20466,
1403638618,1.93977,3.19263,0.48282,0.02507,0.83510,-0.04137,0.54796,0.29538,-1.16594,0.29012,
1403638618,1.97764,3.08032,0.51513,0.02545,0.83512,-0.03880,0.54811,0.34912,-1.13902,0.35047,
1403638618,2.01873,2.97001,0.55439,0.02406,0.83399,-0.03776,0.54996,0.39919,-1.10231,0.40027,
1403638618,2.06469,2.86217,0.59192,0.02302,0.83359,-0.03654,0.55070,0.44313,-1.07212,0.35076,
1403638618,2.11400,2.75741,0.62315,0.02107,0.83373,-0.03623,0.55058,0.48583,-1.05321,0.28466,
1403638618,2.16538,2.65412,0.64893,0.02055,0.83352,-0.03512,0.55099,0.51917,-1.03327,0.21829,
1403638618,2.22221,2.55477,0.66959,0.02103,0.83294,-0.03374,0.55193,0.54838,-1.00033,0.17468,
1403638618,2.28004,2.45713,0.68734,0.02088,0.83287,-0.03269,0.55211,0.58537,-0.97209,0.14758,
1403638619,2.34361,2.36263,0.70330,0.02038,0.83237,-0.03155,0.55294,0.62095,-0.94404,0.13090,
1403638619,2.40857,2.27042,0.71684,0.02311,0.83197,-0.03350,0.55332,0.65817,-0.93367,0.11463,
1403638619,2.47901,2.18077,0.73218,0.02734,0.83172,-0.03564,0.55337,0.69517,-0.89478,0.14948,
1403638619,2.55311,2.09586,0.75333,0.02878,0.83047,-0.03932,0.55493,0.73092,-0.85105,0.21631,
1403638619,2.63020,2.01346,0.78098,0.03369,0.82774,-0.04436,0.55834,0.76115,-0.83044,0.23654,
1403638619,2.70957,1.93177,0.80358,0.04245,0.82307,-0.05529,0.56365,0.77339,-0.81202,0.16830,
1403638619,2.78909,1.85238,0.81935,0.05644,0.81909,-0.07092,0.56645,0.76930,-0.78010,0.08878,
1403638619,2.86857,1.77715,0.82828,0.07018,0.81500,-0.09246,0.56772,0.77607,-0.74842,0.01341,
1403638619,2.94790,1.70545,0.82989,0.08567,0.81086,-0.11725,0.56693,0.76047,-0.72016,-0.08506,
1403638619,3.02373,1.63741,0.82413,0.09896,0.80573,-0.14056,0.56679,0.75011,-0.67554,-0.11463,
1403638620,3.09890,1.57312,0.81621,0.10723,0.80128,-0.15880,0.56677,0.75275,-0.63115,-0.13008,
1403638620,3.17232,1.51223,0.80584,0.10997,0.79795,-0.17415,0.56644,0.74244,-0.60276,-0.16367,
1403638620,3.24356,1.45226,0.79436,0.10442,0.79496,-0.18880,0.56701,0.70370,-0.60343,-0.17113,
1403638620,3.31054,1.38972,0.78327,0.10199,0.79204,-0.19757,0.56854,0.66526,-0.62090,-0.18221,
1403638620,3.37468,1.32580,0.76818,0.10242,0.79046,-0.20245,0.56894,0.61978,-0.65466,-0.20048,
1403638620,3.43516,1.25965,0.74730,0.10507,0.78920,-0.20441,0.56951,0.56967,-0.68483,-0.19339,
1403638620,3.48957,1.18719,0.73656,0.10823,0.78667,-0.20419,0.57248,0.51345,-0.71563,-0.11092,
1403638620,3.53892,1.11643,0.72613,0.11111,0.78451,-0.20354,0.57513,0.45410,-0.72966,-0.04844,
1403638620,3.58169,1.03921,0.72738,0.11470,0.78653,-0.20081,0.57262,0.38277,-0.74350,0.03769,
1403638620,3.62085,0.96708,0.73178,0.11611,0.78777,-0.19910,0.57122,0.33079,-0.74310,0.09529,
1403638621,3.65903,0.88853,0.74266,0.11645,0.78942,-0.19673,0.56969,0.30730,-0.75497,0.07744,
1403638621,3.68890,0.81506,0.74595,0.11452,0.79161,-0.19605,0.56728,0.28051,-0.76060,0.02188,
1403638621,3.71847,0.74090,0.74299,0.11069,0.79482,-0.19679,0.56328,0.24815,-0.76144,-0.03717,
1403638621,3.74808,0.66061,0.73457,0.10917,0.79806,-0.19523,0.55952,0.23518,-0.78209,-0.07841,
1403638621,3.77308,0.58437,0.72435,0.11420,0.80009,-0.18933,0.55765,0.23069,-0.78030,-0.11409,
1403638621,3.80109,0.50513,0.70711,0.11899,0.79947,-0.18331,0.55954,0.22861,-0.77824,-0.13665,
1403638621,3.82488,0.42968,0.69436,0.11974,0.79843,-0.18032,0.56183,0.21917,-0.75223,-0.09663,
1403638621,3.85316,0.35622,0.68605,0.11978,0.79691,-0.17798,0.56472,0.22959,-0.73761,-0.02454,
1403638621,3.87645,0.28347,0.68801,0.12134,0.79745,-0.17510,0.56453,0.23140,-0.72051,0.03705,
1403638621,3.90114,0.21791,0.68618,0.12175,0.79628,-0.17305,0.56672,0.20215,-0.68521,-0.02553,
1403638622,3.92064,0.15146,0.68129,0.12272,0.79434,-0.17061,0.56996,0.19150,-0.64852,-0.08307,
1403638622,3.93865,0.08854,0.67137,0.12269,0.79273,-0.16916,0.57264,0.16911,-0.61562,-0.13291,
1403638622,3.95602,0.03344,0.65534,0.12335,0.79188,-0.16806,0.57400,0.13964,-0.57523,-0.17406,
1403638622,3.96861,-0.02420,0.63761,0.12483,0.78964,-0.16639,0.57724,0.09874,-0.54798,-0.20049,
1403638622,3.97712,-0.07809,0.61718,0.12632,0.78627,-0.16467,0.58199,0.06096,-0.50421,-0.22774,
1403638622,3.98535,-0.12249,0.59440,0.12597,0.78480,-0.16476,0.58402,0.02099,-0.45613,-0.25668,
1403638622,3.98551,-0.16712,0.56670,0.12327,0.78537,-0.16694,0.58320,-0.01985,-0.40976,-0.29631,
1403638622,3.98491,-0.20802,0.54144,0.12095,0.78582,-0.16864,0.58260,-0.06693,-0.38142,-0.25558,
1403638622,3.97594,-0.24599,0.52040,0.11862,0.78576,-0.17065,0.58257,-0.12064,-0.35707,-0.18678,
1403638622,3.96145,-0.28151,0.50850,0.12096,0.78668,-0.17003,0.58103,-0.19908,-0.32237,-0.09574,
1403638623,3.94405,-0.31414,0.50695,0.12383,0.78690,-0.16881,0.58049,-0.23179,-0.29668,-0.03145,
1403638623,3.92165,-0.34163,0.50817,0.12883,0.78544,-0.16622,0.58211,-0.26748,-0.25561,0.04871,
1403638623,3.89642,-0.36607,0.52363,0.13221,0.77770,-0.16434,0.59219,-0.31532,-0.20769,0.17939,
1403638623,3.86378,-0.38449,0.54305,0.13434,0.76815,-0.16355,0.60428,-0.35468,-0.15483,0.22506,
1403638623,3.82527,-0.39789,0.56632,0.13386,0.76833,-0.16480,0.60381,-0.44700,-0.08403,0.20181,
1403638623,3.77556,-0.40321,0.58351,0.13105,0.77443,-0.16806,0.59568,-0.53190,-0.02605,0.13893,
1403638623,3.71781,-0.40333,0.59270,0.12684,0.78003,-0.17184,0.58817,-0.59547,0.01864,0.08498,
1403638623,3.65171,-0.40020,0.59694,0.12274,0.78288,-0.17511,0.58427,-0.66507,0.04793,0.02726,
1403638623,3.58297,-0.39716,0.59693,0.12012,0.78622,-0.17712,0.57970,-0.70248,0.05350,-0.01046,
1403638623,3.51201,-0.39116,0.59390,0.12016,0.78899,-0.17731,0.57586,-0.73647,0.06842,-0.04228,
1403638624,3.43789,-0.38588,0.58708,0.11873,0.78944,-0.17813,0.57529,-0.76061,0.08539,-0.03038,
1403638624,3.36093,-0.37792,0.58840,0.12158,0.78891,-0.17687,0.57582,-0.79503,0.09499,0.04505,
1403638624,3.28055,-0.37017,0.59331,0.12327,0.78957,-0.17649,0.57466,-0.83670,0.10433,0.10295,
1403638624,3.19686,-0.35905,0.60678,0.12495,0.79047,-0.17626,0.57313,-0.87414,0.12989,0.14661,
1403638624,3.11088,-0.34677,0.62335,0.12646,0.79215,-0.17694,0.57026,-0.88994,0.14680,0.12829,
1403638624,3.02697,-0.33383,0.63263,0.12672,0.79272,-0.17816,0.56903,-0.89272,0.16342,0.06767,
1403638624,2.93899,-0.31822,0.64106,0.12457,0.79307,-0.18111,0.56808,-0.90222,0.17563,0.01788,
1403638624,2.85672,-0.30286,0.64325,0.12216,0.79292,-0.18397,0.56790,-0.90032,0.17208,-0.02198,
1403638624,2.76606,-0.28714,0.64306,0.12115,0.79212,-0.18592,0.56860,-0.90015,0.16842,-0.04967,
1403638624,2.67803,-0.27186,0.63750,0.12109,0.79186,-0.18724,0.56853,-0.91068,0.16782,-0.09695,
1403638625,2.59785,-0.25808,0.62725,0.12016,0.78870,-0.18953,0.57236,-0.90532,0.16384,-0.11475,
1403638625,2.50438,-0.24367,0.61569,0.11804,0.77899,-0.19175,0.58521,-0.93532,0.16316,-0.13621,
1403638625,2.40967,-0.22989,0.60308,0.12234,0.78165,-0.18505,0.58293,-0.98713,0.16934,-0.10818,
1403638625,2.32144,-0.21703,0.59569,0.12530,0.78891,-0.17578,0.57534,-0.99977,0.18268,-0.02474,
1403638625,2.21772,-0.19849,0.59583,0.12255,0.79346,-0.17053,0.57125,-1.02607,0.21070,0.03798,
1403638625,2.12170,-0.17806,0.60343,0.11543,0.79506,-0.16913,0.57092,-1.02081,0.21654,0.03568,
1403638625,2.02511,-0.15742,0.60887,0.10735,0.79613,-0.16987,0.57079,-1.01370,0.20646,-0.00153,
1403638625,1.92388,-0.14019,0.60757,0.10322,0.79725,-0.16905,0.57022,-1.01453,0.19619,-0.03111,
1403638625,1.82778,-0.12455,0.60623,0.10199,0.79763,-0.16769,0.57031,-1.00728,0.17595,-0.04177,
1403638625,1.72568,-0.10953,0.60467,0.10154,0.79752,-0.16650,0.57090,-1.00414,0.15789,0.02368,
1403638626,1.62918,-0.09459,0.61095,0.10158,0.79736,-0.16615,0.57122,-0.99903,0.14524,0.08053,
1403638626,1.52717,-0.08108,0.62205,0.10211,0.79881,-0.16601,0.56914,-0.99523,0.12845,0.13629,
1403638626,1.42580,-0.07026,0.63696,0.10089,0.80170,-0.16681,0.56504,-0.99918,0.11945,0.15960,
1403638626,1.32705,-0.05785,0.65203,0.10008,0.80603,-0.16802,0.55863,-0.98267,0.10405,0.11603,
1403638626,1.22870,-0.05008,0.66121,0.10121,0.80705,-0.16784,0.55700,-0.95773,0.07991,0.08248,
1403638626,1.13332,-0.04293,0.66622,0.10110,0.80778,-0.16893,0.55564,-0.94471,0.06775,0.02030,
1403638626,1.03949,-0.03874,0.66528,0.09939,0.80814,-0.17081,0.55484,-0.91078,0.04142,-0.01439,
1403638626,0.94924,-0.03550,0.65987,0.10102,0.80802,-0.17011,0.55494,-0.89483,0.01963,-0.06439,
1403638626,0.86076,-0.03528,0.65132,0.10740,0.80622,-0.16619,0.55755,-0.87181,0.00364,-0.09347,
1403638626,0.77491,-0.03532,0.64027,0.11308,0.80422,-0.16196,0.56054,-0.84980,0.01896,-0.12654,
1403638627,0.69158,-0.03198,0.62393,0.11458,0.80555,-0.16065,0.55871,-0.83034,0.02654,-0.14376,
1403638627,0.60941,-0.03004,0.60937,0.11322,0.80763,-0.16147,0.55573,-0.80314,0.04280,-0.14661,
1403638627,0.52996,-0.02708,0.59574,0.11138,0.81045,-0.16226,0.55176,-0.77279,0.05187,-0.10869,
1403638627,0.45608,-0.02449,0.58897,0.10949,0.81365,-0.16321,0.54713,-0.69779,0.03522,-0.01092,
1403638627,0.38786,-0.02378,0.58980,0.10929,0.81596,-0.16277,0.54385,-0.63365,0.02575,0.06415,
1403638627,0.32410,-0.02191,0.59256,0.10858,0.81606,-0.16245,0.54393,-0.59051,0.02506,0.04474,
1403638627,0.26653,-0.02146,0.59219,0.10782,0.81589,-0.16223,0.54441,-0.54559,0.01342,0.00198,
1403638627,0.21194,-0.02173,0.58821,0.10721,0.81583,-0.16199,0.54468,-0.50491,0.00266,-0.03524,
1403638627,0.15595,-0.01966,0.57616,0.10980,0.81582,-0.15967,0.54488,-0.46733,0.00554,-0.07557,
1403638627,0.11288,-0.02180,0.56749,0.11090,0.81576,-0.15855,0.54507,-0.41160,-0.00543,-0.10302,
1403638628,0.07208,-0.02377,0.55426,0.11056,0.81540,-0.15877,0.54562,-0.37417,-0.00504,-0.12038,
1403638628,0.03526,-0.02517,0.53950,0.11381,0.81340,-0.15712,0.54840,-0.33513,-0.00051,-0.12966,
1403638628,0.00233,-0.02610,0.52486,0.11480,0.81039,-0.15672,0.55275,-0.30410,0.00605,-0.14203,
1403638628,-0.03244,-0.02611,0.50899,0.11593,0.80910,-0.15613,0.55456,-0.28218,0.01724,-0.14899,
1403638628,-0.05915,-0.02419,0.49518,0.11663,0.81030,-0.15613,0.55266,-0.25795,0.03504,-0.15438,
1403638628,-0.08464,-0.02284,0.47917,0.11772,0.81184,-0.15599,0.55021,-0.23598,0.04644,-0.13645,
1403638628,-0.10669,-0.01797,0.46704,0.11829,0.81281,-0.15651,0.54850,-0.20367,0.06203,-0.11887,
1403638628,-0.12592,-0.01282,0.45519,0.11867,0.81291,-0.15722,0.54807,-0.16743,0.07635,-0.10001,
1403638628,-0.13939,-0.00653,0.44569,0.11830,0.81351,-0.15834,0.54692,-0.12089,0.08688,-0.07110,
1403638628,-0.14994,0.00332,0.44022,0.11588,0.81302,-0.16039,0.54759,-0.08214,0.10221,-0.05665,
1403638629,-0.15619,0.01316,0.43739,0.10777,0.80702,-0.16658,0.55619,-0.05337,0.10645,-0.01179,
1403638629,-0.16152,0.02208,0.43680,0.10171,0.80011,-0.17109,0.56587,-0.06198,0.09050,-0.00160,
1403638629,-0.16627,0.02806,0.43283,0.09928,0.79947,-0.17277,0.56669,-0.07764,0.06263,-0.03491,
1403638629,-0.17462,0.03244,0.42503,0.10283,0.80083,-0.17068,0.56477,-0.09121,0.03661,-0.09443,
1403638629,-0.18472,0.03565,0.41433,0.10725,0.80093,-0.16823,0.56454,-0.09326,0.02117,-0.12299,
1403638629,-0.19442,0.03805,0.40434,0.11215,0.80203,-0.16477,0.56304,-0.09147,0.02083,-0.09798,
1403638629,-0.20278,0.04023,0.39613,0.11559,0.80337,-0.16193,0.56126,-0.08443,0.02903,-0.05944,
1403638629,-0.21243,0.04467,0.39132,0.11725,0.80443,-0.16046,0.55983,-0.08370,0.04932,-0.03378,
1403638629,-0.22282,0.04999,0.38939,0.11842,0.80530,-0.15968,0.55855,-0.08154,0.06662,-0.01597,
1403638629,-0.22941,0.05715,0.38810,0.11782,0.80937,-0.16069,0.55247,-0.06178,0.07785,-0.01074,
1403638630,-0.23353,0.06471,0.38899,0.11476,0.81405,-0.16320,0.54546,-0.01747,0.08925,-0.00046,
1403638630,-0.23285,0.07225,0.39070,0.10753,0.81425,-0.16853,0.54501,0.02121,0.08065,0.01113,
1403638630,-0.22765,0.07830,0.39337,0.09751,0.81002,-0.17617,0.55075,0.05165,0.04570,0.03752,
1403638630,-0.21988,0.07929,0.39659,0.09370,0.80389,-0.17926,0.55932,0.06643,0.00695,0.00129,
1403638630,-0.21326,0.07837,0.39259,0.09909,0.79773,-0.17646,0.56804,0.04909,-0.03433,-0.08466,
1403638630,-0.20879,0.07431,0.37993,0.11016,0.79205,-0.16911,0.57613,0.01639,-0.04127,-0.18688,
1403638630,-0.20814,0.07152,0.35638,0.11675,0.79252,-0.16447,0.57552,-0.00327,-0.01523,-0.28193,
1403638630,-0.21075,0.07040,0.32560,0.11913,0.79666,-0.16235,0.56989,-0.04237,0.00577,-0.34707,
1403638630,-0.21511,0.07110,0.28913,0.12129,0.80325,-0.16194,0.56023,-0.04530,0.02632,-0.39766,
1403638630,-0.20733,0.07479,0.28827,0.10645,0.80924,-0.16840,0.55266,0.10922,0.01166,0.17450,
1403638631,-0.19776,0.07567,0.29754,0.11582,0.79977,-0.16074,0.56667,0.08387,0.02504,-0.02290,
1403638631,-0.18977,0.07753,0.28645,0.11662,0.79893,-0.16090,0.56764,0.06929,0.02688,-0.25068,
1403638631,-0.18698,0.07661,0.26874,0.10641,0.82527,-0.15458,0.53265,0.00286,0.00329,-0.00110,
1403638631,-0.19585,0.07067,0.26489,0.11061,0.82274,-0.15632,0.53519,-0.09147,0.02045,0.01172,
1403638631,-0.20112,0.07844,0.25972,0.10987,0.82356,-0.15475,0.53454,-0.09195,0.04685,-0.05174,
1403638631,-0.19717,0.06306,0.29844,0.10859,0.82457,-0.15472,0.53325,-0.05996,-0.00031,0.02677,
1403638631,-0.21256,0.06487,0.27045,0.10828,0.82395,-0.15496,0.53420,-0.07051,0.00580,-0.01134,
1403638631,-0.20726,0.07473,0.28500,0.10873,0.82427,-0.15526,0.53352,-0.05974,0.02325,0.01796,
1403638631,-0.21914,0.07677,0.28311,0.10878,0.82399,-0.15525,0.53395,-0.07191,0.02254,0.01773,
1403638631,-0.23590,0.07976,0.25450,0.10897,0.82350,-0.15514,0.53470,-0.09062,0.02929,-0.01764,
1403638632,-0.24181,0.08037,0.25287,0.10899,0.82359,-0.15523,0.53454,-0.09492,0.03019,-0.01822,
1403638632,-0.24686,0.08017,0.25297,0.10926,0.82367,-0.15506,0.53441,-0.08450,0.02703,-0.01169,
