1403638519,-0.00031,-0.00008,-0.00003,-0.00370,0.83299,0.00254,0.55327,-0.00030,0.00048,-0.00012,
1403638519,-0.00052,-0.00006,0.00001,-0.00353,0.83302,0.00240,0.55323,-0.00014,0.00116,-0.00033,
1403638519,-0.00090,0.00019,-0.00042,-0.00337,0.83304,0.00227,0.55320,-0.00050,0.00253,-0.00241,
1403638519,-0.00138,0.00059,-0.00195,-0.00326,0.83305,0.00223,0.55319,0.00038,0.00242,-0.00420,
1403638520,-0.00098,0.00011,-0.00260,-0.00391,0.83291,0.00269,0.55339,-0.00215,-0.00109,0.00052,
1403638520,-0.00096,0.00004,-0.00197,-0.00390,0.83289,0.00274,0.55341,-0.00232,-0.00142,0.00038,
1403638520,-0.00055,0.00016,-0.00093,-0.00387,0.83295,0.00277,0.55332,-0.00153,0.00059,-0.00071,
1403638520,-0.00041,0.00013,-0.00064,-0.00391,0.83298,0.00277,0.55329,-0.00115,0.00131,-0.00088,
1403638520,-0.00035,0.00013,-0.00054,-0.00400,0.83299,0.00280,0.55327,-0.00006,0.00127,-0.00070,
1403638520,-0.00042,0.00019,-0.00073,-0.00408,0.83300,0.00284,0.55325,-0.00077,0.00115,-0.00114,
1403638520,-0.00033,0.00017,-0.00050,-0.00408,0.83298,0.00285,0.55328,-0.00056,0.00118,-0.00062,
1403638520,-0.00032,0.00011,-0.00051,-0.00411,0.83301,0.00289,0.55323,-0.00063,0.00122,-0.00016,
1403638520,-0.00039,0.00019,-0.00048,-0.00409,0.83298,0.00294,0.55328,-0.00085,0.00080,0.00006,
1403638520,-0.00031,0.00014,-0.00035,-0.00408,0.83297,0.00292,0.55330,-0.00029,0.00137,0.00030,
1403638521,-0.00024,0.00010,-0.00041,-0.00415,0.83300,0.00289,0.55326,-0.00028,0.00136,-0.00055,
1403638521,-0.00025,0.00010,-0.00041,-0.00420,0.83300,0.00292,0.55325,0.00005,0.00095,-0.00026,
1403638521,-0.00035,0.00018,-0.00063,-0.00423,0.83303,0.00293,0.55321,-0.00023,0.00103,-0.00082,
1403638521,-0.00039,0.00029,-0.00070,-0.00425,0.83302,0.00290,0.55321,-0.00081,0.00120,-0.00084,
1403638521,-0.00050,0.00035,-0.00085,-0.00421,0.83296,0.00304,0.55330,-0.00152,0.00033,-0.00132,
1403638521,-0.00025,0.00005,-0.00038,-0.00418,0.83294,0.00307,0.55334,-0.00056,0.00052,-0.00094,
1403638521,-0.00018,0.00001,-0.00026,-0.00421,0.83297,0.00295,0.55330,0.00083,0.00130,0.00158,
1403638521,-0.00017,-0.00006,-0.00027,-0.00410,0.83298,0.00308,0.55328,-0.00097,0.00060,-0.00149,
1403638521,-0.00009,-0.00012,-0.00018,-0.00401,0.83298,0.00340,0.55327,-0.00006,0.00129,-0.00108,
1403638521,-0.00015,0.00007,-0.00029,-0.00428,0.83298,0.00312,0.55327,0.00010,0.00157,-0.00000,
1403638522,-0.00002,0.00011,-0.00027,-0.00448,0.83304,0.00239,0.55318,-0.00032,0.00052,-0.00169,
1403638522,0.00007,-0.00002,-0.00027,-0.00427,0.83299,0.00266,0.55326,0.00049,-0.00473,0.00072,
1403638522,-0.00010,0.00013,-0.00030,-0.00470,0.83299,0.00244,0.55327,-0.00153,0.00285,0.00056,
1403638522,-0.00003,-0.00000,-0.00013,-0.00447,0.83302,0.00295,0.55322,-0.00022,-0.00288,0.00063,
1403638522,0.00020,0.00046,0.00012,-0.00530,0.83304,0.00279,0.55318,0.00610,0.00309,0.00364,
1403638522,0.00135,0.00126,0.00038,-0.00682,0.83331,0.00575,0.55274,0.00958,0.00485,0.01022,
1403638522,0.00164,0.00234,0.00513,-0.00657,0.83601,0.00761,0.54862,0.00443,0.02550,0.09814,
1403638522,0.00239,0.00448,0.02122,-0.01163,0.83389,0.00820,0.55175,0.01651,0.01781,0.22175,
1403638522,0.00531,0.00623,0.05260,-0.01920,0.82812,0.01082,0.56011,0.03257,0.00311,0.36079,
1403638522,0.00822,0.00635,0.09310,-0.03009,0.82577,0.01530,0.56300,0.03277,0.00377,0.43531,
1403638523,0.01057,0.00617,0.13913,-0.04489,0.82689,0.01823,0.56027,0.02909,0.00154,0.46119,
1403638523,0.01347,0.00504,0.18712,-0.06227,0.82584,0.02307,0.55998,0.05561,-0.00685,0.47747,
1403638523,0.02013,0.00463,0.23672,-0.07154,0.82022,0.03563,0.56643,0.06571,0.01605,0.50212,
1403638523,0.02676,0.00746,0.28737,-0.07305,0.81425,0.03467,0.57485,0.05715,0.01143,0.51835,
1403638523,0.02819,0.00871,0.33811,-0.07958,0.80725,0.02569,0.58425,0.02472,-0.02895,0.49840,
1403638523,0.03047,0.00996,0.37875,-0.06417,0.80357,0.01034,0.59165,0.01789,-0.04147,0.36036,
1403638523,0.03082,0.00867,0.40467,-0.05562,0.80183,0.00581,0.59493,-0.00400,-0.04197,0.16611,
1403638523,0.02935,0.00171,0.41000,-0.05216,0.80048,0.00600,0.59705,-0.01735,-0.08444,-0.07782,
1403638523,0.03116,-0.00443,0.38664,-0.03693,0.79884,0.00177,0.60040,0.01239,-0.05469,-0.32551,
1403638523,0.03183,-0.01153,0.34774,-0.03558,0.79975,0.00353,0.59927,0.00781,-0.07572,-0.45006,
1403638524,0.02922,-0.01886,0.30053,-0.03270,0.80600,0.00891,0.59094,-0.02623,-0.07494,-0.50656,
1403638524,0.02428,-0.02632,0.25140,-0.02921,0.81575,0.01492,0.57748,-0.04078,-0.07399,-0.51035,
1403638524,0.01903,-0.03351,0.20304,-0.02709,0.82254,0.01940,0.56774,-0.04194,-0.06278,-0.47838,
1403638524,0.01255,-0.04030,0.15704,-0.02855,0.82514,0.02453,0.56367,-0.06281,-0.05064,-0.43697,
1403638524,0.00537,-0.04589,0.11666,-0.02189,0.82492,0.02921,0.56407,-0.06818,-0.03934,-0.34315,
1403638524,-0.00110,-0.04871,0.09116,-0.01270,0.82661,0.03658,0.56144,-0.04551,-0.00656,-0.14926,
1403638524,-0.00500,-0.04883,0.09145,-0.00993,0.83099,0.04487,0.55438,-0.02461,0.00564,0.13202,
1403638524,-0.00567,-0.04773,0.12152,-0.01428,0.83422,0.04720,0.54923,0.00840,0.00479,0.40698,
1403638524,-0.00392,-0.04728,0.17119,-0.02329,0.83326,0.04732,0.55036,0.03320,0.00932,0.54704,
1403638524,0.00038,-0.04640,0.22981,-0.03207,0.82874,0.04514,0.55689,0.05177,0.01051,0.60526,
1403638525,0.00579,-0.04562,0.29101,-0.03889,0.82110,0.04543,0.56764,0.06901,0.01859,0.60275,
1403638525,0.01295,-0.04350,0.34967,-0.03873,0.81362,0.04153,0.57862,0.07935,0.03015,0.54868,
1403638525,0.01958,-0.03996,0.39825,-0.03041,0.80889,0.03695,0.58600,0.05926,0.04798,0.41163,
1403638525,0.02639,-0.03675,0.43213,-0.01588,0.80717,0.03062,0.58931,0.05429,0.04388,0.26696,
1403638525,0.03066,-0.03253,0.45155,-0.01938,0.80619,0.03031,0.59056,0.02640,0.02938,0.10072,
1403638525,0.03216,-0.02943,0.45147,-0.02267,0.80390,0.03316,0.59340,0.00718,0.01201,-0.11831,
1403638525,0.03471,-0.02802,0.42842,-0.01702,0.80153,0.03630,0.59661,0.01843,0.01545,-0.33920,
1403638525,0.03727,-0.02850,0.38829,-0.01545,0.80226,0.04126,0.59534,0.00478,-0.00002,-0.46900,
1403638525,0.03664,-0.03130,0.33746,-0.01750,0.80856,0.04671,0.58630,-0.01110,0.00276,-0.53856,
1403638525,0.03416,-0.03183,0.28454,-0.02224,0.81988,0.04970,0.56995,-0.03795,0.01047,-0.53043,
1403638526,0.02969,-0.03082,0.23430,-0.03099,0.83138,0.04999,0.55258,-0.04243,-0.00304,-0.47966,
1403638526,0.02778,-0.03306,0.19002,-0.03439,0.83749,0.04795,0.54325,-0.02578,-0.01590,-0.39815,
1403638526,0.02539,-0.03435,0.15490,-0.03282,0.83783,0.04373,0.54319,-0.01351,-0.00836,-0.31003,
1403638526,0.02391,-0.03486,0.12859,-0.02911,0.83482,0.03854,0.54841,-0.00942,-0.00341,-0.21879,
1403638526,0.02120,-0.03897,0.11198,-0.02080,0.83203,0.03644,0.55315,-0.03927,-0.08224,-0.11668,
1403638526,0.01734,-0.05245,0.10596,-0.01384,0.83241,0.03567,0.55284,-0.03634,-0.19574,-0.01577,
1403638526,0.01341,-0.07691,0.11032,-0.01155,0.83514,0.02967,0.54912,-0.04229,-0.29419,0.07405,
1403638526,0.00798,-0.10990,0.12213,-0.00865,0.83615,0.01969,0.54808,-0.05616,-0.35835,0.14283,
1403638526,0.00115,-0.14834,0.13696,-0.00636,0.83319,0.01170,0.55283,-0.08151,-0.40665,0.15436,
1403638526,-0.00948,-0.19201,0.15162,-0.00324,0.82828,0.00158,0.56030,-0.10904,-0.45370,0.13511,
1403638527,-0.02130,-0.24038,0.16306,-0.00203,0.82274,-0.01024,0.56833,-0.12585,-0.51953,0.09789,
1403638527,-0.03354,-0.29644,0.17108,-0.00109,0.81671,-0.01901,0.57673,-0.14287,-0.59609,0.07647,
1403638527,-0.04814,-0.35913,0.17758,0.00353,0.81277,-0.02559,0.58202,-0.17131,-0.65010,0.06192,
1403638527,-0.06483,-0.42644,0.18211,0.01301,0.81061,-0.02856,0.58475,-0.18377,-0.65616,0.03700,
1403638527,-0.07965,-0.49131,0.18461,0.01488,0.81219,-0.03076,0.58239,-0.18219,-0.62516,0.03003,
1403638527,-0.09313,-0.55322,0.18633,0.01829,0.81667,-0.03895,0.57550,-0.16038,-0.58795,0.03301,
1403638527,-0.10072,-0.60996,0.18843,0.02237,0.82074,-0.05140,0.56855,-0.12755,-0.52590,0.05429,
1403638527,-0.09774,-0.65531,0.19049,0.02479,0.82190,-0.06200,0.56571,-0.06511,-0.40984,0.06766,
1403638527,-0.09394,-0.68651,0.19411,0.03620,0.81879,-0.07149,0.56847,-0.00639,-0.23133,0.06546,
1403638527,-0.09168,-0.69957,0.19848,0.04980,0.81448,-0.07760,0.57282,0.02886,-0.03154,0.04294,
1403638528,-0.08095,-0.68873,0.19804,0.05442,0.81373,-0.07905,0.57327,0.07664,0.18275,0.01747,
1403638528,-0.06790,-0.66026,0.19676,0.05305,0.81415,-0.07721,0.57304,0.10835,0.37065,-0.00405,
1403638528,-0.05367,-0.61608,0.19559,0.04915,0.81496,-0.07030,0.57314,0.14148,0.49323,-0.00507,
1403638528,-0.03473,-0.56295,0.19507,0.03783,0.81743,-0.06336,0.57128,0.14541,0.56787,0.02752,
1403638528,-0.01869,-0.50435,0.19794,0.02315,0.81958,-0.05845,0.56950,0.13417,0.60142,0.04913,
1403638528,-0.00148,-0.44475,0.20066,0.01592,0.81870,-0.05162,0.57167,0.13552,0.61009,0.03629,
1403638528,0.01634,-0.38797,0.20048,0.00443,0.81739,-0.04171,0.57456,0.13643,0.58137,-0.00196,
1403638528,0.03373,-0.33429,0.19688,-0.00638,0.81806,-0.03201,0.57420,0.20782,0.51066,-0.03727,
1403638528,0.05864,-0.28877,0.19222,-0.01741,0.81860,-0.02168,0.57369,0.28694,0.39562,-0.04732,
1403638528,0.09033,-0.25395,0.18628,-0.01948,0.81716,-0.01628,0.57586,0.33501,0.28425,-0.04266,
1403638529,0.12440,-0.22831,0.18263,-0.01665,0.81786,-0.01676,0.57494,0.34369,0.21079,-0.03087,
1403638529,0.15989,-0.20961,0.17953,-0.01660,0.82007,-0.02439,0.57151,0.34627,0.15649,-0.01364,
1403638529,0.19239,-0.19719,0.17997,-0.01425,0.82020,-0.03041,0.57110,0.28736,0.08623,0.02893,
1403638529,0.21478,-0.19028,0.18445,-0.01174,0.81905,-0.03699,0.57240,0.13849,0.05099,0.06474,
1403638529,0.21996,-0.18590,0.19334,-0.01766,0.81823,-0.04511,0.57285,-0.03870,0.04241,0.12503,
1403638529,0.20808,-0.18040,0.20797,-0.02291,0.81866,-0.04957,0.57168,-0.20815,0.06530,0.16069,
1403638529,0.18281,-0.17056,0.22059,-0.01170,0.81944,-0.04653,0.57116,-0.30738,0.12079,0.10415,
1403638529,0.14987,-0.15533,0.22437,0.00418,0.82065,-0.03947,0.57005,-0.36660,0.16480,-0.00037,
1403638529,0.11307,-0.13139,0.22171,0.01235,0.82414,-0.03488,0.56517,-0.38608,0.18267,-0.08911,
1403638529,0.07803,-0.11687,0.20022,0.01505,0.83137,-0.03149,0.55462,-0.33186,0.16387,-0.19832,
1403638530,0.04943,-0.09802,0.17743,0.01174,0.84263,-0.02967,0.53754,-0.26120,0.13581,-0.24224,
1403638530,0.02839,-0.08757,0.15287,0.01274,0.84989,-0.02604,0.52616,-0.17808,0.10915,-0.23912,
1403638530,0.01462,-0.07692,0.12814,0.01271,0.84981,-0.02410,0.52638,-0.10805,0.10079,-0.22740,
1403638530,0.00760,-0.06717,0.10563,0.01147,0.84364,-0.02515,0.53619,-0.05850,0.08456,-0.20043,
1403638530,0.00634,-0.06122,0.08730,0.01118,0.83858,-0.02549,0.54407,0.00562,0.04899,-0.14883,
1403638530,0.01325,-0.05841,0.07507,0.01094,0.83841,-0.02515,0.54435,0.08903,0.02193,-0.11404,
1403638530,0.02475,-0.05762,0.06505,0.01055,0.84067,-0.02665,0.54078,0.13132,0.00207,-0.09648,
1403638530,0.03934,-0.05819,0.05548,0.01288,0.84125,-0.03249,0.53952,0.15274,-0.00844,-0.09831,
1403638530,0.05361,-0.06028,0.04560,0.01460,0.84049,-0.03887,0.54024,0.12824,-0.02919,-0.09603,
1403638530,0.06648,-0.06342,0.03671,0.01752,0.84002,-0.04260,0.54060,0.12090,-0.03422,-0.07431,
1403638531,0.07622,-0.06681,0.03052,0.01476,0.83996,-0.04622,0.54047,0.08006,-0.04206,-0.05787,
1403638531,0.08253,-0.07080,0.02488,0.01734,0.84101,-0.04916,0.53850,0.04759,-0.03027,-0.05628,
1403638531,0.08667,-0.07333,0.01882,0.01796,0.84473,-0.05137,0.53242,0.03763,-0.02318,-0.06123,
1403638531,0.08969,-0.07489,0.01290,0.01688,0.84692,-0.05126,0.52898,0.02781,-0.00900,-0.05050,
1403638531,0.09163,-0.07516,0.00895,0.01284,0.84622,-0.04964,0.53036,0.01384,0.00100,-0.03149,
1403638531,0.09239,-0.07496,0.00621,0.01077,0.84355,-0.04909,0.53469,0.00488,0.00305,-0.03420,
1403638531,0.09199,-0.07390,0.00585,0.01327,0.83989,-0.04795,0.54046,0.00239,0.02304,0.00810,
1403638531,0.09244,-0.07249,0.00529,0.01502,0.83961,-0.04494,0.54112,0.00424,0.01097,-0.03267,
1403638531,0.09240,-0.07086,0.00451,0.01443,0.83611,-0.04435,0.54658,-0.00262,0.01389,0.00508,
1403638531,0.09231,-0.07089,0.00443,0.01480,0.83697,-0.04355,0.54531,-0.00450,-0.00511,-0.00188,
1403638532,0.09197,-0.07095,0.00445,0.01418,0.83617,-0.04403,0.54651,0.00256,-0.00232,-0.00086,
1403638532,0.09189,-0.07104,0.00437,0.01480,0.83627,-0.04305,0.54642,-0.00055,0.00501,-0.00063,
1403638532,0.09187,-0.07099,0.00433,0.01469,0.83641,-0.04345,0.54618,-0.00014,-0.00420,-0.00256,
1403638532,0.09187,-0.07094,0.00435,0.01452,0.83639,-0.04347,0.54622,-0.00013,-0.00390,-0.00001,
1403638532,0.09186,-0.07090,0.00433,0.01441,0.83637,-0.04365,0.54624,0.00265,-0.00531,0.00161,
1403638532,0.09186,-0.07086,0.00431,0.01429,0.83634,-0.04378,0.54627,-0.00053,-0.00295,-0.00133,
1403638532,0.09190,-0.07087,0.00432,0.01433,0.83632,-0.04388,0.54630,0.00002,-0.00007,-0.00086,
1403638532,0.09186,-0.07087,0.00430,0.01437,0.83636,-0.04367,0.54625,0.00124,0.00240,-0.00044,
1403638532,0.09188,-0.07093,0.00431,0.01456,0.83631,-0.04370,0.54631,-0.00100,0.00270,-0.00152,
1403638532,0.09189,-0.07094,0.00432,0.01454,0.83631,-0.04359,0.54633,0.00101,0.00235,-0.00050,
1403638533,0.09188,-0.07096,0.00432,0.01460,0.83631,-0.04367,0.54632,-0.00057,0.00153,-0.00134,
1403638533,0.09188,-0.07096,0.00431,0.01461,0.83631,-0.04371,0.54631,0.00183,-0.00027,0.00007,
1403638533,0.09188,-0.07094,0.00430,0.01456,0.83630,-0.04374,0.54634,-0.00037,-0.00016,-0.00045,
1403638533,0.09190,-0.07094,0.00432,0.01454,0.83628,-0.04379,0.54635,-0.00012,0.00021,-0.00021,
1403638533,0.09187,-0.07093,0.00431,0.01455,0.83629,-0.04376,0.54635,0.00091,-0.00075,0.00047,
1403638533,0.09188,-0.07096,0.00431,0.01461,0.83628,-0.04380,0.54636,-0.00092,0.00012,-0.00076,
1403638533,0.09188,-0.07096,0.00431,0.01461,0.83628,-0.04381,0.54636,0.00118,-0.00038,-0.00013,
1403638533,0.09187,-0.07097,0.00431,0.01465,0.83627,-0.04383,0.54637,-0.00008,-0.00016,0.00016,
1403638533,0.09189,-0.07097,0.00432,0.01472,0.83625,-0.04385,0.54640,-0.00052,0.00037,-0.00073,
1403638533,0.09187,-0.07097,0.00430,0.01465,0.83624,-0.04387,0.54642,0.00136,0.00042,0.00030,
1403638534,0.09188,-0.07098,0.00431,0.01470,0.83622,-0.04390,0.54643,-0.00072,0.00153,-0.00089,
1403638534,0.09189,-0.07099,0.00431,0.01473,0.83622,-0.04386,0.54643,0.00046,0.00116,0.00007,
1403638534,0.09187,-0.07098,0.00431,0.01474,0.83625,-0.04385,0.54640,0.00008,0.00032,-0.00065,
1403638534,0.09188,-0.07100,0.00432,0.01474,0.83621,-0.04391,0.54645,-0.00040,-0.00086,-0.00052,
1403638534,0.09188,-0.07103,0.00429,0.01463,0.83625,-0.04377,0.54641,-0.00168,-0.00696,-0.00088,
1403638534,0.09187,-0.07101,0.00425,0.01468,0.83621,-0.04390,0.54645,-0.00145,-0.00255,-0.00277,
1403638534,0.09201,-0.07106,0.00412,0.01481,0.83624,-0.04410,0.54638,0.00027,0.00260,-0.00089,
1403638534,0.09186,-0.07099,0.00427,0.01450,0.83622,-0.04396,0.54643,-0.00145,0.00263,0.00139,
1403638534,0.09182,-0.07093,0.00434,0.01427,0.83625,-0.04384,0.54640,-0.00328,-0.00547,-0.00605,
1403638534,0.09183,-0.07092,0.00433,0.01409,0.83635,-0.04385,0.54626,0.00158,-0.00492,-0.00001,
1403638535,0.09183,-0.07093,0.00434,0.01433,0.83632,-0.04408,0.54629,-0.00304,-0.00013,0.00027,
1403638535,0.09183,-0.07090,0.00440,0.01414,0.83634,-0.04369,0.54628,0.00145,-0.00442,0.00009,
1403638535,0.09186,-0.07087,0.00440,0.01398,0.83633,-0.04343,0.54632,-0.00248,-0.00570,-0.00087,
1403638535,0.09186,-0.07086,0.00440,0.01408,0.83632,-0.04351,0.54634,-0.00058,-0.00452,-0.00125,
1403638535,0.09180,-0.07093,0.00440,0.01430,0.83635,-0.04369,0.54627,-0.00258,-0.00574,-0.00116,
1403638535,0.09180,-0.07095,0.00442,0.01421,0.83635,-0.04361,0.54628,-0.00243,-0.00071,-0.00079,
1403638535,0.09179,-0.07093,0.00443,0.01413,0.83637,-0.04352,0.54625,-0.00016,0.00016,-0.00235,
1403638535,0.09180,-0.07093,0.00441,0.01407,0.83635,-0.04351,0.54629,-0.00162,0.00066,-0.00049,
1403638535,0.09179,-0.07093,0.00442,0.01408,0.83636,-0.04353,0.54627,-0.00040,-0.00055,0.00135,
1403638535,0.09179,-0.07091,0.00443,0.01411,0.83637,-0.04348,0.54626,-0.00074,-0.00104,0.00135,
1403638536,0.09180,-0.07091,0.00444,0.01408,0.83635,-0.04353,0.54628,-0.00053,0.00122,-0.00062,
1403638536,0.09180,-0.07090,0.00443,0.01404,0.83638,-0.04346,0.54625,-0.00015,0.00034,-0.00010,
1403638536,0.09179,-0.07090,0.00443,0.01401,0.83637,-0.04348,0.54626,-0.00155,-0.00092,-0.00078,
1403638536,0.09179,-0.07090,0.00443,0.01394,0.83636,-0.04343,0.54628,-0.00061,0.00199,0.00011,
1403638536,0.09178,-0.07087,0.00442,0.01391,0.83637,-0.04344,0.54627,-0.00147,-0.00153,-0.00062,
1403638536,0.09179,-0.07087,0.00442,0.01384,0.83638,-0.04341,0.54625,-0.00187,-0.00069,-0.00074,
1403638536,0.09178,-0.07086,0.00443,0.01380,0.83638,-0.04339,0.54625,-0.00043,-0.00072,0.00190,
1403638536,0.09180,-0.07087,0.00444,0.01377,0.83636,-0.04339,0.54628,0.00006,-0.00102,0.00069,
1403638536,0.09181,-0.07087,0.00442,0.01381,0.83631,-0.04339,0.54637,-0.00118,-0.00111,-0.00013,
1403638536,0.09180,-0.07087,0.00442,0.01389,0.83632,-0.04345,0.54635,-0.00148,0.00001,0.00088,
1403638537,0.09180,-0.07089,0.00444,0.01388,0.83633,-0.04343,0.54633,-0.00173,-0.00088,0.00074,
1403638537,0.09178,-0.07087,0.00443,0.01388,0.83630,-0.04351,0.54637,-0.00088,-0.00160,-0.00069,
1403638537,0.09180,-0.07087,0.00443,0.01395,0.83631,-0.04343,0.54636,-0.00177,0.00100,-0.00093,
1403638537,0.09180,-0.07089,0.00442,0.01395,0.83630,-0.04346,0.54637,0.00088,0.00038,0.00018,
1403638537,0.09179,-0.07091,0.00443,0.01399,0.83629,-0.04348,0.54639,-0.00218,-0.00423,0.00010,
1403638537,0.09183,-0.07090,0.00441,0.01392,0.83632,-0.04341,0.54634,-0.00182,-0.00279,-0.00086,
1403638537,0.09185,-0.07087,0.00440,0.01400,0.83632,-0.04336,0.54635,-0.00020,-0.00472,-0.00078,
1403638537,0.09179,-0.07088,0.00445,0.01399,0.83635,-0.04347,0.54629,-0.00055,-0.00418,0.00098,
1403638537,0.09184,-0.07087,0.00441,0.01396,0.83633,-0.04347,0.54633,0.00022,-0.00148,-0.00078,
1403638537,0.09184,-0.07088,0.00441,0.01396,0.83632,-0.04348,0.54634,-0.00038,-0.00174,-0.00134,
1403638538,0.09180,-0.07085,0.00446,0.01395,0.83634,-0.04341,0.54631,-0.00413,-0.00287,0.00031,
1403638538,0.09180,-0.07084,0.00448,0.01394,0.83635,-0.04329,0.54631,-0.00213,0.00129,-0.00095,
1403638538,0.09198,-0.07085,0.00433,0.01407,0.83638,-0.04344,0.54625,-0.00169,0.00291,0.00180,
1403638538,0.09183,-0.07085,0.00449,0.01407,0.83634,-0.04342,0.54630,0.00500,-0.00066,-0.00170,
1403638538,0.09188,-0.07086,0.00446,0.01411,0.83633,-0.04344,0.54632,-0.00574,-0.00025,0.00230,
1403638538,0.09188,-0.07087,0.00449,0.01408,0.83635,-0.04344,0.54629,0.00041,-0.00179,0.00293,
1403638538,0.09185,-0.07087,0.00452,0.01419,0.83628,-0.04344,0.54639,0.00007,-0.00158,0.00115,
1403638538,0.09188,-0.07086,0.00451,0.01424,0.83636,-0.04354,0.54627,0.00384,-0.00259,-0.00144,
1403638538,0.09186,-0.07086,0.00450,0.01417,0.83638,-0.04344,0.54625,-0.00047,-0.00056,0.00132,
1403638538,0.09192,-0.07085,0.00457,0.01424,0.83625,-0.04354,0.54643,-0.00187,0.00012,0.00564,
1403638539,0.09188,-0.07090,0.00465,0.01417,0.83623,-0.04361,0.54647,-0.00635,0.00007,-0.00221,
1403638539,0.09183,-0.07094,0.00473,0.01431,0.83605,-0.04373,0.54672,-0.00512,-0.00040,-0.00101,
1403638539,0.09181,-0.07100,0.00485,0.01437,0.83579,-0.04370,0.54712,-0.00372,-0.00123,0.00709,
1403638539,0.09257,-0.07080,0.00502,0.01386,0.83528,-0.04323,0.54795,0.01236,0.00549,0.00730,
1403638539,0.09476,-0.07039,0.00668,0.01390,0.83234,-0.04256,0.55246,0.02558,0.00108,0.04076,
1403638539,0.09970,-0.07030,0.00915,0.01490,0.82766,-0.04330,0.55936,0.04542,-0.00045,0.02811,
1403638539,0.10642,-0.07027,0.01413,0.01402,0.82093,-0.04462,0.56912,0.07573,0.00105,0.07608,
1403638539,0.11500,-0.07029,0.02502,0.01398,0.81597,-0.04423,0.57624,0.08930,0.00059,0.15840,
1403638539,0.12405,-0.07061,0.04408,0.01406,0.81481,-0.04428,0.57786,0.08185,-0.00444,0.23985,
1403638539,0.13268,-0.07123,0.07061,0.01466,0.81622,-0.04351,0.57592,0.08625,-0.00745,0.29668,
1403638540,0.14173,-0.07203,0.10192,0.01490,0.81807,-0.04265,0.57334,0.08567,-0.00954,0.32936,
1403638540,0.15098,-0.07278,0.13342,0.01398,0.81872,-0.04166,0.57250,0.08803,-0.00990,0.27819,
1403638540,0.16175,-0.07301,0.15430,0.01311,0.81942,-0.04052,0.57160,0.10168,0.00223,0.15253,
1403638540,0.17816,-0.07461,0.16397,0.01226,0.82094,-0.03880,0.56956,0.12916,-0.00204,0.08359,
1403638540,0.19162,-0.07450,0.17207,0.01103,0.82476,-0.03803,0.56410,0.14982,0.00535,0.07508,
1403638540,0.20825,-0.07431,0.18118,0.00998,0.83018,-0.03852,0.55607,0.18562,-0.00251,0.07832,
1403638540,0.22844,-0.07412,0.18837,0.00985,0.83606,-0.03824,0.54722,0.24299,0.00015,0.06996,
1403638540,0.25782,-0.07378,0.19931,0.01035,0.83602,-0.03710,0.54734,0.32397,-0.00051,0.10458,
1403638540,0.29128,-0.07417,0.20876,0.01117,0.82979,-0.03652,0.55677,0.37278,-0.00062,0.10213,
1403638540,0.32853,-0.07398,0.21771,0.01072,0.82509,-0.03300,0.56393,0.40279,0.01111,0.08820,
1403638541,0.36777,-0.07100,0.22622,0.00553,0.82442,-0.02457,0.56542,0.42488,0.03644,0.07079,
1403638541,0.41045,-0.06663,0.23379,-0.00316,0.82425,-0.01062,0.56612,0.44606,0.05628,0.07938,
1403638541,0.45420,-0.06101,0.24076,-0.01005,0.82291,0.01075,0.56798,0.46390,0.07521,0.07956,
1403638541,0.49808,-0.05212,0.24871,-0.01860,0.82162,0.03686,0.56854,0.45944,0.11581,0.05726,
1403638541,0.54270,-0.03798,0.25444,-0.03009,0.81998,0.06495,0.56790,0.46321,0.16776,0.04047,
1403638541,0.58726,-0.01892,0.25857,-0.04495,0.81764,0.08757,0.56726,0.45191,0.20762,0.01637,
1403638541,0.63266,0.00411,0.25948,-0.05714,0.81491,0.10378,0.56735,0.45002,0.24216,-0.02466,
1403638541,0.67857,0.02827,0.25613,-0.06467,0.81377,0.11477,0.56605,0.44362,0.27241,-0.04276,
1403638541,0.72614,0.05561,0.25580,-0.06810,0.81318,0.12033,0.56535,0.43870,0.31757,0.02194,
1403638541,0.77317,0.08639,0.26164,-0.06952,0.81348,0.12085,0.56464,0.42406,0.34995,0.07543,
1403638542,0.81920,0.12160,0.27248,-0.06696,0.81257,0.12068,0.56629,0.43132,0.39435,0.13809,
1403638542,0.87054,0.16218,0.29250,-0.06660,0.81142,0.12197,0.56770,0.45727,0.46741,0.21548,
1403638542,0.91668,0.20964,0.31608,-0.07331,0.80973,0.12584,0.56844,0.43771,0.51582,0.27277,
1403638542,0.96571,0.26163,0.34829,-0.08441,0.80903,0.13144,0.56663,0.41249,0.55290,0.33650,
1403638542,1.01024,0.31648,0.38065,-0.09578,0.80804,0.14264,0.56352,0.40339,0.57700,0.29846,
1403638542,1.05309,0.37214,0.40570,-0.10851,0.80636,0.15799,0.55950,0.38578,0.58132,0.22331,
1403638542,1.09402,0.42894,0.42448,-0.12167,0.80336,0.17685,0.55547,0.37226,0.59270,0.16471,
1403638542,1.13531,0.48728,0.43794,-0.13666,0.79942,0.19704,0.55084,0.36546,0.59686,0.10767,
1403638542,1.17740,0.54622,0.44615,-0.14975,0.79436,0.21960,0.54621,0.37101,0.61109,0.07521,
1403638542,1.22178,0.60589,0.45214,-0.15819,0.78351,0.23881,0.55141,0.37031,0.61331,0.05255,
1403638543,1.26209,0.66557,0.45490,-0.15811,0.77033,0.25729,0.56160,0.33918,0.60978,0.02034,
1403638543,1.29706,0.72753,0.45786,-0.15467,0.76234,0.27134,0.56683,0.26957,0.65004,0.04376,
1403638543,1.32579,0.79193,0.46680,-0.15757,0.76331,0.27496,0.56296,0.18949,0.68650,0.11310,
1403638543,1.34860,0.85912,0.48408,-0.16570,0.76856,0.27122,0.55525,0.11847,0.69683,0.18876,
1403638543,1.36938,0.92902,0.50850,-0.16977,0.77500,0.26654,0.54727,0.09431,0.71660,0.26147,
1403638543,1.38378,1.00025,0.53808,-0.17155,0.77958,0.26291,0.54195,0.07180,0.72434,0.28159,
1403638543,1.40098,1.07440,0.56595,-0.17166,0.78257,0.25852,0.53971,0.08844,0.73488,0.23613,
1403638543,1.41636,1.14883,0.58598,-0.16975,0.78390,0.25609,0.53955,0.09458,0.74089,0.16740,
1403638543,1.43527,1.22617,0.60120,-0.16828,0.78510,0.25272,0.53984,0.10587,0.74587,0.10940,
1403638543,1.45073,1.30201,0.61104,-0.16862,0.78537,0.25372,0.53888,0.11592,0.76413,0.06874,
1403638544,1.46729,1.37991,0.61639,-0.17194,0.78392,0.26055,0.53667,0.12020,0.77752,0.03362,
1403638544,1.48739,1.46065,0.61930,-0.17611,0.77998,0.27534,0.53367,0.11777,0.79067,0.00038,
1403638544,1.50636,1.54672,0.62153,-0.18446,0.77366,0.29408,0.53003,0.12154,0.83371,0.03160,
1403638544,1.52184,1.62934,0.62859,-0.19397,0.76428,0.31694,0.52706,0.11956,0.85103,0.09743,
1403638544,1.53538,1.71652,0.64252,-0.20816,0.75513,0.33737,0.52214,0.12021,0.88535,0.18130,
1403638544,1.54749,1.80483,0.66262,-0.22284,0.74877,0.35179,0.51569,0.11401,0.89600,0.21765,
1403638544,1.55861,1.89442,0.68486,-0.23457,0.74525,0.36108,0.50911,0.12831,0.90772,0.22334,
1403638544,1.57112,1.98498,0.70476,-0.24418,0.74233,0.36543,0.50575,0.14594,0.90650,0.14911,
1403638544,1.58290,2.07638,0.71866,-0.24869,0.74056,0.36844,0.50396,0.15132,0.89314,0.08976,
1403638544,1.59620,2.16641,0.72884,-0.24990,0.74108,0.36957,0.50177,0.16686,0.89603,0.05810,
1403638545,1.61165,2.25661,0.73558,-0.24923,0.74019,0.36973,0.50329,0.17130,0.90176,0.03896,
1403638545,1.62971,2.34712,0.74330,-0.25353,0.73491,0.36912,0.50929,0.18156,0.91377,0.10445,
1403638545,1.64805,2.43732,0.75748,-0.25703,0.73044,0.36935,0.51378,0.17135,0.88862,0.14553,
1403638545,1.66509,2.52477,0.77373,-0.25606,0.73222,0.37132,0.51030,0.16797,0.86838,0.12141,
1403638545,1.68193,2.61087,0.78517,-0.25508,0.73512,0.37270,0.50561,0.17635,0.86223,0.07398,
1403638545,1.69904,2.69589,0.79022,-0.25641,0.73449,0.37292,0.50568,0.17758,0.85645,0.02327,
1403638545,1.71708,2.78095,0.79021,-0.25730,0.73342,0.37323,0.50654,0.17913,0.83942,-0.03840,
1403638545,1.73537,2.86462,0.78463,-0.25602,0.73378,0.37491,0.50543,0.17961,0.83383,-0.09702,
1403638545,1.75451,2.94925,0.77603,-0.25649,0.73181,0.37529,0.50777,0.18063,0.82477,-0.13549,
1403638545,1.77431,3.03140,0.76146,-0.25837,0.73081,0.37448,0.50884,0.16668,0.81431,-0.18678,
1403638546,1.79292,3.11479,0.74687,-0.26129,0.72962,0.37788,0.50655,0.15375,0.81941,-0.13745,
1403638546,1.81232,3.19959,0.73943,-0.26817,0.72641,0.38665,0.50092,0.14967,0.82743,-0.06922,
1403638546,1.82832,3.28165,0.73639,-0.27639,0.72037,0.40078,0.49401,0.15278,0.81917,-0.00825,
1403638546,1.84710,3.36563,0.74162,-0.28651,0.71028,0.41925,0.48749,0.15464,0.82107,0.07013,
1403638546,1.86445,3.45074,0.75423,-0.29676,0.69904,0.44035,0.47892,0.15096,0.82290,0.14674,
1403638546,1.88173,3.53401,0.77302,-0.30526,0.68717,0.46099,0.47127,0.16609,0.81423,0.19119,
1403638546,1.89840,3.61905,0.78857,-0.31152,0.67676,0.47707,0.46622,0.16003,0.83067,0.13743,
1403638546,1.91306,3.70497,0.79788,-0.31867,0.67050,0.48634,0.46082,0.15388,0.84508,0.06868,
1403638546,1.92569,3.79393,0.80214,-0.32459,0.66737,0.49107,0.45619,0.14588,0.86273,0.00863,
1403638546,1.93797,3.88316,0.80217,-0.32938,0.66700,0.49214,0.45213,0.13970,0.87817,-0.04900,
1403638547,1.94997,3.97256,0.79703,-0.33067,0.66591,0.49394,0.45083,0.14006,0.89951,-0.05560,
1403638547,1.96247,4.06237,0.79489,-0.33286,0.66219,0.49903,0.44909,0.13062,0.90595,0.00919,
1403638547,1.97124,4.15408,0.80094,-0.33675,0.65728,0.50484,0.44690,0.12585,0.93198,0.11392,
1403638547,1.98210,4.24781,0.81562,-0.33770,0.65292,0.51078,0.44583,0.12126,0.97395,0.21075,
1403638547,1.98968,4.34253,0.83375,-0.33795,0.64984,0.51515,0.44510,0.10397,0.96327,0.17683,
1403638547,1.99851,4.43810,0.84596,-0.33653,0.64677,0.51919,0.44596,0.09229,0.97270,0.11490,
1403638547,2.00260,4.53196,0.85171,-0.33314,0.64404,0.52328,0.44766,0.06249,0.98767,0.04556,
1403638547,2.00577,4.63040,0.85256,-0.33123,0.64275,0.52539,0.44848,0.02671,1.00488,0.00806,
1403638547,2.00355,4.72746,0.84956,-0.33011,0.64181,0.52626,0.44962,-0.01782,1.01494,-0.04090,
1403638547,1.99932,4.82783,0.84552,-0.33538,0.64512,0.52241,0.44545,-0.04885,1.02827,-0.06879,
1403638548,1.99330,4.92876,0.83652,-0.34027,0.64836,0.51832,0.44181,-0.06300,1.04155,-0.10785,
1403638548,1.98517,5.02884,0.82204,-0.34263,0.65056,0.51570,0.43981,-0.06726,1.04972,-0.16294,
1403638548,1.97726,5.13374,0.80331,-0.34128,0.65085,0.51535,0.44082,-0.07339,1.06451,-0.20140,
1403638548,1.96978,5.23710,0.78114,-0.33723,0.64866,0.51775,0.44436,-0.08660,1.07517,-0.24169,
1403638548,1.95886,5.34530,0.75776,-0.33681,0.64842,0.51776,0.44501,-0.10917,1.08827,-0.23064,
1403638548,1.94788,5.45347,0.74083,-0.33837,0.64777,0.51894,0.44341,-0.13398,1.12050,-0.14841,
1403638548,1.93249,5.56712,0.72989,-0.34187,0.64510,0.52275,0.44012,-0.15198,1.15118,-0.07515,
1403638548,1.91570,5.68140,0.72966,-0.34806,0.63985,0.52945,0.43490,-0.18185,1.15031,0.00752,
1403638548,1.89523,5.79505,0.73657,-0.35576,0.63196,0.53933,0.42801,-0.19876,1.16481,0.11191,
1403638548,1.87282,5.91145,0.75117,-0.36294,0.62249,0.55167,0.42005,-0.21507,1.17183,0.17705,
1403638549,1.85103,6.02765,0.76968,-0.37077,0.61414,0.56037,0.41394,-0.21259,1.17565,0.14446,
1403638549,1.82883,6.14697,0.78389,-0.37593,0.60719,0.56733,0.41005,-0.20979,1.18810,0.09926,
1403638549,1.80730,6.26642,0.79224,-0.37958,0.60284,0.57187,0.40677,-0.20478,1.19209,0.07092,
1403638549,1.78407,6.38812,0.80171,-0.38183,0.60009,0.57493,0.40442,-0.21245,1.21043,0.12966,
1403638549,1.76222,6.51069,0.81848,-0.38364,0.59848,0.57625,0.40321,-0.21317,1.22025,0.19400,
1403638549,1.74122,6.63345,0.84003,-0.38271,0.59784,0.57804,0.40248,-0.22533,1.20694,0.25323,
1403638549,1.71757,6.75703,0.86621,-0.38483,0.59835,0.57644,0.40199,-0.22435,1.21191,0.30454,
1403638549,1.69551,6.88089,0.90080,-0.38512,0.59841,0.57595,0.40232,-0.21738,1.24403,0.34610,
1403638549,1.67001,7.01199,0.93790,-0.38655,0.59976,0.57386,0.40193,-0.22361,1.26230,0.40117,
1403638549,1.64858,7.13856,0.97760,-0.38902,0.60100,0.57130,0.40134,-0.22062,1.26785,0.36906,
1403638550,1.62470,7.27151,1.01056,-0.38973,0.60236,0.56965,0.40097,-0.21191,1.27946,0.31243,
1403638550,1.60576,7.40002,1.04098,-0.39170,0.60156,0.56778,0.40289,-0.20065,1.27981,0.26468,
1403638550,1.58647,7.53360,1.06504,-0.39064,0.60098,0.56758,0.40506,-0.17689,1.27358,0.26134,
1403638550,1.56929,7.66672,1.09396,-0.39092,0.60248,0.56716,0.40315,-0.16531,1.30518,0.33284,
1403638550,1.55232,7.79858,1.13354,-0.38893,0.60339,0.56794,0.40261,-0.15486,1.33178,0.39578,
1403638550,1.53829,7.93627,1.17811,-0.38980,0.60424,0.56730,0.40141,-0.13098,1.37272,0.49272,
1403638550,1.52570,8.07056,1.22998,-0.39111,0.60509,0.56680,0.39955,-0.11535,1.36908,0.57000,
1403638550,1.51599,8.20590,1.28846,-0.39113,0.60476,0.56766,0.39880,-0.09952,1.34983,0.64573,
1403638550,1.50538,8.34034,1.35214,-0.39042,0.60394,0.56851,0.39953,-0.08397,1.35848,0.68140,
1403638550,1.49827,8.47161,1.40972,-0.39285,0.60329,0.56772,0.39924,-0.06823,1.34547,0.58922,
1403638551,1.49105,8.60859,1.46439,-0.39534,0.60466,0.56624,0.39683,-0.05109,1.34721,0.52173,
1403638551,1.48662,8.73754,1.51135,-0.40012,0.60369,0.56333,0.39764,-0.01673,1.33030,0.46085,
1403638551,1.48518,8.87181,1.55410,-0.40423,0.60249,0.56050,0.39931,0.01600,1.31977,0.42416,
1403638551,1.48650,9.00176,1.59094,-0.40764,0.60016,0.55783,0.40307,0.05021,1.29167,0.38251,
1403638551,1.49011,9.13077,1.62608,-0.41371,0.59562,0.55315,0.41002,0.08027,1.25513,0.33652,
1403638551,1.49476,9.25755,1.65647,-0.41865,0.59247,0.54938,0.41460,0.10531,1.19779,0.30194,
1403638551,1.50190,9.37710,1.68516,-0.42160,0.59165,0.54698,0.41597,0.13680,1.11615,0.30999,
1403638551,1.51260,9.48759,1.71627,-0.42524,0.59205,0.54482,0.41450,0.17376,1.04169,0.36104,
1403638551,1.52852,9.59139,1.75255,-0.42258,0.59641,0.54372,0.41242,0.22327,0.94084,0.39063,
1403638551,1.55309,9.68603,1.79119,-0.41685,0.60674,0.53698,0.41201,0.29109,0.87731,0.34586,
1403638552,1.58234,9.78086,1.82234,-0.40964,0.62121,0.52383,0.41460,0.35768,0.83113,0.28558,
1403638552,1.61741,9.86979,1.84850,-0.40361,0.63727,0.50545,0.41894,0.41876,0.79498,0.22886,
1403638552,1.66059,9.95526,1.86975,-0.39571,0.65212,0.48663,0.42586,0.50317,0.76499,0.18272,
1403638552,1.71136,10.03442,1.88538,-0.38609,0.66511,0.46843,0.43489,0.57568,0.72233,0.14946,
1403638552,1.76930,10.10714,1.90190,-0.37401,0.67156,0.45739,0.44711,0.63681,0.65719,0.18199,
1403638552,1.83342,10.17409,1.92573,-0.36320,0.67316,0.45107,0.45987,0.68475,0.59703,0.26947,
1403638552,1.90029,10.23432,1.95651,-0.35535,0.67610,0.44713,0.46550,0.71213,0.53981,0.31248,
1403638552,1.97099,10.28880,1.99268,-0.35069,0.68100,0.44499,0.46393,0.74045,0.49249,0.36838,
1403638552,2.04459,10.33897,2.03284,-0.34863,0.68367,0.44366,0.46283,0.76355,0.46048,0.36756,
1403638552,2.12132,10.38445,2.06966,-0.35436,0.68205,0.43868,0.46562,0.79517,0.41319,0.31494,
1403638553,2.20172,10.42539,2.09805,-0.36094,0.67844,0.43404,0.47016,0.83062,0.35008,0.26190,
1403638553,2.28605,10.45959,2.12258,-0.36421,0.67494,0.43276,0.47384,0.85809,0.26462,0.19015,
1403638553,2.37425,10.48687,2.14138,-0.36385,0.67422,0.43476,0.47332,0.89285,0.18255,0.14493,
1403638553,2.46474,10.50617,2.15503,-0.36236,0.67316,0.43786,0.47309,0.91970,0.11088,0.10212,
1403638553,2.55650,10.51724,2.16335,-0.35822,0.67183,0.44363,0.47277,0.93970,0.04269,0.05217,
1403638553,2.65145,10.52570,2.16887,-0.35311,0.66971,0.44974,0.47385,0.94749,-0.00686,0.00289,
1403638553,2.74488,10.52696,2.17170,-0.35337,0.66694,0.45211,0.47531,0.94082,-0.05011,-0.01382,
1403638553,2.83887,10.52613,2.17301,-0.36110,0.66201,0.44854,0.47975,0.94200,-0.10196,-0.00877,
1403638553,2.93337,10.51307,2.17483,-0.36575,0.65609,0.44726,0.48553,0.93581,-0.19397,0.05558,
1403638553,3.02609,10.49360,2.18344,-0.36323,0.65099,0.45023,0.49150,0.91483,-0.29706,0.10120,
1403638554,3.11670,10.46338,2.19722,-0.35979,0.64665,0.45363,0.49660,0.87387,-0.40546,0.15892,
1403638554,3.20243,10.41984,2.21525,-0.35656,0.64385,0.45619,0.50021,0.81582,-0.53948,0.17948,
1403638554,3.28259,10.36512,2.23984,-0.35470,0.64357,0.45798,0.50026,0.75491,-0.65387,0.26924,
1403638554,3.35867,10.30423,2.27085,-0.35213,0.64509,0.45964,0.49860,0.70790,-0.70874,0.32495,
1403638554,3.43080,10.23277,2.30706,-0.34983,0.64708,0.46067,0.49668,0.65789,-0.78203,0.32636,
1403638554,3.50091,10.16615,2.34004,-0.34976,0.65206,0.46000,0.49080,0.63653,-0.82082,0.28117,
1403638554,3.56572,10.08309,2.36749,-0.34733,0.65389,0.46161,0.48858,0.60472,-0.86426,0.22767,
1403638554,3.62981,10.00932,2.38644,-0.33863,0.65932,0.46749,0.48175,0.58410,-0.86741,0.15295,
1403638554,3.68935,9.92121,2.40111,-0.33162,0.66397,0.47259,0.47522,0.55847,-0.88472,0.10880,
1403638554,3.74808,9.84487,2.41277,-0.32757,0.66662,0.47542,0.47148,0.53985,-0.85052,0.09145,
1403638555,3.80295,9.76907,2.42282,-0.32572,0.66757,0.47665,0.47016,0.51935,-0.81656,0.06133,
1403638555,3.85640,9.69460,2.43093,-0.32838,0.66949,0.47515,0.46711,0.50398,-0.79448,0.08126,
1403638555,3.90965,9.61419,2.44165,-0.33410,0.67022,0.47145,0.46575,0.49240,-0.81589,0.11901,
1403638555,3.96424,9.53882,2.45974,-0.33864,0.67103,0.46877,0.46400,0.51173,-0.78176,0.16823,
1403638555,4.01978,9.46167,2.48031,-0.34209,0.67114,0.46622,0.46389,0.52387,-0.77235,0.17525,
1403638555,4.07956,9.38788,2.50138,-0.34234,0.67275,0.46223,0.46536,0.54734,-0.78321,0.11847,
1403638555,4.13761,9.31046,2.51223,-0.33604,0.67717,0.45727,0.46844,0.56492,-0.79710,0.06282,
1403638555,4.20119,9.23108,2.51928,-0.33017,0.68362,0.44905,0.47118,0.58198,-0.80665,0.01238,
1403638555,4.26384,9.14916,2.52067,-0.32440,0.68853,0.44210,0.47460,0.59845,-0.80899,-0.01450,
1403638555,4.32884,9.06732,2.51993,-0.31676,0.69051,0.43923,0.47951,0.60958,-0.80669,-0.04272,
1403638556,4.39350,8.98606,2.51545,-0.31395,0.69241,0.43563,0.48190,0.61406,-0.80555,-0.07009,
1403638556,4.45728,8.90692,2.51167,-0.31170,0.69334,0.43423,0.48328,0.60907,-0.79415,-0.00789,
1403638556,4.51929,8.82731,2.51468,-0.31214,0.69479,0.43281,0.48220,0.60045,-0.82646,0.08693,
1403638556,4.58065,8.74726,2.52813,-0.31066,0.69519,0.43401,0.48149,0.59392,-0.83932,0.19096,
1403638556,4.63936,8.66701,2.54689,-0.30906,0.69501,0.43553,0.48141,0.60295,-0.80593,0.20550,
1403638556,4.70052,8.59471,2.57229,-0.30792,0.69400,0.43693,0.48232,0.60832,-0.76788,0.25783,
1403638556,4.76207,8.51843,2.59692,-0.30671,0.69598,0.43799,0.47928,0.60468,-0.76268,0.20075,
1403638556,4.82555,8.44901,2.61303,-0.30467,0.70066,0.43904,0.47276,0.61249,-0.73737,0.13015,
1403638556,4.88953,8.37693,2.62599,-0.30393,0.70322,0.43957,0.46893,0.62611,-0.70660,0.10062,
1403638556,4.95608,8.31430,2.63460,-0.30307,0.70513,0.44017,0.46604,0.64923,-0.65716,0.08240,
1403638557,5.02433,8.25088,2.64388,-0.30049,0.70869,0.44130,0.46121,0.67267,-0.60952,0.08457,
1403638557,5.09706,8.19689,2.65173,-0.30505,0.71162,0.43746,0.45736,0.69989,-0.56184,0.10010,
1403638557,5.17438,8.14598,2.66389,-0.31287,0.71094,0.43144,0.45885,0.74363,-0.55259,0.19099,
1403638557,5.25089,8.09286,2.68631,-0.31895,0.70797,0.42710,0.46328,0.79134,-0.54304,0.24505,
1403638557,5.33800,8.04519,2.71319,-0.32377,0.70639,0.42386,0.46533,0.84798,-0.52073,0.29050,
1403638557,5.42931,7.99719,2.73779,-0.32510,0.70501,0.42334,0.46697,0.89309,-0.51808,0.23748,
1403638557,5.52492,7.94878,2.75556,-0.32275,0.70320,0.42571,0.46916,0.92965,-0.51852,0.16470,
1403638557,5.62424,7.90005,2.76780,-0.32182,0.70181,0.42696,0.47074,0.96392,-0.51653,0.09478,
1403638557,5.72589,7.85218,2.77451,-0.32074,0.70089,0.42834,0.47160,1.00197,-0.51423,0.05771,
1403638557,5.83051,7.80420,2.78060,-0.31747,0.69887,0.43144,0.47398,1.02101,-0.51129,0.07912,
1403638558,5.93675,7.75692,2.79114,-0.31184,0.69601,0.43597,0.47775,1.02905,-0.50218,0.16085,
1403638558,6.04237,7.70964,2.80662,-0.30871,0.69362,0.43871,0.48076,1.01575,-0.48764,0.18729,
1403638558,6.14776,7.66425,2.82758,-0.30785,0.69275,0.43956,0.48179,1.00168,-0.46546,0.22214,
1403638558,6.25068,7.61833,2.84603,-0.30605,0.69237,0.44034,0.48276,0.98840,-0.45752,0.15764,
1403638558,6.35181,7.57324,2.85923,-0.30340,0.69259,0.44207,0.48254,0.97206,-0.44652,0.08640,
1403638558,6.45112,7.52975,2.86597,-0.30202,0.69520,0.44307,0.47871,0.94901,-0.42507,0.02439,
1403638558,6.54895,7.48774,2.86757,-0.30026,0.70027,0.44388,0.47163,0.94870,-0.40767,-0.01018,
1403638558,6.64716,7.44960,2.87103,-0.29759,0.70654,0.44495,0.46288,0.95131,-0.36176,0.05063,
1403638558,6.74685,7.41801,2.88196,-0.29354,0.70829,0.44726,0.46056,0.97672,-0.26801,0.14511,
1403638558,6.84724,7.39315,2.90311,-0.28751,0.71082,0.45082,0.45698,0.97345,-0.22467,0.23740,
1403638559,6.94873,7.37637,2.93016,-0.28421,0.71409,0.45239,0.45237,0.98103,-0.13543,0.30787,
1403638559,7.05130,7.36874,2.96402,-0.28906,0.71538,0.44844,0.45120,1.01588,-0.04003,0.38268,
1403638559,7.15796,7.37026,3.00139,-0.29951,0.71589,0.44058,0.45132,1.05233,0.03638,0.38096,
1403638559,7.26919,7.37646,3.03338,-0.30503,0.71534,0.43630,0.45266,1.09046,0.07205,0.29980,
1403638559,7.38429,7.38582,3.05773,-0.30587,0.71211,0.43580,0.45762,1.13318,0.10054,0.23260,
1403638559,7.50216,7.39882,3.07530,-0.30645,0.70687,0.43588,0.46521,1.15584,0.12691,0.15247,
1403638559,7.62165,7.41437,3.08660,-0.30765,0.70291,0.43574,0.47053,1.16769,0.14764,0.07971,
1403638559,7.74152,7.43154,3.09055,-0.30678,0.69948,0.43746,0.47459,1.16993,0.15585,0.02161,
1403638559,7.86035,7.44981,3.08941,-0.30514,0.69703,0.43956,0.47731,1.16155,0.16573,-0.03964,
1403638559,7.97651,7.46892,3.08415,-0.30107,0.69446,0.44311,0.48035,1.12628,0.16962,-0.09076,
1403638560,8.08936,7.48946,3.07356,-0.29980,0.69264,0.44436,0.48262,1.10082,0.18891,-0.14274,
1403638560,8.19972,7.51203,3.05802,-0.30022,0.69092,0.44480,0.48440,1.07391,0.20723,-0.17811,
1403638560,8.30750,7.53575,3.04305,-0.30070,0.69000,0.44529,0.48498,1.02493,0.21506,-0.13828,
1403638560,8.41210,7.56206,3.03389,-0.30190,0.69059,0.44535,0.48332,0.99597,0.24584,-0.07843,
1403638560,8.51480,7.59060,3.03032,-0.30208,0.69162,0.44292,0.48398,0.98275,0.26012,-0.06035,
1403638560,8.61367,7.61675,3.02228,-0.29896,0.69734,0.43337,0.48635,0.96804,0.25092,-0.12736,
1403638560,8.71444,7.64512,3.00786,-0.29151,0.70623,0.41743,0.49194,0.96121,0.24925,-0.19895,
1403638560,8.81404,7.67339,2.98750,-0.27974,0.71664,0.39765,0.50005,0.96385,0.25246,-0.23102,
1403638560,8.91262,7.70023,2.96515,-0.26776,0.72539,0.37466,0.51160,0.94634,0.23888,-0.24306,
1403638560,9.00871,7.72544,2.94029,-0.25580,0.73321,0.34979,0.52404,0.91241,0.21821,-0.27212,
1403638561,9.10257,7.74820,2.91133,-0.24319,0.74105,0.32418,0.53536,0.87798,0.18222,-0.31099,
1403638561,9.19334,7.76745,2.87748,-0.23311,0.75104,0.29619,0.54210,0.84498,0.13656,-0.36575,
1403638561,9.28104,7.78138,2.84291,-0.22595,0.76089,0.26866,0.54572,0.81850,0.09262,-0.32423,
1403638561,9.36600,7.78732,2.81511,-0.21575,0.76790,0.24568,0.55084,0.78425,-0.00257,-0.24265,
1403638561,9.45009,7.78712,2.79472,-0.20569,0.77323,0.22319,0.55676,0.78312,-0.07343,-0.17199,
1403638561,9.53205,7.77858,2.78228,-0.19295,0.77533,0.20367,0.56582,0.76540,-0.15909,-0.08033,
1403638561,9.60981,7.75983,2.77729,-0.18166,0.77744,0.18460,0.57316,0.70892,-0.25095,-0.03068,
1403638561,9.68236,7.73336,2.77919,-0.17275,0.77832,0.16920,0.57943,0.66215,-0.32628,0.05285,
1403638561,9.74917,7.69914,2.78740,-0.16674,0.77980,0.15935,0.58199,0.60270,-0.41147,0.06715,
1403638561,9.81211,7.66064,2.79158,-0.15500,0.78604,0.15982,0.57669,0.56315,-0.47026,0.01622,
1403638562,9.87288,7.61941,2.79038,-0.14267,0.79084,0.16490,0.57187,0.53726,-0.49333,-0.04095,
1403638562,9.92950,7.57661,2.78194,-0.13599,0.79390,0.16859,0.56816,0.51556,-0.50194,-0.10172,
1403638562,9.98107,7.53227,2.77000,-0.13438,0.79495,0.17090,0.56639,0.48570,-0.50006,-0.14535,
1403638562,10.03118,7.48660,2.75382,-0.13296,0.79459,0.17289,0.56661,0.46515,-0.51061,-0.19604,
1403638562,10.08008,7.43828,2.73149,-0.12875,0.79458,0.17193,0.56789,0.44497,-0.51671,-0.25025,
1403638562,10.12704,7.39174,2.70852,-0.12315,0.79607,0.16449,0.56925,0.43024,-0.51982,-0.21576,
1403638562,10.16961,7.34292,2.69166,-0.11559,0.79807,0.15472,0.57077,0.37191,-0.53634,-0.14480,
1403638562,10.20666,7.29419,2.67985,-0.10837,0.79940,0.14642,0.57251,0.35798,-0.50550,-0.09704,
1403638562,10.24280,7.24701,2.67384,-0.10220,0.80050,0.13659,0.57454,0.32233,-0.50652,-0.03041,
1403638562,10.27411,7.19933,2.67158,-0.09513,0.80176,0.12267,0.57714,0.29647,-0.50955,-0.00342,
1403638563,10.30521,7.15151,2.67525,-0.08607,0.80454,0.10472,0.57822,0.30370,-0.50920,0.08218,
1403638563,10.33337,7.10294,2.68583,-0.07721,0.80633,0.08208,0.58063,0.27775,-0.52619,0.12358,
1403638563,10.35904,7.05173,2.69943,-0.06817,0.80851,0.05710,0.58172,0.26332,-0.55124,0.13278,
1403638563,10.38050,6.99692,2.71152,-0.05680,0.80989,0.03153,0.58297,0.21666,-0.59063,0.08975,
1403638563,10.39678,6.93852,2.71859,-0.04298,0.81097,0.00754,0.58346,0.17989,-0.62766,0.03207,
1403638563,10.40828,6.87667,2.72013,-0.03074,0.81081,-0.01541,0.58429,0.14128,-0.65633,-0.02277,
1403638563,10.41484,6.81051,2.71670,-0.02358,0.81079,-0.03947,0.58353,0.09627,-0.70519,-0.06500,
1403638563,10.41637,6.74004,2.70894,-0.01018,0.80880,-0.05526,0.58539,0.05274,-0.74615,-0.10866,
1403638563,10.41424,6.66592,2.69626,-0.00019,0.80408,-0.06600,0.59084,-0.00076,-0.78306,-0.14370,
1403638563,10.40677,6.58902,2.67852,0.00392,0.79536,-0.07403,0.60159,-0.07438,-0.80883,-0.20761,
1403638564,10.39303,6.50938,2.65559,0.00755,0.79312,-0.07655,0.60419,-0.16971,-0.85265,-0.21833,
1403638564,10.37254,6.42627,2.63644,0.01111,0.79579,-0.07582,0.60071,-0.25111,-0.88111,-0.14794,
1403638564,10.34530,6.33848,2.62463,0.00859,0.79869,-0.07646,0.59681,-0.32586,-0.92007,-0.09051,
1403638564,10.31243,6.24621,2.61950,0.00483,0.80010,-0.07649,0.59495,-0.38052,-0.96008,0.00849,
1403638564,10.27127,6.14917,2.62400,0.00161,0.79955,-0.07531,0.59586,-0.43574,-1.01003,0.06476,
1403638564,10.22781,6.04851,2.62906,-0.00211,0.79921,-0.07315,0.59658,-0.50536,-1.05094,0.03024,
1403638564,10.17640,5.94020,2.63171,-0.00546,0.79927,-0.06973,0.59689,-0.55963,-1.10344,-0.01866,
1403638564,10.11849,5.82877,2.62908,-0.00579,0.79867,-0.06428,0.59830,-0.61771,-1.15795,-0.04391,
1403638564,10.06161,5.71516,2.62728,-0.00382,0.79775,-0.05808,0.60018,-0.66211,-1.18869,0.01946,
1403638564,9.98885,5.59602,2.63316,-0.00397,0.79588,-0.05415,0.60302,-0.73412,-1.23362,0.08566,
1403638565,9.91662,5.47677,2.64552,-0.00499,0.79594,-0.05199,0.60312,-0.82051,-1.26270,0.12430,
1403638565,9.82982,5.34794,2.65784,-0.00929,0.79799,-0.05287,0.60028,-0.88723,-1.29734,0.09438,
1403638565,9.74437,5.22015,2.66797,-0.01422,0.79928,-0.05613,0.59816,-0.94523,-1.33745,0.03998,
1403638565,9.64682,5.08524,2.67062,-0.01700,0.79939,-0.05920,0.59765,-0.99228,-1.38188,-0.03446,
1403638565,9.55371,4.95054,2.66279,-0.01904,0.79854,-0.06180,0.59845,-1.03178,-1.42433,-0.21318,
1403638565,9.45230,4.81211,2.63605,-0.02012,0.79847,-0.06283,0.59840,-1.07526,-1.46674,-0.37353,
1403638565,9.34815,4.66770,2.59296,-0.02091,0.79915,-0.06352,0.59741,-1.09088,-1.51409,-0.52385,
1403638565,9.24119,4.51723,2.53978,-0.02048,0.80002,-0.06314,0.59629,-1.12055,-1.56613,-0.58950,
1403638565,9.13261,4.35961,2.48355,-0.01821,0.80095,-0.06230,0.59520,-1.14717,-1.61711,-0.60057,
1403638565,9.01860,4.19771,2.42595,-0.01597,0.80190,-0.06110,0.59411,-1.18839,-1.66181,-0.59615,
1403638566,8.90018,4.03139,2.37262,-0.01035,0.79993,-0.05942,0.59706,-1.21236,-1.70663,-0.51814,
1403638566,8.77887,3.86179,2.32785,-0.00173,0.79847,-0.05600,0.59942,-1.26442,-1.72739,-0.42731,
1403638566,8.65413,3.69281,2.28996,0.01054,0.79972,-0.04982,0.59821,-1.29140,-1.71405,-0.35665,
1403638566,8.52148,3.52465,2.26126,0.01682,0.80280,-0.04736,0.59413,-1.35797,-1.68907,-0.28334,
1403638566,8.38242,3.35892,2.23801,0.02285,0.80525,-0.04538,0.59076,-1.39458,-1.65374,-0.22906,
1403638566,8.24061,3.19824,2.21242,0.02369,0.80648,-0.04645,0.58895,-1.41212,-1.60446,-0.29071,
1403638566,8.09728,3.04349,2.17835,0.02427,0.80671,-0.04711,0.58857,-1.42266,-1.55748,-0.37804,
1403638566,7.95525,2.89077,2.13542,0.02469,0.80651,-0.04714,0.58883,-1.45201,-1.52046,-0.45431,
1403638566,7.81473,2.74301,2.08580,0.02422,0.80762,-0.04745,0.58729,-1.44036,-1.48168,-0.52923,
1403638566,7.67363,2.59953,2.02834,0.02401,0.80757,-0.04641,0.58745,-1.42752,-1.44530,-0.59627,
1403638567,7.53392,2.45881,1.96511,0.02222,0.80793,-0.04593,0.58707,-1.42144,-1.41376,-0.64514,
1403638567,7.39461,2.32090,1.89467,0.02029,0.81456,-0.04499,0.57797,-1.42447,-1.37815,-0.73870,
1403638567,7.25909,2.18417,1.81936,0.01887,0.82687,-0.04416,0.56034,-1.37292,-1.35221,-0.77396,
1403638567,7.12995,2.04898,1.73944,0.01897,0.83659,-0.04116,0.54595,-1.30145,-1.32504,-0.80313,
1403638567,7.00821,1.91350,1.65668,0.01843,0.84276,-0.03856,0.53659,-1.21173,-1.30797,-0.83465,
1403638567,6.89587,1.77971,1.57231,0.01707,0.84263,-0.03708,0.53694,-1.10856,-1.29057,-0.82019,
1403638567,6.78695,1.64599,1.49051,0.01891,0.83019,-0.03415,0.55611,-1.03930,-1.26914,-0.84218,
1403638567,6.68618,1.51579,1.40480,0.02070,0.81905,-0.03212,0.57245,-0.99799,-1.24856,-0.88670,
1403638567,6.58455,1.38958,1.31387,0.02397,0.81349,-0.03051,0.58028,-0.99595,-1.21133,-0.94921,
1403638567,6.48266,1.26685,1.22327,0.02611,0.81310,-0.03061,0.58073,-1.01183,-1.18062,-0.88570,
1403638568,6.38019,1.14599,1.13919,0.02753,0.81578,-0.03147,0.57685,-1.01416,-1.14384,-0.84093,
1403638568,6.27615,1.03108,1.06383,0.02950,0.81969,-0.03244,0.57113,-0.99799,-1.10985,-0.74400,
1403638568,6.17703,0.92113,0.99900,0.03182,0.82296,-0.03300,0.56624,-0.96762,-1.04998,-0.63700,
1403638568,6.07985,0.81568,0.94115,0.03347,0.82696,-0.03332,0.56027,-0.93078,-0.99994,-0.55473,
1403638568,5.98856,0.71603,0.89059,0.03098,0.82842,-0.03586,0.55809,-0.85913,-0.95732,-0.49644,
1403638568,5.90358,0.61924,0.84559,0.03195,0.82903,-0.03592,0.55714,-0.79923,-0.91879,-0.42652,
1403638568,5.82282,0.52656,0.81043,0.03461,0.82817,-0.03426,0.55836,-0.76893,-0.87313,-0.34338,
1403638568,5.74393,0.43828,0.78206,0.03657,0.82742,-0.03309,0.55941,-0.74359,-0.82852,-0.26679,
1403638568,5.66785,0.35582,0.75633,0.03738,0.82744,-0.03316,0.55933,-0.70917,-0.78272,-0.26371,
1403638568,5.59439,0.27920,0.72641,0.03753,0.82851,-0.03357,0.55771,-0.67878,-0.73564,-0.32094,
1403638569,5.52755,0.20757,0.69181,0.03839,0.82922,-0.03318,0.55661,-0.63635,-0.68374,-0.35164,
1403638569,5.46206,0.13866,0.65503,0.03889,0.83069,-0.03269,0.55441,-0.58700,-0.63368,-0.37510,
1403638569,5.40316,0.07620,0.61721,0.04057,0.83200,-0.03113,0.55242,-0.54263,-0.58144,-0.35703,
1403638569,5.34608,0.01920,0.58632,0.03861,0.83174,-0.03210,0.55290,-0.51219,-0.52623,-0.26565,
1403638569,5.29734,-0.03430,0.56230,0.03950,0.83164,-0.03155,0.55301,-0.44086,-0.47842,-0.18049,
1403638569,5.25112,-0.08378,0.54537,0.03941,0.83063,-0.03149,0.55454,-0.39118,-0.44082,-0.10733,
1403638569,5.21246,-0.12691,0.53560,0.04105,0.83072,-0.03026,0.55435,-0.34543,-0.39546,-0.04804,
1403638569,5.17663,-0.16856,0.53006,0.04280,0.83220,-0.02920,0.55204,-0.31269,-0.34363,-0.04493,
1403638569,5.14784,-0.20289,0.52253,0.04385,0.83297,-0.02900,0.55081,-0.27229,-0.29401,-0.09390,
1403638569,5.12108,-0.23279,0.50842,0.04482,0.83196,-0.02841,0.55229,-0.21448,-0.25000,-0.14616,
1403638570,5.10292,-0.25793,0.49124,0.04486,0.83079,-0.02809,0.55406,-0.17233,-0.20934,-0.17862,
1403638570,5.08920,-0.27877,0.47487,0.04436,0.82946,-0.02861,0.55606,-0.13364,-0.15527,-0.13483,
1403638570,5.07704,-0.29315,0.46368,0.04522,0.82850,-0.02822,0.55745,-0.10181,-0.10094,-0.07886,
1403638570,5.07006,-0.30240,0.46110,0.04517,0.82791,-0.02779,0.55835,-0.08384,-0.04783,-0.00206,
1403638570,5.06548,-0.30722,0.46323,0.04628,0.82612,-0.02705,0.56093,-0.05452,-0.00036,0.02826,
1403638570,5.06374,-0.30695,0.46610,0.04410,0.82495,-0.02821,0.56278,-0.02889,0.04161,-0.00497,
1403638570,5.06436,-0.30216,0.46384,0.04056,0.82506,-0.03043,0.56276,-0.00959,0.08720,-0.07369,
1403638570,5.06602,-0.29390,0.45519,0.03448,0.82457,-0.03378,0.56370,0.00029,0.11370,-0.13057,
1403638570,5.06926,-0.28469,0.44208,0.02559,0.82421,-0.04014,0.56428,0.02124,0.11734,-0.17097,
1403638570,5.07236,-0.27527,0.42028,0.02185,0.82362,-0.05023,0.56448,0.03295,0.09965,-0.23332,
1403638571,5.07772,-0.26894,0.39753,0.01544,0.82215,-0.07219,0.56446,0.04101,0.05079,-0.28503,
1403638571,5.08092,-0.26919,0.36576,0.01117,0.81800,-0.10119,0.56614,0.03047,-0.03117,-0.33921,
1403638571,5.08218,-0.27688,0.33122,0.01664,0.80963,-0.12842,0.57247,0.02211,-0.13056,-0.35313,
1403638571,5.08044,-0.29418,0.29714,0.02614,0.79678,-0.15518,0.58342,-0.03642,-0.23402,-0.36765,
1403638571,5.07229,-0.32261,0.26165,0.04016,0.78677,-0.17772,0.58975,-0.12762,-0.34432,-0.38689,
1403638571,5.05552,-0.36109,0.22342,0.05512,0.77985,-0.19855,0.59108,-0.21309,-0.43793,-0.41566,
1403638571,5.02948,-0.40789,0.18257,0.07506,0.78087,-0.21437,0.58194,-0.30919,-0.51822,-0.39542,
1403638571,4.99402,-0.46231,0.14720,0.09631,0.78321,-0.22286,0.57240,-0.37707,-0.59487,-0.29616,
1403638571,4.95172,-0.52226,0.12091,0.11449,0.78357,-0.22755,0.56668,-0.43442,-0.62774,-0.20649,
1403638571,4.90562,-0.58661,0.10622,0.12216,0.78142,-0.23339,0.56567,-0.48145,-0.65771,-0.10970,
1403638572,4.85700,-0.65357,0.10001,0.12804,0.77845,-0.23667,0.56710,-0.52484,-0.68283,-0.07236,
1403638572,4.80487,-0.72242,0.09283,0.13459,0.77719,-0.24364,0.56436,-0.56623,-0.70329,-0.12808,
1403638572,4.74954,-0.79342,0.07974,0.14153,0.77701,-0.25559,0.55759,-0.60246,-0.72933,-0.19044,
1403638572,4.69063,-0.86614,0.06066,0.14988,0.77536,-0.27131,0.55023,-0.62352,-0.75482,-0.23021,
1403638572,4.62923,-0.94192,0.04009,0.15742,0.77017,-0.29092,0.54536,-0.64175,-0.79431,-0.20045,
1403638572,4.56570,-1.02150,0.02544,0.16656,0.76328,-0.31069,0.54141,-0.67991,-0.83690,-0.11300,
1403638572,4.49726,-1.10476,0.02020,0.17772,0.75548,-0.32893,0.53802,-0.72259,-0.87230,-0.02976,
1403638572,4.42514,-1.19166,0.02344,0.19435,0.74969,-0.34380,0.53104,-0.76124,-0.88532,0.01639,
1403638572,4.35064,-1.28142,0.02580,0.20759,0.74503,-0.36173,0.52057,-0.77577,-0.92059,-0.01849,
1403638572,4.27603,-1.37553,0.02435,0.22119,0.73988,-0.37860,0.51021,-0.76966,-0.95471,-0.04855,
1403638573,4.20176,-1.47328,0.01960,0.23377,0.73616,-0.38937,0.50180,-0.75006,-0.99101,-0.05720,
1403638573,4.12957,-1.57577,0.01498,0.24220,0.73281,-0.39608,0.49744,-0.72888,-1.01601,-0.04700,
1403638573,4.05880,-1.68131,0.01463,0.24920,0.73245,-0.39871,0.49238,-0.70232,-1.06691,0.04575,
1403638573,3.99059,-1.78993,0.02340,0.25485,0.73457,-0.39796,0.48692,-0.66968,-1.08875,0.12759,
1403638573,3.92786,-1.90109,0.03913,0.25621,0.73644,-0.39751,0.48373,-0.60989,-1.11992,0.17710,
1403638573,3.86890,-2.01305,0.05474,0.25660,0.73886,-0.39650,0.48066,-0.56520,-1.13804,0.14752,
1403638573,3.81427,-2.12684,0.06497,0.25541,0.74101,-0.39503,0.47919,-0.51666,-1.15984,0.07894,
1403638573,3.76290,-2.24316,0.07125,0.25387,0.74193,-0.39326,0.48003,-0.46942,-1.17852,0.06534,
1403638573,3.71697,-2.36274,0.07791,0.25241,0.74301,-0.39121,0.48081,-0.42072,-1.21082,0.08114,
1403638573,3.67337,-2.48348,0.08613,0.25343,0.74397,-0.39154,0.47852,-0.38419,-1.22569,0.10499,
1403638574,3.63878,-2.60930,0.10108,0.25644,0.74383,-0.39152,0.47715,-0.31388,-1.26613,0.19543,
1403638574,3.60809,-2.73562,0.12464,0.25771,0.74350,-0.39184,0.47671,-0.26106,-1.28311,0.27134,
1403638574,3.58381,-2.86377,0.15312,0.26206,0.74286,-0.39366,0.47383,-0.19990,-1.30743,0.30000,
1403638574,3.56700,-2.99541,0.18444,0.27301,0.73576,-0.39759,0.47544,-0.15310,-1.30861,0.28618,
1403638574,3.55567,-3.12854,0.21178,0.28735,0.72322,-0.40603,0.47908,-0.09518,-1.31643,0.24084,
1403638574,3.54831,-3.26225,0.23214,0.29520,0.70478,-0.42389,0.48627,-0.07912,-1.28799,0.17255,
1403638574,3.54164,-3.39428,0.24471,0.30091,0.68301,-0.44646,0.49359,-0.09264,-1.26410,0.11068,
1403638574,3.53161,-3.52206,0.25304,0.30828,0.66161,-0.46974,0.49657,-0.14412,-1.22990,0.08561,
1403638574,3.51453,-3.64453,0.25743,0.31892,0.64560,-0.49073,0.49057,-0.20448,-1.19288,0.03833,
1403638574,3.49100,-3.76335,0.25788,0.33261,0.63348,-0.50890,0.47864,-0.26394,-1.15462,0.00353,
1403638575,3.46253,-3.88020,0.25552,0.34406,0.62205,-0.52574,0.46720,-0.31817,-1.11898,0.03857,
1403638575,3.43156,-3.99287,0.25922,0.35466,0.61230,-0.53619,0.46022,-0.36042,-1.09866,0.11140,
1403638575,3.39882,-4.10557,0.27119,0.36670,0.60929,-0.54034,0.44981,-0.36483,-1.06620,0.16091,
1403638575,3.36504,-4.21336,0.28856,0.37317,0.61143,-0.54314,0.43807,-0.35972,-1.04189,0.19485,
1403638575,3.33185,-4.31917,0.30262,0.37172,0.61366,-0.54780,0.43031,-0.35106,-1.02757,0.14755,
1403638575,3.29909,-4.42436,0.31392,0.36771,0.61454,-0.55145,0.42781,-0.33813,-1.01956,0.07812,
1403638575,3.26479,-4.52891,0.32078,0.36035,0.61199,-0.55609,0.43172,-0.34745,-1.02045,0.03108,
1403638575,3.22856,-4.63237,0.32187,0.35604,0.60983,-0.55784,0.43607,-0.37053,-1.02792,-0.00718,
1403638575,3.18891,-4.73867,0.31965,0.35245,0.61034,-0.55842,0.43753,-0.41081,-1.03484,-0.05131,
1403638575,3.14733,-4.84537,0.31207,0.34899,0.61548,-0.55810,0.43348,-0.43010,-1.04739,-0.09308,
1403638576,3.10177,-4.95737,0.30118,0.34740,0.62016,-0.55613,0.43062,-0.45562,-1.07507,-0.08626,
1403638576,3.05488,-5.07430,0.29392,0.34951,0.62689,-0.55178,0.42472,-0.47150,-1.12351,-0.02892,
1403638576,3.00687,-5.19271,0.29489,0.35187,0.63313,-0.54740,0.41915,-0.47483,-1.15760,0.06046,
1403638576,2.95966,-5.31374,0.30474,0.35250,0.63909,-0.54484,0.41286,-0.44604,-1.20109,0.14947,
1403638576,2.91665,-5.43795,0.32418,0.35150,0.64094,-0.54381,0.41221,-0.40745,-1.25842,0.24050,
1403638576,2.87710,-5.56791,0.35268,0.35156,0.64147,-0.54245,0.41312,-0.37420,-1.28960,0.32684,
1403638576,2.84042,-5.70292,0.38578,0.35222,0.64131,-0.54170,0.41379,-0.34894,-1.33009,0.37766,
1403638576,2.80689,-5.84321,0.42072,0.35463,0.64047,-0.54002,0.41522,-0.32313,-1.37184,0.33614,
1403638576,2.77590,-5.98680,0.44972,0.35934,0.64156,-0.53687,0.41358,-0.28648,-1.41306,0.27849,
1403638576,2.74950,-6.13398,0.47194,0.36266,0.64366,-0.53477,0.41011,-0.24149,-1.44232,0.21774,
1403638577,2.72781,-6.28282,0.48897,0.36799,0.64741,-0.53113,0.40415,-0.18838,-1.47720,0.16970,
1403638577,2.71350,-6.43415,0.50189,0.37157,0.65012,-0.52891,0.39941,-0.10954,-1.49714,0.11698,
1403638577,2.70785,-6.58706,0.51167,0.37494,0.64932,-0.52650,0.40075,-0.01963,-1.52489,0.09032,
1403638577,2.70963,-6.74096,0.51670,0.37998,0.64519,-0.52303,0.40716,0.05897,-1.52818,0.03978,
1403638577,2.71846,-6.89382,0.51666,0.38033,0.63949,-0.52314,0.41562,0.13016,-1.51067,-0.02043,
1403638577,2.73295,-7.04504,0.51397,0.37646,0.63457,-0.52602,0.42297,0.17483,-1.48106,-0.02492,
1403638577,2.75180,-7.19382,0.51676,0.37340,0.63073,-0.52860,0.42817,0.20627,-1.46802,0.05016,
1403638577,2.77349,-7.34100,0.52757,0.37124,0.62900,-0.53039,0.43037,0.23340,-1.44852,0.12017,
1403638577,2.79663,-7.48797,0.54389,0.37504,0.63146,-0.52752,0.42700,0.25674,-1.44503,0.21342,
1403638577,2.82251,-7.63196,0.56744,0.38102,0.63620,-0.52267,0.42058,0.28876,-1.42673,0.26192,
1403638578,2.85468,-7.77281,0.59338,0.38141,0.63687,-0.52211,0.41992,0.35612,-1.40869,0.23653,
1403638578,2.89178,-7.91111,0.61225,0.37854,0.63596,-0.52403,0.42149,0.39493,-1.36862,0.16561,
1403638578,2.93331,-8.04736,0.62455,0.37607,0.63570,-0.52554,0.42221,0.43065,-1.35680,0.09758,
1403638578,2.97889,-8.18226,0.62958,0.37368,0.63537,-0.52677,0.42331,0.46443,-1.34723,0.02407,
1403638578,3.02818,-8.31604,0.62954,0.37370,0.63554,-0.52608,0.42390,0.50112,-1.33417,0.00783,
1403638578,3.08037,-8.44909,0.63297,0.37459,0.63579,-0.52465,0.42449,0.54968,-1.33009,0.06450,
1403638578,3.13738,-8.58145,0.64180,0.37228,0.63414,-0.52543,0.42801,0.58101,-1.31540,0.13074,
1403638578,3.19670,-8.71224,0.65942,0.36446,0.62882,-0.53055,0.43620,0.60119,-1.32280,0.20681,
1403638578,3.25522,-8.84232,0.67959,0.35866,0.62528,-0.53444,0.44132,0.58078,-1.31132,0.19131,
1403638578,3.31186,-8.96999,0.69471,0.35872,0.62456,-0.53492,0.44171,0.55165,-1.28641,0.11944,
1403638579,3.36478,-9.09503,0.70347,0.35882,0.62389,-0.53547,0.44190,0.53235,-1.26240,0.06318,
1403638579,3.41580,-9.22025,0.70864,0.35996,0.62306,-0.53530,0.44235,0.50322,-1.23919,0.03419,
1403638579,3.46249,-9.34120,0.71054,0.36387,0.62462,-0.53296,0.43978,0.47067,-1.21433,0.00216,
1403638579,3.50925,-9.46285,0.70815,0.36892,0.62841,-0.52936,0.43448,0.48196,-1.19169,-0.03114,
1403638579,3.55445,-9.58015,0.70438,0.37294,0.62977,-0.52645,0.43262,0.49055,-1.17166,-0.03001,
1403638579,3.60557,-9.69663,0.70393,0.37478,0.63091,-0.52436,0.43191,0.51908,-1.16205,0.05215,
1403638579,3.65872,-9.81162,0.71565,0.37511,0.63132,-0.52330,0.43229,0.55147,-1.16173,0.16096,
1403638579,3.71511,-9.92328,0.72983,0.37497,0.63129,-0.52302,0.43280,0.57259,-1.09596,0.19439,
1403638579,3.77379,-10.03273,0.74874,0.37184,0.62971,-0.52460,0.43588,0.58970,-1.08618,0.20713,
1403638579,3.83127,-10.14049,0.76772,0.36426,0.62506,-0.52970,0.44275,0.58483,-1.06375,0.15793,
1403638580,3.88985,-10.24825,0.77787,0.35940,0.62185,-0.53187,0.44860,0.57172,-1.04353,0.10845,
1403638580,3.94728,-10.35410,0.78469,0.36145,0.61962,-0.52363,0.45961,0.55299,-1.01483,0.05958,
1403638580,4.00398,-10.45537,0.78899,0.36288,0.62555,-0.50751,0.46844,0.54520,-0.96048,0.00670,
1403638580,4.05920,-10.55030,0.78637,0.35653,0.64121,-0.48764,0.47323,0.53826,-0.89172,-0.06384,
1403638580,4.11422,-10.63954,0.77784,0.34225,0.66239,-0.46475,0.47762,0.54936,-0.84308,-0.10893,
1403638580,4.16931,-10.72456,0.76460,0.32616,0.68038,-0.43508,0.49133,0.56065,-0.78743,-0.12840,
1403638580,4.22500,-10.79977,0.75156,0.30973,0.69398,-0.39874,0.51329,0.55105,-0.68755,-0.15040,
1403638580,4.27764,-10.86554,0.73301,0.28650,0.71030,-0.36223,0.53121,0.52333,-0.58440,-0.21082,
1403638580,4.32921,-10.92028,0.71190,0.25785,0.72825,-0.33104,0.54183,0.48335,-0.49510,-0.27183,
1403638580,4.37519,-10.96979,0.68627,0.22781,0.74227,-0.31081,0.54821,0.41706,-0.44667,-0.30131,
1403638581,4.41592,-11.01686,0.65957,0.20674,0.75108,-0.29662,0.55240,0.37245,-0.41476,-0.30929,
1403638581,4.45184,-11.06230,0.63332,0.19074,0.75951,-0.28313,0.55372,0.32327,-0.38880,-0.30614,
1403638581,4.48493,-11.10735,0.61076,0.17724,0.77059,-0.26787,0.55048,0.28658,-0.37794,-0.23313,
1403638581,4.51337,-11.15204,0.59586,0.17019,0.77887,-0.25527,0.54703,0.23444,-0.36995,-0.14753,
1403638581,4.54115,-11.19780,0.59039,0.16621,0.78329,-0.24737,0.54556,0.23694,-0.37591,-0.02880,
1403638581,4.56906,-11.24231,0.59362,0.16211,0.78449,-0.24563,0.54586,0.22063,-0.37945,0.04793,
1403638581,4.59713,-11.28630,0.60402,0.16331,0.78503,-0.24403,0.54544,0.23684,-0.38704,0.12122,
1403638581,4.62693,-11.32936,0.61852,0.16634,0.78524,-0.24375,0.54434,0.22752,-0.37045,0.14216,
1403638581,4.65112,-11.36591,0.63112,0.17028,0.78487,-0.24445,0.54335,0.23162,-0.35417,0.13788,
1403638581,4.68264,-11.40461,0.64631,0.17405,0.78312,-0.24559,0.54417,0.24752,-0.32454,0.15940,
1403638582,4.70623,-11.43508,0.66552,0.17670,0.78179,-0.24786,0.54420,0.24531,-0.30088,0.21834,
1403638582,4.74258,-11.47254,0.68936,0.18097,0.77944,-0.24908,0.54560,0.26940,-0.29130,0.21754,
1403638582,4.77902,-11.50805,0.70826,0.18590,0.77480,-0.24900,0.55058,0.27922,-0.26417,0.14931,
1403638582,4.81192,-11.53960,0.71720,0.18767,0.77303,-0.25043,0.55180,0.27357,-0.22972,0.07912,
1403638582,4.84556,-11.57263,0.72402,0.19099,0.76629,-0.24990,0.56024,0.26400,-0.19640,0.04748,
1403638582,4.87573,-11.60073,0.72688,0.19330,0.76278,-0.24911,0.56458,0.23396,-0.15835,0.03218,
1403638582,4.90172,-11.62356,0.73298,0.19104,0.76903,-0.25149,0.55574,0.21990,-0.11678,0.12381,
1403638582,4.92575,-11.64157,0.74960,0.18798,0.77504,-0.25398,0.54724,0.21786,-0.09748,0.22773,
1403638582,4.94958,-11.65623,0.77944,0.19011,0.77362,-0.25220,0.54933,0.21701,-0.06792,0.35793,
1403638582,4.97233,-11.66837,0.81685,0.19174,0.77122,-0.25059,0.55286,0.20739,-0.04095,0.42484,
1403638583,4.99265,-11.67643,0.86248,0.19263,0.77022,-0.24943,0.55447,0.19387,-0.00373,0.53539,
1403638583,5.01191,-11.67646,0.91848,0.19326,0.77018,-0.24896,0.55452,0.18624,0.03989,0.61503,
1403638583,5.02809,-11.67842,0.97658,0.19199,0.77290,-0.24964,0.55086,0.17880,0.06652,0.68326,
1403638583,5.04698,-11.67097,1.04609,0.19148,0.77426,-0.25070,0.54865,0.17568,0.10368,0.69215,
1403638583,5.06587,-11.66014,1.11145,0.19110,0.77557,-0.25192,0.54636,0.18153,0.13816,0.62220,
1403638583,5.08049,-11.64963,1.15959,0.18980,0.77846,-0.25333,0.54204,0.16714,0.15593,0.53065,
1403638583,5.09854,-11.63417,1.20919,0.18924,0.78054,-0.25461,0.53863,0.17362,0.17887,0.45544,
1403638583,5.11322,-11.62155,1.24108,0.18796,0.78170,-0.25579,0.53683,0.19183,0.18791,0.38332,
1403638583,5.13380,-11.60264,1.27730,0.18838,0.78162,-0.25575,0.53682,0.20552,0.20195,0.32869,
1403638583,5.15417,-11.58341,1.30509,0.18795,0.78198,-0.25603,0.53630,0.21904,0.21070,0.31325,
1403638584,5.17673,-11.56348,1.33414,0.18752,0.78262,-0.25617,0.53546,0.23846,0.22604,0.37330,
1403638584,5.20101,-11.54177,1.37104,0.18820,0.78260,-0.25567,0.53550,0.24577,0.24775,0.44639,
1403638584,5.22577,-11.51745,1.41346,0.18932,0.78255,-0.25497,0.53551,0.25967,0.27151,0.44566,
1403638584,5.24415,-11.50113,1.43619,0.18933,0.78256,-0.25419,0.53586,0.26760,0.26992,0.36399,
1403638584,5.26895,-11.47667,1.47279,0.18891,0.78183,-0.25402,0.53715,0.27871,0.29184,0.29239,
1403638584,5.28622,-11.45425,1.48241,0.18951,0.78121,-0.25318,0.53823,0.27750,0.30484,0.23395,
1403638584,5.31436,-11.42169,1.50720,0.19415,0.77436,-0.24981,0.54797,0.28583,0.33469,0.20758,
1403638584,5.33743,-11.38508,1.52325,0.19858,0.76475,-0.24606,0.56141,0.26986,0.37056,0.15693,
1403638584,5.35470,-11.34895,1.52063,0.19983,0.75899,-0.24474,0.56931,0.22291,0.42581,0.07194,
1403638584,5.36944,-11.30587,1.51528,0.19947,0.75799,-0.24484,0.57071,0.16747,0.48243,0.00856,
1403638585,5.37975,-11.25595,1.50831,0.19880,0.75738,-0.24529,0.57156,0.12287,0.54332,0.02031,
1403638585,5.38400,-11.20151,1.51677,0.19816,0.75876,-0.24496,0.57009,0.07602,0.59940,0.11339,
1403638585,5.38785,-11.13715,1.52749,0.19583,0.76238,-0.24617,0.56553,0.02963,0.66377,0.17485,
1403638585,5.38316,-11.06896,1.53956,0.19079,0.77028,-0.24957,0.55496,-0.00183,0.70708,0.21124,
1403638585,5.38607,-10.99346,1.55822,0.18559,0.77622,-0.25375,0.54649,-0.00155,0.72284,0.19435,
1403638585,5.38497,-10.91923,1.56483,0.18380,0.77883,-0.25509,0.54274,0.01040,0.73035,0.12404,
1403638585,5.38375,-10.84801,1.56766,0.18247,0.77890,-0.25630,0.54252,0.00878,0.74031,0.05900,
1403638585,5.38608,-10.77364,1.57048,0.18250,0.77780,-0.25653,0.54398,0.01573,0.73855,0.01799,
1403638585,5.38784,-10.70302,1.56434,0.18375,0.77546,-0.25532,0.54746,0.01411,0.74868,-0.03552,
1403638585,5.38856,-10.62824,1.55715,0.18363,0.77488,-0.25511,0.54842,0.00634,0.74845,-0.06709,
1403638586,5.39321,-10.55732,1.55025,0.18403,0.77584,-0.25494,0.54700,0.03761,0.74920,0.01284,
1403638586,5.39710,-10.48249,1.55401,0.18316,0.77785,-0.25518,0.54431,0.03084,0.73886,0.08996,
1403638586,5.40233,-10.41002,1.56314,0.18182,0.78178,-0.25607,0.53869,0.04365,0.74942,0.15331,
1403638586,5.40722,-10.33557,1.58161,0.17885,0.78635,-0.25831,0.53192,0.09484,0.71602,0.23583,
1403638586,5.41445,-10.26557,1.60677,0.17570,0.78850,-0.26106,0.52845,0.11868,0.70071,0.31285,
1403638586,5.42420,-10.19597,1.63869,0.17602,0.78564,-0.26155,0.53233,0.14449,0.67219,0.33746,
1403638586,5.43830,-10.12608,1.66617,0.17854,0.78185,-0.26124,0.53720,0.15430,0.66456,0.27045,
1403638586,5.44761,-10.05697,1.68427,0.18053,0.77928,-0.26035,0.54069,0.14312,0.65794,0.20938,
1403638586,5.46146,-9.98944,1.69990,0.18407,0.77610,-0.25852,0.54494,0.13436,0.65623,0.15433,
1403638586,5.47318,-9.92099,1.70695,0.19210,0.77335,-0.25370,0.54833,0.12664,0.67136,0.10654,
1403638587,5.48686,-9.85146,1.71415,0.19880,0.77248,-0.24951,0.54909,0.12162,0.70624,0.04950,
1403638587,5.49580,-9.77841,1.71088,0.19630,0.77285,-0.25133,0.54863,0.10980,0.73963,-0.02090,
1403638587,5.50736,-9.70335,1.70708,0.19282,0.77278,-0.25390,0.54879,0.11117,0.76428,-0.08164,
1403638587,5.51878,-9.62546,1.69765,0.18977,0.77188,-0.25587,0.55021,0.10653,0.78651,-0.13518,
1403638587,5.52882,-9.54445,1.67967,0.18982,0.77109,-0.25540,0.55150,0.08256,0.80719,-0.19108,
1403638587,5.53882,-9.46236,1.66074,0.18908,0.77091,-0.25570,0.55187,0.07665,0.82335,-0.21265,
1403638587,5.54665,-9.37829,1.64055,0.18842,0.77089,-0.25638,0.55181,0.07569,0.83208,-0.15924,
1403638587,5.55405,-9.29407,1.63119,0.18813,0.77321,-0.25585,0.54891,0.06391,0.85474,-0.04888,
1403638587,5.56097,-9.20890,1.62550,0.18784,0.77463,-0.25655,0.54667,0.05656,0.86887,0.00973,
1403638587,5.56636,-9.12293,1.62851,0.18637,0.77528,-0.25751,0.54580,0.04982,0.87241,0.03377,
1403638588,5.57455,-9.03665,1.62879,0.18527,0.77494,-0.25858,0.54615,0.05474,0.87623,-0.00396,
1403638588,5.58148,-8.94896,1.62701,0.18433,0.77491,-0.25985,0.54591,0.05659,0.87139,-0.06164,
1403638588,5.58836,-8.86483,1.61911,0.18468,0.77476,-0.25985,0.54600,0.05412,0.86991,-0.10944,
1403638588,5.59614,-8.77768,1.60669,0.18400,0.77430,-0.26108,0.54630,0.05874,0.86675,-0.15037,
1403638588,5.60774,-8.69572,1.58908,0.18371,0.77400,-0.26149,0.54662,0.05666,0.85745,-0.18869,
1403638588,5.61517,-8.60995,1.56827,0.18364,0.77336,-0.26159,0.54750,0.05403,0.85408,-0.21370,
1403638588,5.62239,-8.52975,1.54564,0.18685,0.77384,-0.25935,0.54681,0.04578,0.83958,-0.25030,
1403638588,5.62841,-8.44492,1.51915,0.19321,0.77492,-0.25472,0.54524,0.04064,0.86692,-0.25967,
1403638588,5.63454,-8.36146,1.49861,0.19382,0.77564,-0.25379,0.54444,0.06840,0.87667,-0.18749,
1403638588,5.64165,-8.27249,1.48384,0.19371,0.77554,-0.25366,0.54467,0.07877,0.89354,-0.10489,
1403638589,5.64869,-8.18539,1.47641,0.19144,0.77521,-0.25511,0.54527,0.05682,0.92676,-0.03056,
1403638589,5.65474,-8.09290,1.47831,0.18916,0.77455,-0.25629,0.54645,0.04044,0.95234,0.04728,
1403638589,5.65835,-8.00178,1.48820,0.18644,0.77280,-0.25810,0.54900,0.03360,0.96498,0.09664,
1403638589,5.66432,-7.90665,1.49835,0.18569,0.77219,-0.25883,0.54977,0.02706,0.96453,0.05080,
1403638589,5.66883,-7.81557,1.50093,0.18439,0.77188,-0.26015,0.55002,0.01984,0.95864,-0.01229,
1403638589,5.66970,-7.72071,1.49572,0.18427,0.77182,-0.26079,0.54984,0.00192,0.96008,-0.09234,
1403638589,5.67261,-7.63092,1.48384,0.18569,0.77195,-0.26031,0.54942,0.00285,0.95407,-0.14058,
1403638589,5.67401,-7.53424,1.46987,0.18585,0.77164,-0.26022,0.54984,-0.00740,0.95793,-0.17933,
1403638589,5.67637,-7.44293,1.45201,0.18599,0.77089,-0.26043,0.55074,-0.00889,0.94552,-0.19328,
1403638589,5.67551,-7.34633,1.43709,0.18541,0.77092,-0.26067,0.55077,-0.03535,0.96296,-0.15538,
1403638590,5.67668,-7.25464,1.42578,0.18517,0.77117,-0.26079,0.55044,-0.04389,0.95787,-0.08892,
1403638590,5.67237,-7.15869,1.42458,0.18556,0.77099,-0.26054,0.55070,-0.04700,0.96602,-0.00505,
1403638590,5.66992,-7.06888,1.42893,0.18471,0.77264,-0.26133,0.54829,-0.05413,0.95467,0.07595,
1403638590,5.66505,-6.97286,1.43806,0.18437,0.77345,-0.26230,0.54679,-0.07433,0.95039,0.05591,
1403638590,5.66327,-6.88105,1.44157,0.18556,0.77387,-0.26242,0.54574,-0.06425,0.94950,-0.00139,
1403638590,5.65779,-6.78554,1.44036,0.18460,0.77339,-0.26394,0.54601,-0.07080,0.95100,-0.04952,
1403638590,5.65455,-6.69576,1.43341,0.18521,0.77277,-0.26426,0.54652,-0.06411,0.93690,-0.08917,
1403638590,5.64893,-6.60127,1.42303,0.18578,0.77194,-0.26446,0.54740,-0.06852,0.93248,-0.13792,
1403638590,5.64641,-6.51205,1.40909,0.18591,0.77158,-0.26473,0.54774,-0.07187,0.92608,-0.16981,
1403638590,5.63887,-6.41871,1.39159,0.18636,0.77259,-0.26501,0.54602,-0.07975,0.92436,-0.18398,
1403638591,5.63200,-6.32910,1.37296,0.18530,0.77260,-0.26587,0.54595,-0.08922,0.92620,-0.17875,
1403638591,5.62182,-6.23719,1.36010,0.18437,0.77462,-0.26640,0.54314,-0.08108,0.90829,-0.09180,
1403638591,5.61484,-6.15068,1.35639,0.18219,0.77562,-0.26779,0.54176,-0.07356,0.88671,0.00681,
1403638591,5.60699,-6.06175,1.35889,0.18233,0.77668,-0.26761,0.54028,-0.06264,0.86072,0.06636,
1403638591,5.60132,-5.98081,1.36856,0.18140,0.77726,-0.26823,0.53946,-0.05506,0.83955,0.14526,
1403638591,5.59249,-5.89386,1.38531,0.18031,0.77801,-0.26954,0.53809,-0.07165,0.83321,0.17532,
1403638591,5.58451,-5.81227,1.39994,0.17951,0.78079,-0.27019,0.53399,-0.06564,0.81560,0.11767,
1403638591,5.57937,-5.73146,1.40683,0.17764,0.78579,-0.27200,0.52631,-0.04543,0.78759,0.03954,
1403638591,5.57708,-5.65889,1.40724,0.17397,0.79153,-0.27456,0.51753,0.00125,0.73954,-0.00107,
1403638591,5.58152,-5.59062,1.40501,0.17128,0.79474,-0.27679,0.51229,0.06068,0.68573,-0.05289,
1403638592,5.59041,-5.52770,1.39722,0.16818,0.79727,-0.27917,0.50808,0.11866,0.62478,-0.11180,
1403638592,5.60446,-5.47216,1.38403,0.16597,0.79929,-0.28062,0.50481,0.18102,0.55373,-0.15591,
1403638592,5.62449,-5.42287,1.36874,0.16582,0.79809,-0.28121,0.50644,0.24028,0.47388,-0.15717,
1403638592,5.65095,-5.37965,1.35397,0.16744,0.79565,-0.28001,0.51039,0.28890,0.40472,-0.15059,
1403638592,5.68229,-5.34483,1.34289,0.16887,0.79296,-0.27854,0.51490,0.33919,0.33749,-0.07066,
1403638592,5.71943,-5.31594,1.34205,0.16955,0.79028,-0.27789,0.51913,0.39965,0.27444,0.02340,
1403638592,5.76106,-5.29324,1.34843,0.16986,0.78869,-0.27641,0.52221,0.44719,0.21465,0.10421,
1403638592,5.80573,-5.27484,1.36483,0.16619,0.78407,-0.27292,0.53210,0.46285,0.17430,0.23068,
1403638592,5.85296,-5.25989,1.39224,0.15966,0.77950,-0.26605,0.54416,0.46495,0.14306,0.31002,
1403638592,5.89854,-5.24785,1.42704,0.14895,0.77937,-0.25428,0.55294,0.44003,0.11592,0.38488,
1403638593,5.93897,-5.23930,1.46741,0.13865,0.78491,-0.23988,0.55422,0.40211,0.06425,0.44146,
1403638593,5.97609,-5.23435,1.51342,0.13191,0.79263,-0.22691,0.55032,0.37668,0.02828,0.49855,
1403638593,6.01203,-5.23332,1.56231,0.12622,0.80002,-0.21777,0.54463,0.36792,-0.00762,0.47164,
1403638593,6.04915,-5.23643,1.60595,0.12101,0.80651,-0.21249,0.53829,0.37850,-0.04941,0.41460,
1403638593,6.08670,-5.24284,1.64417,0.11920,0.81000,-0.20846,0.53501,0.39110,-0.09054,0.35974,
1403638593,6.12707,-5.25389,1.67671,0.11832,0.81140,-0.20618,0.53397,0.42861,-0.13661,0.30679,
1403638593,6.17042,-5.27046,1.70587,0.11791,0.81145,-0.20510,0.53439,0.46608,-0.17783,0.31213,
1403638593,6.21729,-5.29197,1.73982,0.12098,0.80806,-0.20296,0.53964,0.49634,-0.22799,0.37250,
1403638593,6.26811,-5.31547,1.77887,0.12927,0.80554,-0.19832,0.54320,0.52678,-0.25061,0.42436,
1403638593,6.31908,-5.34070,1.81952,0.13947,0.80107,-0.19274,0.54926,0.51688,-0.24085,0.38437,
1403638594,6.36998,-5.36455,1.85550,0.14485,0.79732,-0.19076,0.55400,0.52921,-0.22124,0.32743,
1403638594,6.41988,-5.38551,1.88411,0.14786,0.79523,-0.19036,0.55634,0.52022,-0.18933,0.24889,
1403638594,6.47105,-5.40224,1.90742,0.14984,0.79319,-0.19001,0.55884,0.51250,-0.14491,0.18792,
1403638594,6.52253,-5.41480,1.92828,0.14903,0.78679,-0.19086,0.56774,0.50414,-0.08897,0.21685,
1403638594,6.56788,-5.42256,1.95270,0.14367,0.77746,-0.18835,0.58261,0.44497,-0.04117,0.24952,
1403638594,6.60819,-5.42561,1.97970,0.13582,0.77986,-0.18558,0.58218,0.37594,0.00171,0.27610,
1403638594,6.64106,-5.42593,2.01193,0.13012,0.78568,-0.18269,0.57654,0.29567,0.03043,0.31958,
1403638594,6.67154,-5.42417,2.04569,0.12992,0.79054,-0.17780,0.57145,0.26553,0.03798,0.29984,
1403638594,6.69788,-5.42052,2.07584,0.13019,0.79084,-0.17357,0.57227,0.22866,0.05653,0.27554,
1403638594,6.72284,-5.41513,2.10787,0.13463,0.78952,-0.16719,0.57497,0.21041,0.08526,0.31112,
1403638595,6.74382,-5.40453,2.14461,0.13315,0.78924,-0.16597,0.57605,0.15485,0.14647,0.37610,
1403638595,6.76452,-5.39073,2.18955,0.12737,0.78973,-0.16843,0.57597,0.13781,0.17474,0.43911,
1403638595,6.77960,-5.37420,2.23376,0.12358,0.79020,-0.17142,0.57526,0.11207,0.18150,0.39930,
1403638595,6.79695,-5.35655,2.27410,0.12212,0.79054,-0.17320,0.57457,0.09023,0.19452,0.33598,
1403638595,6.80730,-5.33718,2.30720,0.12194,0.79144,-0.17425,0.57305,0.05264,0.20466,0.25387,
1403638595,6.81632,-5.31598,2.33358,0.12123,0.79296,-0.17603,0.57056,0.03490,0.21505,0.19963,
1403638595,6.82678,-5.29555,2.35454,0.12098,0.79396,-0.17727,0.56883,0.01864,0.21370,0.13669,
1403638595,6.83240,-5.27396,2.36778,0.12179,0.79444,-0.17769,0.56786,0.00015,0.21200,0.06453,
1403638595,6.83732,-5.25222,2.37599,0.12222,0.79458,-0.17799,0.56747,-0.00730,0.21652,0.01820,
1403638595,6.84079,-5.23039,2.37902,0.12186,0.79448,-0.17890,0.56741,-0.01841,0.21592,-0.02547,
1403638596,6.84262,-5.20836,2.37788,0.12188,0.79515,-0.17897,0.56644,-0.03465,0.21890,-0.05658,
1403638596,6.84254,-5.18585,2.37803,0.12242,0.79586,-0.17830,0.56553,-0.03872,0.21936,0.01781,
1403638596,6.84542,-5.16253,2.38654,0.12667,0.79665,-0.17529,0.56443,-0.06099,0.23405,0.06006,
1403638596,6.84189,-5.13850,2.39323,0.12932,0.79752,-0.17378,0.56306,-0.06853,0.25466,0.02267,
1403638596,6.83869,-5.11423,2.39132,0.13047,0.79732,-0.17330,0.56323,-0.06367,0.26264,-0.13075,
1403638596,6.83637,-5.08819,2.37670,0.13445,0.79719,-0.17069,0.56328,-0.05469,0.27959,-0.21627,
1403638596,6.83442,-5.05890,2.35729,0.14459,0.79857,-0.16379,0.56084,-0.05496,0.32267,-0.22366,
1403638596,6.83420,-5.02420,2.34169,0.15632,0.80083,-0.15518,0.55691,-0.05277,0.39242,-0.16545,
1403638596,6.83827,-4.98058,2.33595,0.16717,0.80227,-0.14714,0.55387,-0.00083,0.47829,-0.07402,
1403638596,6.84148,-4.92760,2.33554,0.17384,0.80233,-0.14162,0.55317,0.02240,0.60439,0.02009,
1403638597,6.85194,-4.86327,2.34613,0.18047,0.80232,-0.13606,0.55245,0.08340,0.71977,0.11311,
1403638597,6.86317,-4.78651,2.36260,0.18763,0.80289,-0.13015,0.55065,0.13187,0.86616,0.18851,
1403638597,6.87864,-4.69478,2.38593,0.19373,0.80358,-0.12523,0.54868,0.19197,1.02339,0.26958,
1403638597,6.90393,-4.58654,2.41855,0.19780,0.80329,-0.12179,0.54842,0.24859,1.18483,0.34451,
1403638597,6.92767,-4.46073,2.45380,0.20014,0.80219,-0.11976,0.54963,0.28805,1.35138,0.36854,
1403638597,6.95867,-4.32099,2.48773,0.20175,0.80110,-0.11963,0.55066,0.33094,1.49411,0.29324,
1403638597,6.99470,-4.16704,2.51541,0.20436,0.79941,-0.11865,0.55235,0.37194,1.63231,0.23687,
1403638597,7.03379,-3.99632,2.53693,0.20477,0.79718,-0.11988,0.55517,0.41495,1.80149,0.17649,
1403638597,7.07779,-3.80896,2.55305,0.20117,0.79504,-0.12351,0.55874,0.42934,1.94437,0.10907,
1403638597,7.12700,-3.60713,2.56481,0.19519,0.79290,-0.12902,0.56264,0.45830,2.08597,0.06766,
1403638598,7.17598,-3.39465,2.57311,0.18337,0.78821,-0.13810,0.57098,0.45870,2.19895,0.02342,
1403638598,7.22111,-3.17373,2.57436,0.17422,0.78455,-0.14542,0.57705,0.43341,2.26984,-0.02298,
1403638598,7.26413,-2.94506,2.57010,0.17379,0.78364,-0.14591,0.57828,0.40800,2.33227,-0.06510,
1403638598,7.30518,-2.70921,2.56006,0.17891,0.78637,-0.13614,0.57539,0.38958,2.42030,-0.11577,
1403638598,7.34533,-2.46386,2.54636,0.18288,0.78930,-0.12468,0.57272,0.36758,2.51153,-0.13287,
1403638598,7.38637,-2.20707,2.53599,0.18058,0.79048,-0.11806,0.57323,0.37804,2.62249,-0.09310,
1403638598,7.42683,-1.93819,2.53392,0.16513,0.79094,-0.12188,0.57645,0.34362,2.74367,-0.01946,
1403638598,7.46270,-1.66101,2.53760,0.14426,0.79177,-0.13137,0.57882,0.31389,2.80551,0.03067,
1403638598,7.49586,-1.38147,2.54235,0.12972,0.79418,-0.13845,0.57731,0.28957,2.80726,0.01481,
1403638598,7.52774,-1.10381,2.54171,0.12240,0.79617,-0.14177,0.57535,0.26957,2.79733,-0.04243,
1403638599,7.55764,-0.82710,2.53452,0.11841,0.79796,-0.14147,0.57379,0.24911,2.78405,-0.10304,
1403638599,7.58450,-0.55319,2.51774,0.11346,0.80141,-0.13630,0.57121,0.22846,2.76185,-0.16608,
1403638599,7.61074,-0.28265,2.49956,0.10712,0.80356,-0.12586,0.57182,0.21819,2.72676,-0.18085,
1403638599,7.63536,-0.01343,2.48580,0.09814,0.80507,-0.11305,0.57397,0.21709,2.71264,-0.11329,
1403638599,7.65610,0.25288,2.47672,0.08872,0.80793,-0.09737,0.57437,0.17752,2.67777,-0.06085,
1403638599,7.67468,0.51853,2.47037,0.07604,0.80997,-0.08161,0.57577,0.17156,2.66078,0.01191,
1403638599,7.69126,0.78281,2.47174,0.06525,0.81145,-0.06339,0.57730,0.14338,2.65803,0.06820,
1403638599,7.70400,1.04619,2.47769,0.05387,0.81333,-0.04482,0.57757,0.12006,2.63932,0.11118,
1403638599,7.71517,1.30902,2.49019,0.04078,0.81569,-0.02668,0.57643,0.09522,2.63573,0.19809,
1403638599,7.72196,1.57083,2.51000,0.03151,0.81881,-0.01018,0.57311,0.07282,2.60996,0.24471,
1403638600,7.72977,1.83093,2.53105,0.02466,0.82119,0.00071,0.57012,0.06603,2.58180,0.21688,
1403638600,7.73596,2.08786,2.54500,0.01881,0.82291,0.00591,0.56783,0.05488,2.56063,0.12592,
1403638600,7.74214,2.34128,2.54905,0.01664,0.82410,0.00907,0.56613,0.05183,2.53740,0.03533,
1403638600,7.75292,2.59356,2.54496,0.01566,0.82469,0.00818,0.56532,0.08936,2.51538,-0.02966,
1403638600,7.76555,2.84268,2.53535,0.01296,0.82571,0.00426,0.56393,0.10744,2.48644,-0.07167,
1403638600,7.78000,3.09046,2.51977,0.00806,0.82483,-0.00229,0.56532,0.14204,2.46124,-0.12253,
1403638600,7.80015,3.33244,2.50199,-0.00019,0.82669,-0.01180,0.56253,0.16849,2.40871,-0.15715,
1403638600,7.82376,3.56780,2.48357,-0.01214,0.82928,-0.02363,0.55820,0.18168,2.32277,-0.20414,
1403638600,7.85197,3.79418,2.46353,-0.02097,0.83088,-0.03339,0.55505,0.23452,2.21713,-0.21026,
1403638600,7.88336,4.00942,2.44607,-0.02879,0.83201,-0.04186,0.55243,0.27267,2.08713,-0.15454,
1403638601,7.91868,4.20897,2.43669,-0.02995,0.83273,-0.04471,0.55106,0.32702,1.93044,-0.05195,
1403638601,7.95730,4.39777,2.43423,-0.02938,0.83407,-0.04616,0.54894,0.36399,1.79443,0.03488,
1403638601,7.99965,4.57334,2.43819,-0.02982,0.83621,-0.04752,0.54553,0.41687,1.65586,0.09159,
1403638601,8.04749,4.73504,2.44817,-0.02623,0.84025,-0.04463,0.53972,0.48866,1.51500,0.15996,
1403638601,8.10063,4.88260,2.46103,-0.01062,0.84371,-0.03233,0.53571,0.54215,1.41317,0.11760,
1403638601,8.16221,5.02102,2.46769,0.00292,0.84477,-0.02143,0.53469,0.61887,1.36196,0.05485,
1403638601,8.23232,5.15344,2.46957,0.00960,0.84367,-0.01567,0.53654,0.68595,1.31929,0.00895,
1403638601,8.30564,5.28231,2.46928,0.01844,0.84082,-0.00830,0.54094,0.75955,1.29420,-0.02834,
1403638601,8.38519,5.41007,2.46602,0.02487,0.83354,-0.00150,0.55190,0.81996,1.31260,-0.03588,
1403638601,8.46841,5.54378,2.46493,0.01455,0.82917,0.00118,0.55880,0.85109,1.33852,0.00439,
1403638602,8.55425,5.67790,2.47152,0.00292,0.82511,0.01100,0.56485,0.86120,1.34632,0.07909,
1403638602,8.64237,5.81091,2.48307,-0.00805,0.82204,0.02809,0.56868,0.86808,1.34130,0.12858,
1403638602,8.72827,5.94566,2.50063,-0.02009,0.81982,0.05129,0.56997,0.84768,1.35094,0.18798,
1403638602,8.81262,6.07927,2.52512,-0.03352,0.81589,0.07917,0.57178,0.81756,1.37738,0.26179,
1403638602,8.89200,6.21454,2.55465,-0.04764,0.81180,0.10694,0.57208,0.78390,1.38091,0.27585,
1403638602,8.96734,6.35122,2.58079,-0.06067,0.80973,0.12718,0.56964,0.75714,1.38308,0.22196,
1403638602,9.03908,6.48830,2.60029,-0.06888,0.80683,0.14263,0.56915,0.72221,1.38750,0.15242,
1403638602,9.10708,6.62703,2.61428,-0.07435,0.80073,0.15956,0.57258,0.67483,1.42044,0.10058,
1403638602,9.16983,6.77035,2.62474,-0.08760,0.79233,0.17578,0.57762,0.61502,1.45445,0.10064,
1403638602,9.22691,6.91653,2.64031,-0.11953,0.77666,0.18377,0.59054,0.52930,1.47040,0.22274,
1403638603,9.27272,7.05968,2.66742,-0.15482,0.75307,0.18950,0.61074,0.41677,1.40093,0.30085,
1403638603,9.30826,7.19200,2.70063,-0.18389,0.73620,0.19794,0.62049,0.26106,1.25816,0.35052,
1403638603,9.33008,7.30855,2.73475,-0.19895,0.73025,0.21512,0.61715,0.09595,1.08548,0.39653,
1403638603,9.33252,7.40843,2.77699,-0.20725,0.72688,0.23646,0.61056,-0.06883,0.92783,0.43008,
1403638603,9.32158,7.49509,2.82219,-0.22150,0.72565,0.25460,0.59963,-0.20800,0.79435,0.46223,
1403638603,9.30203,7.57208,2.86839,-0.24353,0.72465,0.26817,0.58622,-0.29623,0.66883,0.43866,
1403638603,9.27350,7.63596,2.90958,-0.26038,0.71719,0.28237,0.58147,-0.35968,0.51910,0.36936,
1403638603,9.23696,7.68556,2.93972,-0.26495,0.71690,0.29821,0.57177,-0.42923,0.37137,0.23883,
1403638603,9.19331,7.72161,2.95878,-0.25914,0.72918,0.31454,0.54974,-0.47761,0.25428,0.14348,
1403638603,9.14605,7.75038,2.97153,-0.25352,0.74040,0.32513,0.53087,-0.48431,0.19422,0.08139,
1403638604,9.09967,7.77387,2.98074,-0.25157,0.74426,0.33000,0.52335,-0.47648,0.17422,0.06002,
1403638604,9.05463,7.79499,2.98690,-0.25562,0.73853,0.33199,0.52822,-0.46462,0.14305,0.01242,
1403638604,9.01005,7.81119,2.98724,-0.25224,0.73048,0.33667,0.53799,-0.47207,0.09770,-0.06271,
1403638604,8.96244,7.82144,2.98169,-0.24567,0.72283,0.34192,0.54795,-0.50843,0.06002,-0.11942,
1403638604,8.90870,7.82700,2.96998,-0.23864,0.71574,0.34666,0.55731,-0.58021,0.03336,-0.17574,
1403638604,8.84589,7.83062,2.95021,-0.23299,0.71070,0.34937,0.56442,-0.67401,0.00557,-0.22161,
1403638604,8.77418,7.83120,2.93215,-0.22934,0.70760,0.35135,0.56856,-0.77332,0.01430,-0.16967,
1403638604,8.69198,7.83081,2.91896,-0.23251,0.70892,0.34980,0.56657,-0.89210,-0.00920,-0.08476,
1403638604,8.59805,7.82701,2.91579,-0.23925,0.71540,0.34571,0.55807,-0.99407,-0.04335,-0.02161,
1403638604,8.49652,7.81692,2.91705,-0.24174,0.72344,0.34441,0.54734,-1.05644,-0.08736,0.03186,
1403638605,8.39041,7.80452,2.92430,-0.23906,0.73061,0.34637,0.53767,-1.08541,-0.10057,0.09001,
1403638605,8.28172,7.79052,2.92984,-0.23827,0.73368,0.34711,0.53334,-1.10625,-0.11815,0.03729,
1403638605,8.17107,7.77604,2.92981,-0.24252,0.73628,0.34419,0.52973,-1.11523,-0.13069,-0.00972,
1403638605,8.05949,7.75868,2.92846,-0.24591,0.73859,0.34166,0.52658,-1.10996,-0.15663,-0.01324,
1403638605,7.94863,7.73854,2.92893,-0.24454,0.74271,0.34251,0.52084,-1.10313,-0.18045,0.02106,
1403638605,7.83821,7.71604,2.93512,-0.24196,0.74987,0.34446,0.51039,-1.08402,-0.19032,0.10493,
1403638605,7.73117,7.69290,2.94978,-0.23948,0.75522,0.34642,0.50227,-1.04493,-0.18700,0.18824,
1403638605,7.63129,7.67535,2.97047,-0.23657,0.75714,0.34863,0.49923,-0.96824,-0.13854,0.20091,
1403638605,7.53706,7.66273,2.98864,-0.23182,0.75615,0.35220,0.50046,-0.90555,-0.09724,0.17648,
1403638605,7.44647,7.65470,3.00175,-0.22486,0.74859,0.35757,0.51108,-0.87853,-0.04965,0.13008,
1403638606,7.35699,7.65101,3.01004,-0.21858,0.73840,0.36253,0.52494,-0.89259,-0.01408,0.07198,
1403638606,7.26511,7.65115,3.01265,-0.21226,0.73095,0.36737,0.53450,-0.93118,0.02638,0.01862,
1403638606,7.16793,7.65470,3.01454,-0.20946,0.72758,0.36978,0.53853,-0.99286,0.06479,0.04373,
1403638606,7.06337,7.66256,3.02386,-0.20808,0.72802,0.37084,0.53774,-1.07585,0.11950,0.13915,
1403638606,6.95433,7.67837,3.04011,-0.20526,0.72748,0.37241,0.53847,-1.11024,0.20744,0.21030,
1403638606,6.83846,7.69880,3.05934,-0.20129,0.72673,0.37425,0.53971,-1.18332,0.25775,0.19163,
1403638606,6.71558,7.72651,3.07465,-0.19834,0.72683,0.37519,0.54002,-1.25798,0.31420,0.11491,
1403638606,6.58531,7.75660,3.08100,-0.19536,0.72688,0.37670,0.53998,-1.33359,0.36181,0.03858,
1403638606,6.44899,7.79582,3.08157,-0.19669,0.73078,0.37462,0.53566,-1.40117,0.42688,-0.05633,
1403638606,6.30707,7.83684,3.07364,-0.20415,0.74078,0.36856,0.52319,-1.43874,0.48007,-0.10904,
1403638607,6.16402,7.88206,3.06175,-0.21324,0.75111,0.36149,0.50960,-1.42919,0.52677,-0.16605,
1403638607,6.02343,7.93533,3.04438,-0.21920,0.75708,0.36001,0.49918,-1.39785,0.59052,-0.21183,
1403638607,5.88790,7.99781,3.02140,-0.22354,0.75866,0.36638,0.49013,-1.34753,0.65094,-0.24726,
1403638607,5.75691,8.06533,2.99470,-0.23038,0.75635,0.37752,0.48202,-1.29480,0.71926,-0.26430,
1403638607,5.63180,8.14064,2.96948,-0.24027,0.75070,0.39176,0.47460,-1.21586,0.80858,-0.21378,
1403638607,5.51452,8.22386,2.95045,-0.25376,0.74276,0.40677,0.46738,-1.14029,0.88170,-0.10642,
1403638607,5.40508,8.31316,2.94221,-0.27065,0.73543,0.41647,0.46093,-1.05517,0.93834,-0.02184,
1403638607,5.30205,8.40819,2.94012,-0.28494,0.72300,0.42283,0.46615,-0.98736,0.96931,-0.02006,
1403638607,5.20572,8.50584,2.93300,-0.29758,0.71127,0.42526,0.47402,-0.92887,0.97629,-0.08939,
1403638607,5.11289,8.60377,2.91680,-0.30665,0.70473,0.42603,0.47730,-0.89073,0.97368,-0.17784,
1403638608,5.02577,8.69945,2.89153,-0.31098,0.70375,0.42667,0.47537,-0.85273,0.93431,-0.26550,
1403638608,4.94283,8.79130,2.86156,-0.31222,0.70240,0.42797,0.47539,-0.81325,0.90985,-0.29812,
1403638608,4.86379,8.88135,2.82983,-0.31184,0.69996,0.42837,0.47887,-0.75914,0.89071,-0.33000,
1403638608,4.78828,8.96731,2.79418,-0.31122,0.70046,0.42800,0.47887,-0.73281,0.86137,-0.37177,
1403638608,4.71891,9.05087,2.75420,-0.31375,0.70455,0.42445,0.47435,-0.69258,0.84332,-0.41779,
1403638608,4.65380,9.13252,2.71074,-0.31599,0.70609,0.42079,0.47384,-0.62648,0.82143,-0.45039,
1403638608,4.59395,9.21204,2.66392,-0.31427,0.70343,0.41984,0.47975,-0.57540,0.78706,-0.49438,
1403638608,4.53696,9.28963,2.61258,-0.31039,0.69951,0.42041,0.48744,-0.54925,0.74748,-0.54416,
1403638608,4.48268,9.36320,2.55616,-0.31016,0.69453,0.41898,0.49586,-0.53437,0.70742,-0.58058,
1403638608,4.42829,9.43270,2.49557,-0.31039,0.69101,0.41816,0.50131,-0.54306,0.66189,-0.65955,
1403638609,4.37475,9.49818,2.42803,-0.30873,0.69288,0.41880,0.49920,-0.53888,0.60998,-0.70334,
1403638609,4.31986,9.55932,2.36001,-0.31057,0.69203,0.41647,0.50119,-0.53923,0.56512,-0.66576,
1403638609,4.26483,9.61414,2.29755,-0.31413,0.68927,0.41413,0.50470,-0.55279,0.48652,-0.61746,
1403638609,4.21002,9.66177,2.23840,-0.31238,0.69206,0.41546,0.50087,-0.55802,0.43105,-0.56702,
1403638609,4.15946,9.70490,2.18447,-0.31076,0.69598,0.41671,0.49537,-0.55418,0.36960,-0.48081,
1403638609,4.10755,9.74377,2.13905,-0.31085,0.69977,0.41665,0.49000,-0.52797,0.34484,-0.41534,
1403638609,4.05908,9.77902,2.09946,-0.30973,0.70138,0.41709,0.48802,-0.50598,0.31223,-0.35459,
1403638609,4.01290,9.81205,2.06373,-0.31644,0.70139,0.41206,0.48798,-0.47422,0.27690,-0.36053,
1403638609,3.96899,9.83851,2.02371,-0.32033,0.70183,0.40895,0.48744,-0.43710,0.22310,-0.44372,
1403638609,3.93174,9.86518,1.97512,-0.31718,0.70194,0.41064,0.48790,-0.39752,0.18833,-0.51221,
1403638610,3.89387,9.88377,1.92201,-0.31339,0.70202,0.41280,0.48842,-0.37211,0.15258,-0.57954,
1403638610,3.86219,9.90372,1.86177,-0.31137,0.70217,0.41351,0.48890,-0.34526,0.13866,-0.62740,
1403638610,3.82869,9.91668,1.79871,-0.30829,0.70108,0.41561,0.49063,-0.32570,0.11338,-0.63852,
1403638610,3.80022,9.93018,1.73951,-0.30876,0.70214,0.41512,0.48923,-0.30005,0.10637,-0.56279,
1403638610,3.77024,9.93944,1.68828,-0.30882,0.70181,0.41481,0.48993,-0.28269,0.06062,-0.48750,
1403638610,3.74434,9.94710,1.64532,-0.31090,0.70072,0.41296,0.49172,-0.25507,0.04530,-0.39312,
1403638610,3.72044,9.94916,1.60903,-0.31391,0.69782,0.41071,0.49581,-0.24358,0.00071,-0.34545,
1403638610,3.69794,9.94715,1.57224,-0.31511,0.69505,0.40976,0.49971,-0.23214,-0.04983,-0.40021,
1403638610,3.67656,9.94070,1.52916,-0.31630,0.69421,0.40851,0.50114,-0.22295,-0.09108,-0.46272,
1403638610,3.65650,9.93032,1.47987,-0.31752,0.69387,0.40705,0.50203,-0.20939,-0.14635,-0.50832,
1403638611,3.63588,9.91267,1.42578,-0.31706,0.69098,0.40695,0.50637,-0.20762,-0.21046,-0.54244,
1403638611,3.61521,9.88923,1.37077,-0.32234,0.68372,0.40322,0.51579,-0.22014,-0.28663,-0.54191,
1403638611,3.59184,9.85689,1.31661,-0.32261,0.68447,0.40350,0.51441,-0.25380,-0.38880,-0.52705,
1403638611,3.56861,9.81516,1.26251,-0.31993,0.69181,0.40666,0.50365,-0.24682,-0.45174,-0.45118,
1403638611,3.54656,9.77192,1.21974,-0.31850,0.69485,0.40883,0.49860,-0.22042,-0.48125,-0.38511,
1403638611,3.52374,9.72456,1.18116,-0.32111,0.69389,0.40678,0.49993,-0.21623,-0.52540,-0.37545,
1403638611,3.50070,9.67153,1.13816,-0.32346,0.69125,0.40554,0.50307,-0.21001,-0.57762,-0.44810,
1403638611,3.47982,9.61204,1.09153,-0.32318,0.69077,0.40654,0.50311,-0.20302,-0.63445,-0.45852,
1403638611,3.45954,9.54708,1.04839,-0.32036,0.69019,0.40894,0.50376,-0.20482,-0.71157,-0.40385,
1403638611,3.43729,9.47987,1.01010,-0.30930,0.68582,0.41601,0.51080,-0.21273,-0.73737,-0.32518,
1403638612,3.41388,9.40631,0.97872,-0.29845,0.68314,0.42308,0.51503,-0.25909,-0.77711,-0.27596,
1403638612,3.38199,9.33064,0.95480,-0.29310,0.68512,0.42546,0.51351,-0.31926,-0.78526,-0.21709,
1403638612,3.34803,9.25572,0.93666,-0.29490,0.68922,0.42381,0.50833,-0.36451,-0.77638,-0.24959,
1403638612,3.31434,9.18206,0.91299,-0.30135,0.69492,0.41890,0.50080,-0.38211,-0.78469,-0.30542,
1403638612,3.27907,9.10239,0.88191,-0.30525,0.69958,0.41528,0.49493,-0.37339,-0.78759,-0.34079,
1403638612,3.24694,9.02756,0.85043,-0.30701,0.70217,0.41374,0.49144,-0.34858,-0.78304,-0.30991,
1403638612,3.21511,8.95006,0.82378,-0.30853,0.70400,0.41204,0.48930,-0.34091,-0.80518,-0.23934,
1403638612,3.18377,8.86955,0.80318,-0.30767,0.70455,0.41220,0.48891,-0.29380,-0.78318,-0.14023,
1403638612,3.15649,8.79262,0.78907,-0.30712,0.70421,0.41236,0.48962,-0.26962,-0.79835,-0.09442,
1403638612,3.13037,8.71255,0.77679,-0.30609,0.70323,0.41223,0.49178,-0.25666,-0.80079,-0.12398,
1403638613,3.10783,8.63382,0.75806,-0.30404,0.70114,0.41223,0.49601,-0.24331,-0.81673,-0.19664,
1403638613,3.08463,8.55373,0.73414,-0.29907,0.69952,0.41422,0.49965,-0.24048,-0.81408,-0.26264,
1403638613,3.06145,8.47467,0.70261,-0.29470,0.69774,0.41538,0.50375,-0.24804,-0.80964,-0.32420,
1403638613,3.03320,8.39332,0.66979,-0.29351,0.69688,0.41375,0.50697,-0.28474,-0.81894,-0.33754,
1403638613,3.00365,8.31418,0.63858,-0.29432,0.69641,0.41125,0.50917,-0.32025,-0.82105,-0.28659,
1403638613,2.97212,8.23302,0.61357,-0.29428,0.69885,0.41025,0.50666,-0.34357,-0.81297,-0.20247,
1403638613,2.93916,8.15555,0.59902,-0.29453,0.70023,0.40958,0.50516,-0.36748,-0.82286,-0.13164,
1403638613,2.90441,8.07296,0.58847,-0.29463,0.70191,0.40923,0.50304,-0.37697,-0.81326,-0.06508,
1403638613,2.87058,7.99529,0.58588,-0.29373,0.70230,0.40997,0.50242,-0.38343,-0.79969,0.01486,
1403638613,2.83300,7.91369,0.58529,-0.29297,0.70165,0.41048,0.50335,-0.39733,-0.80598,-0.02177,
1403638614,2.79637,7.83657,0.58091,-0.29405,0.70137,0.40715,0.50581,-0.39922,-0.79810,-0.07916,
1403638614,2.75799,7.75533,0.57020,-0.29587,0.70279,0.40100,0.50769,-0.40999,-0.79759,-0.13764,
1403638614,2.71951,7.67260,0.55164,-0.29977,0.70161,0.39451,0.51210,-0.41825,-0.81905,-0.21449,
1403638614,2.67962,7.59016,0.52517,-0.29952,0.70183,0.38716,0.51752,-0.42353,-0.86522,-0.28320,
1403638614,2.63950,7.50059,0.49407,-0.29408,0.70582,0.37823,0.52179,-0.42945,-0.91826,-0.34662,
1403638614,2.59729,7.40844,0.45641,-0.28344,0.71259,0.36723,0.52633,-0.44075,-0.96244,-0.38294,
1403638614,2.55284,7.31303,0.41603,-0.27040,0.72180,0.35370,0.52988,-0.45346,-1.00125,-0.40119,
1403638614,2.50853,7.21352,0.37864,-0.25684,0.73140,0.34002,0.53242,-0.46587,-1.02046,-0.33531,
1403638614,2.46425,7.11168,0.34713,-0.24707,0.73892,0.32857,0.53385,-0.48968,-1.02388,-0.29040,
1403638614,2.41984,7.01090,0.32402,-0.24204,0.74443,0.31879,0.53443,-0.49580,-1.02582,-0.19895,
1403638615,2.37290,6.90935,0.31000,-0.23930,0.74864,0.31052,0.53466,-0.50925,-1.05129,-0.10824,
1403638615,2.32647,6.80639,0.30518,-0.23592,0.75280,0.30042,0.53607,-0.48348,-1.04446,-0.04926,
1403638615,2.28273,6.70280,0.31148,-0.23373,0.75993,0.28610,0.53481,-0.46943,-1.06898,0.04652,
1403638615,2.23937,6.59416,0.32501,-0.22880,0.77026,0.26873,0.53117,-0.45773,-1.13043,0.14285,
1403638615,2.20108,6.48239,0.34808,-0.21821,0.78026,0.25081,0.52979,-0.38215,-1.14874,0.20858,
1403638615,2.16953,6.36917,0.37563,-0.20369,0.78886,0.22994,0.53229,-0.33425,-1.18817,0.24593,
1403638615,2.14564,6.25219,0.40827,-0.18325,0.79480,0.20853,0.53966,-0.27332,-1.23196,0.31980,
1403638615,2.12663,6.13226,0.44758,-0.15891,0.79634,0.18754,0.55265,-0.23315,-1.25000,0.36586,
1403638615,2.11105,6.01160,0.48491,-0.13675,0.79882,0.16347,0.56254,-0.22584,-1.25222,0.33004,
1403638615,2.09316,5.89109,0.51638,-0.11586,0.80172,0.13744,0.57002,-0.22082,-1.23865,0.27105,
1403638616,2.07630,5.76966,0.54183,-0.09637,0.80506,0.11189,0.57451,-0.22285,-1.22599,0.22190,
1403638616,2.06022,5.64938,0.56053,-0.08141,0.80711,0.09067,0.57769,-0.23140,-1.20927,0.18238,
1403638616,2.04401,5.53146,0.58077,-0.07146,0.80870,0.07576,0.57893,-0.23893,-1.18865,0.23968,
1403638616,2.02481,5.41663,0.60821,-0.06473,0.80972,0.06477,0.57963,-0.26085,-1.18623,0.31374,
1403638616,2.00352,5.30338,0.63895,-0.05957,0.81052,0.05204,0.58034,-0.27098,-1.18267,0.30321,
1403638616,1.98050,5.18648,0.66358,-0.05159,0.81189,0.04006,0.58014,-0.29056,-1.18651,0.22960,
1403638616,1.95710,5.06946,0.67994,-0.04196,0.81262,0.02744,0.58064,-0.29125,-1.19365,0.11339,
1403638616,1.93265,4.95142,0.68000,-0.03247,0.81372,0.01098,0.58025,-0.30174,-1.19731,-0.06163,
1403638616,1.90791,4.83273,0.66374,-0.02026,0.81426,-0.00799,0.58009,-0.31349,-1.20830,-0.22519,
1403638616,1.88361,4.71399,0.63646,-0.00757,0.81455,-0.02692,0.57942,-0.31090,-1.20552,-0.30440,
1403638617,1.85944,4.59499,0.60459,0.00159,0.81509,-0.04247,0.57778,-0.30793,-1.19514,-0.33601,
1403638617,1.83521,4.47685,0.56876,0.00902,0.81789,-0.05346,0.57281,-0.31345,-1.19405,-0.36177,
1403638617,1.81208,4.35981,0.53068,0.01020,0.82501,-0.06307,0.56150,-0.28381,-1.19271,-0.41304,
1403638617,1.79219,4.24296,0.48864,0.00505,0.83248,-0.07243,0.54928,-0.22589,-1.20991,-0.42179,
1403638617,1.77785,4.12234,0.45109,0.00449,0.83453,-0.07530,0.54578,-0.14940,-1.25980,-0.32092,
1403638617,1.77030,3.99834,0.42381,0.01168,0.83138,-0.07063,0.55107,-0.07464,-1.28794,-0.22239,
1403638617,1.76725,3.87151,0.40565,0.01892,0.82768,-0.06390,0.55722,-0.03425,-1.29962,-0.13308,
1403638617,1.76748,3.74453,0.39338,0.02260,0.82764,-0.05837,0.55776,0.01040,-1.29475,-0.06763,
1403638617,1.77182,3.61928,0.38602,0.02197,0.83091,-0.05561,0.55319,0.04328,-1.27565,-0.03313,
1403638617,1.78003,3.49610,0.38530,0.02276,0.83513,-0.05224,0.54709,0.09337,-1.24780,0.04885,
1403638618,1.79477,3.37490,0.39326,0.02272,0.83697,-0.04906,0.54456,0.15420,-1.22599,0.12567,
1403638618,1.81678,3.25576,0.40950,0.02285,0.83661,-0.04628,0.54536,0.21658,-1.19964,0.20380,
1403638618,1.84407,3.13774,0.43540,0.02470,0.83500,-0.04212,0.54808,0.29133,-1.17672,0.28951,
1403638618,1.88197,3.02558,0.46790,0.02513,0.83502,-0.03961,0.54821,0.34550,-1.14913,0.35024,
1403638618,1.92294,2.91528,0.50715,0.02378,0.83389,-0.03860,0.55007,0.39548,-1.11181,0.40008,
1403638618,1.96887,2.80753,0.54465,0.02278,0.83349,-0.03741,0.55080,0.43966,-1.08093,0.35067,
1403638618,2.01833,2.70302,0.57617,0.02089,0.83366,-0.03713,0.55063,0.48324,-1.06108,0.28503,
1403638618,2.06963,2.59928,0.60200,0.02039,0.83345,-0.03603,0.55104,0.51677,-1.04119,0.21867,
1403638618,2.12673,2.50022,0.62268,0.02093,0.83290,-0.03465,0.55194,0.54676,-1.00721,0.17507,
1403638618,2.18461,2.40221,0.64028,0.02079,0.83283,-0.03360,0.55211,0.58411,-0.97903,0.14759,
1403638619,2.24863,2.30816,0.65667,0.02038,0.83237,-0.03247,0.55290,0.62091,-0.94975,0.13128,
1403638619,2.31389,2.21573,0.67032,0.02313,0.83198,-0.03444,0.55326,0.65883,-0.93931,0.11500,
1403638619,2.38459,2.12661,0.68540,0.02741,0.83173,-0.03661,0.55329,0.69661,-0.89940,0.14946,
1403638619,2.45886,2.04172,0.70644,0.02889,0.83048,-0.04032,0.55483,0.73294,-0.85550,0.21620,
1403638619,2.53609,1.95946,0.73401,0.03384,0.82775,-0.04538,0.55824,0.76352,-0.83457,0.23617,
1403638619,2.61508,1.87727,0.75666,0.04257,0.82307,-0.05637,0.56354,0.77492,-0.81710,0.16794,
1403638619,2.69444,1.79777,0.77217,0.05660,0.81909,-0.07202,0.56631,0.77078,-0.78528,0.08792,
1403638619,2.77403,1.72200,0.78106,0.07033,0.81498,-0.09358,0.56755,0.77780,-0.75429,0.01260,
1403638619,2.85346,1.65004,0.78223,0.08584,0.81083,-0.11836,0.56673,0.76230,-0.72608,-0.08648,
1403638619,2.92946,1.58158,0.77582,0.09913,0.80565,-0.14168,0.56659,0.75211,-0.68170,-0.11673,
1403638620,3.00472,1.51646,0.76674,0.10741,0.80119,-0.15992,0.56655,0.75463,-0.63812,-0.13385,
1403638620,3.07849,1.45484,0.75639,0.11014,0.79780,-0.17532,0.56625,0.74439,-0.61039,-0.16695,
1403638620,3.14994,1.39380,0.74398,0.10458,0.79479,-0.18994,0.56683,0.70550,-0.61188,-0.17536,
1403638620,3.21739,1.33047,0.73203,0.10210,0.79181,-0.19871,0.56844,0.66735,-0.62933,-0.18716,
1403638620,3.28124,1.26509,0.71769,0.10245,0.79026,-0.20355,0.56882,0.62092,-0.66444,-0.20338,
1403638620,3.34214,1.19837,0.69714,0.10512,0.78901,-0.20551,0.56937,0.57119,-0.69415,-0.19534,
1403638620,3.39570,1.12579,0.68737,0.10826,0.78648,-0.20533,0.57233,0.51325,-0.72440,-0.11117,
1403638620,3.44577,1.05448,0.67589,0.11119,0.78431,-0.20467,0.57499,0.45454,-0.73843,-0.04973,
1403638620,3.48803,0.97707,0.67707,0.11478,0.78633,-0.20193,0.57248,0.38219,-0.75193,0.03649,
1403638620,3.52698,0.90457,0.68139,0.11622,0.78757,-0.20023,0.57107,0.32980,-0.75138,0.09405,
1403638621,3.56407,0.82658,0.69226,0.11660,0.78922,-0.19784,0.56955,0.30498,-0.76182,0.07647,
1403638621,3.59438,0.75303,0.69558,0.11471,0.79142,-0.19717,0.56712,0.27904,-0.76673,0.02112,
1403638621,3.62416,0.67852,0.69283,0.11090,0.79464,-0.19792,0.56309,0.24721,-0.76728,-0.03760,
1403638621,3.65320,0.59912,0.68435,0.10943,0.79790,-0.19630,0.55932,0.23409,-0.78645,-0.07875,
1403638621,3.67831,0.52247,0.67345,0.11448,0.79991,-0.19039,0.55748,0.22981,-0.78463,-0.11504,
1403638621,3.70414,0.44569,0.65978,0.11932,0.79930,-0.18457,0.55930,0.22454,-0.78133,-0.13392,
1403638621,3.73242,0.36818,0.64309,0.12017,0.79829,-0.18146,0.56157,0.22192,-0.75618,-0.09815,
1403638621,3.75756,0.29325,0.63744,0.11998,0.79682,-0.17911,0.56445,0.22885,-0.74444,-0.02372,
1403638621,3.78520,0.22245,0.63548,0.12186,0.79730,-0.17627,0.56426,0.23545,-0.72377,0.03439,
1403638621,3.80599,0.15247,0.63541,0.12185,0.79619,-0.17420,0.56647,0.20224,-0.69394,-0.02701,
1403638622,3.82840,0.09039,0.62906,0.12330,0.79416,-0.17187,0.56971,0.19408,-0.65135,-0.08544,
1403638622,3.84628,0.02727,0.61911,0.12324,0.79253,-0.17042,0.57241,0.17106,-0.61847,-0.13505,
1403638622,3.86395,-0.02823,0.60347,0.12390,0.79169,-0.16943,0.57374,0.14213,-0.57859,-0.17559,
1403638622,3.87614,-0.08600,0.58530,0.12537,0.78943,-0.16774,0.57701,0.10035,-0.55132,-0.20241,
1403638622,3.88430,-0.14028,0.56466,0.12686,0.78606,-0.16601,0.58177,0.06189,-0.50765,-0.22972,
1403638622,3.89127,-0.18538,0.54157,0.12646,0.78456,-0.16612,0.58385,0.02013,-0.46020,-0.25886,
1403638622,3.89149,-0.23026,0.51387,0.12378,0.78513,-0.16835,0.58302,-0.02049,-0.41387,-0.29834,
1403638622,3.88984,-0.27150,0.48777,0.12141,0.78554,-0.17003,0.58248,-0.06862,-0.38564,-0.25832,
1403638622,3.88096,-0.30968,0.46651,0.11910,0.78549,-0.17203,0.58243,-0.12191,-0.36118,-0.18957,
1403638622,3.86660,-0.34535,0.45465,0.12146,0.78642,-0.17142,0.58086,-0.19992,-0.32611,-0.09821,
1403638623,3.84789,-0.37753,0.45225,0.12431,0.78661,-0.17017,0.58038,-0.23342,-0.29989,-0.03412,
1403638623,3.82489,-0.40513,0.45366,0.12930,0.78515,-0.16756,0.58202,-0.26987,-0.25838,0.04657,
1403638623,3.79858,-0.42942,0.46866,0.13268,0.77738,-0.16568,0.59214,-0.31885,-0.21011,0.17721,
1403638623,3.76574,-0.44795,0.48805,0.13484,0.76783,-0.16488,0.60421,-0.35831,-0.15701,0.22320,
1403638623,3.72569,-0.46139,0.51127,0.13433,0.76798,-0.16614,0.60379,-0.45166,-0.08592,0.20030,
1403638623,3.67382,-0.46721,0.52776,0.13149,0.77403,-0.16944,0.59572,-0.53800,-0.02803,0.13720,
1403638623,3.61582,-0.46732,0.53701,0.12728,0.77963,-0.17321,0.58820,-0.60135,0.01696,0.08356,
1403638623,3.55051,-0.46471,0.54253,0.12311,0.78257,-0.17635,0.58423,-0.66939,0.04626,0.02705,
1403638623,3.48140,-0.46099,0.54292,0.12049,0.78592,-0.17836,0.57965,-0.70666,0.05269,-0.01027,
1403638623,3.40997,-0.45480,0.53966,0.12054,0.78868,-0.17854,0.57583,-0.74111,0.06795,-0.04236,
1403638624,3.33615,-0.44897,0.53320,0.11916,0.78911,-0.17947,0.57523,-0.76433,0.08531,-0.03015,
1403638624,3.25876,-0.44072,0.53457,0.12202,0.78858,-0.17820,0.57575,-0.79923,0.09527,0.04531,
1403638624,3.17905,-0.43244,0.53957,0.12372,0.78927,-0.17784,0.57457,-0.83988,0.10499,0.10331,
1403638624,3.09512,-0.42128,0.55292,0.12540,0.79016,-0.17760,0.57304,-0.87744,0.13046,0.14683,
1403638624,3.00907,-0.40885,0.56980,0.12692,0.79186,-0.17828,0.57014,-0.89292,0.14742,0.12874,
1403638624,2.92572,-0.39591,0.57932,0.12716,0.79245,-0.17947,0.56890,-0.89507,0.16366,0.06803,
1403638624,2.83752,-0.38045,0.58757,0.12499,0.79279,-0.18240,0.56797,-0.90480,0.17556,0.01794,
1403638624,2.75608,-0.36484,0.59083,0.12258,0.79265,-0.18527,0.56776,-0.90158,0.17173,-0.02047,
1403638624,2.66574,-0.34868,0.59104,0.12159,0.79185,-0.18723,0.56845,-0.90099,0.16837,-0.04774,
1403638624,2.57738,-0.33353,0.58588,0.12153,0.79160,-0.18853,0.56839,-0.91173,0.16762,-0.09476,
1403638625,2.49682,-0.31888,0.57552,0.12062,0.78842,-0.19085,0.57220,-0.90702,0.16427,-0.11302,
1403638625,2.40355,-0.30478,0.56399,0.11850,0.77872,-0.19304,0.58505,-0.93664,0.16290,-0.13480,
1403638625,2.30856,-0.29097,0.55123,0.12278,0.78139,-0.18632,0.58278,-0.98887,0.16876,-0.10743,
1403638625,2.22018,-0.27558,0.54429,0.12585,0.78866,-0.17715,0.57514,-1.00146,0.18563,-0.02366,
1403638625,2.11650,-0.25637,0.54475,0.12310,0.79322,-0.17192,0.57105,-1.02755,0.21416,0.03924,
1403638625,2.02098,-0.23609,0.55184,0.11596,0.79482,-0.17052,0.57074,-1.02185,0.21959,0.03598,
1403638625,1.92566,-0.21685,0.55649,0.10782,0.79588,-0.17120,0.57065,-1.01352,0.20746,-0.00215,
1403638625,1.82354,-0.19889,0.55495,0.10370,0.79700,-0.17037,0.57009,-1.01581,0.19782,-0.03232,
1403638625,1.72742,-0.18309,0.55365,0.10247,0.79738,-0.16899,0.57020,-1.00856,0.17744,-0.04308,
1403638625,1.62524,-0.16705,0.55199,0.10203,0.79726,-0.16782,0.57079,-1.00581,0.16037,0.02226,
1403638626,1.52853,-0.15202,0.55795,0.10209,0.79710,-0.16746,0.57111,-1.00113,0.14740,0.07881,
1403638626,1.42628,-0.13849,0.56870,0.10261,0.79854,-0.16731,0.56904,-0.99775,0.13031,0.13422,
1403638626,1.32516,-0.12573,0.58445,0.10143,0.80143,-0.16818,0.56492,-1.00106,0.12237,0.15816,
1403638626,1.22657,-0.11352,0.59881,0.10061,0.80575,-0.16939,0.55853,-0.98451,0.10654,0.11372,
1403638626,1.12822,-0.10498,0.60820,0.10175,0.80677,-0.16922,0.55689,-0.95952,0.08297,0.08071,
1403638626,1.03275,-0.09789,0.61344,0.10162,0.80750,-0.17031,0.55552,-0.94654,0.07067,0.01868,
1403638626,0.93870,-0.09294,0.61282,0.09991,0.80787,-0.17220,0.55471,-0.91281,0.04463,-0.01556,
1403638626,0.84820,-0.08959,0.60728,0.10155,0.80775,-0.17146,0.55482,-0.89735,0.02312,-0.06564,
1403638626,0.75967,-0.08912,0.59872,0.10792,0.80595,-0.16754,0.55743,-0.87428,0.00692,-0.09467,
1403638626,0.67347,-0.08874,0.58767,0.11360,0.80396,-0.16332,0.56042,-0.85239,0.02220,-0.12757,
1403638627,0.58939,-0.08419,0.57178,0.11513,0.80528,-0.16205,0.55858,-0.83369,0.03058,-0.14419,
1403638627,0.50737,-0.08203,0.55720,0.11380,0.80737,-0.16287,0.55559,-0.80605,0.04705,-0.14731,
1403638627,0.42731,-0.07833,0.54372,0.11198,0.81017,-0.16367,0.55163,-0.77623,0.05659,-0.10911,
1403638627,0.35414,-0.07581,0.53623,0.11010,0.81336,-0.16464,0.54701,-0.70078,0.03841,-0.01184,
1403638627,0.28523,-0.07404,0.53657,0.10994,0.81565,-0.16422,0.54374,-0.63729,0.02992,0.06286,
1403638627,0.22140,-0.07158,0.53857,0.10923,0.81573,-0.16396,0.54385,-0.59468,0.02902,0.04363,
1403638627,0.16295,-0.07148,0.53834,0.10845,0.81556,-0.16372,0.54433,-0.55057,0.01645,0.00118,
1403638627,0.10781,-0.07232,0.53367,0.10781,0.81550,-0.16345,0.54464,-0.51051,0.00462,-0.03672,
1403638627,0.05348,-0.06934,0.52162,0.11047,0.81548,-0.16119,0.54480,-0.47151,0.00783,-0.07697,
1403638627,0.01016,-0.07102,0.51249,0.11159,0.81542,-0.16008,0.54499,-0.41586,-0.00311,-0.10499,
1403638628,-0.02970,-0.07332,0.49981,0.11123,0.81507,-0.16029,0.54552,-0.37715,-0.00398,-0.12168,
1403638628,-0.06604,-0.07370,0.48575,0.11453,0.81310,-0.15867,0.54825,-0.33735,0.00091,-0.13036,
1403638628,-0.10183,-0.07406,0.47250,0.11548,0.81009,-0.15817,0.55262,-0.31004,0.00700,-0.14188,
1403638628,-0.13074,-0.07276,0.45770,0.11672,0.80880,-0.15780,0.55436,-0.28173,0.01847,-0.14830,
1403638628,-0.15822,-0.07008,0.44293,0.11744,0.80999,-0.15782,0.55247,-0.25807,0.03771,-0.15509,
1403638628,-0.18514,-0.06740,0.42988,0.11853,0.81158,-0.15768,0.54993,-0.23690,0.04907,-0.13425,
1403638628,-0.20547,-0.06135,0.41782,0.11914,0.81253,-0.15826,0.54823,-0.20304,0.06581,-0.11717,
1403638628,-0.22367,-0.05417,0.40751,0.11956,0.81266,-0.15903,0.54773,-0.16579,0.08129,-0.09775,
1403638628,-0.23734,-0.04790,0.39795,0.11915,0.81326,-0.16016,0.54659,-0.12024,0.08994,-0.06990,
1403638628,-0.24620,-0.03864,0.39186,0.11672,0.81276,-0.16220,0.54726,-0.07984,0.10350,-0.05656,
1403638629,-0.25203,-0.02906,0.38896,0.10862,0.80675,-0.16838,0.55589,-0.05093,0.10682,-0.01203,
1403638629,-0.25695,-0.02016,0.38875,0.10259,0.79983,-0.17288,0.56556,-0.05905,0.09070,-0.00148,
1403638629,-0.26693,-0.01319,0.38506,0.10015,0.79916,-0.17451,0.56644,-0.08247,0.06425,-0.03275,
1403638629,-0.27504,-0.00964,0.37764,0.10368,0.80056,-0.17240,0.56447,-0.09277,0.03815,-0.09309,
1403638629,-0.28495,-0.00656,0.36692,0.10811,0.80068,-0.16992,0.56422,-0.09383,0.02241,-0.12257,
1403638629,-0.29446,-0.00421,0.35683,0.11301,0.80180,-0.16646,0.56271,-0.09151,0.02166,-0.09827,
1403638629,-0.29967,-0.00302,0.34743,0.11642,0.80313,-0.16361,0.56095,-0.08273,0.02906,-0.06054,
1403638629,-0.30850,0.00088,0.34322,0.11806,0.80421,-0.16212,0.55949,-0.08156,0.04903,-0.03417,
1403638629,-0.31949,0.00622,0.34123,0.11921,0.80507,-0.16131,0.55823,-0.08093,0.06715,-0.01638,
1403638629,-0.32585,0.01320,0.34015,0.11861,0.80914,-0.16232,0.55216,-0.06106,0.07815,-0.01081,
1403638630,-0.33013,0.02106,0.33957,0.11555,0.81379,-0.16486,0.54518,-0.01809,0.08992,-0.00091,
1403638630,-0.32856,0.02857,0.34089,0.10835,0.81396,-0.17026,0.54474,0.02132,0.08104,0.01125,
1403638630,-0.32332,0.03480,0.34328,0.09833,0.80971,-0.17790,0.55050,0.05138,0.04609,0.03801,
1403638630,-0.31479,0.03572,0.34589,0.09456,0.80356,-0.18098,0.55910,0.06560,0.00723,0.00199,
1403638630,-0.30865,0.03507,0.34165,0.09997,0.79741,-0.17823,0.56779,0.04902,-0.03465,-0.08431,
1403638630,-0.30428,0.03099,0.32879,0.11106,0.79173,-0.17092,0.57586,0.01666,-0.04188,-0.18755,
1403638630,-0.30333,0.02779,0.30513,0.11764,0.79221,-0.16629,0.57525,-0.00240,-0.01615,-0.28362,
1403638630,-0.30577,0.02667,0.27397,0.12000,0.79635,-0.16418,0.56962,-0.04165,0.00533,-0.34925,
1403638630,-0.31009,0.02716,0.23737,0.12213,0.80295,-0.16375,0.55995,-0.04427,0.02549,-0.39987,
1403638630,-0.30226,0.03075,0.23640,0.10727,0.80893,-0.17019,0.55242,0.11014,0.00996,0.17241,
1403638631,-0.29257,0.03150,0.24552,0.11669,0.79947,-0.16249,0.56642,0.08492,0.02368,-0.02496,
1403638631,-0.28446,0.03332,0.23423,0.11752,0.79862,-0.16263,0.56740,0.07034,0.02594,-0.25282,
1403638631,-0.28156,0.03246,0.21622,0.10724,0.82496,-0.15633,0.53244,0.00365,0.00289,-0.00336,
1403638631,-0.29037,0.02678,0.21207,0.11148,0.82242,-0.15804,0.53500,-0.09078,0.02106,0.00934,
1403638631,-0.29532,0.03455,0.20662,0.11075,0.82324,-0.15645,0.53436,-0.09103,0.04776,-0.05416,
1403638631,-0.29182,0.01924,0.24666,0.10948,0.82426,-0.15640,0.53305,-0.05990,0.00072,0.02632,
1403638631,-0.30211,0.01936,0.22695,0.10914,0.82379,-0.15663,0.53378,-0.06100,0.00383,0.00202,
1403638631,-0.30067,0.02939,0.23521,0.10955,0.82401,-0.15695,0.53326,-0.05810,0.02162,0.02020,
1403638631,-0.31099,0.03149,0.23615,0.10963,0.82378,-0.15693,0.53361,-0.06789,0.02136,0.02312,
1403638631,-0.31522,0.03230,0.23680,0.10986,0.82383,-0.15677,0.53353,-0.06537,0.02401,0.02281,
1403638632,-0.33682,0.03431,0.20085,0.10977,0.82325,-0.15688,0.53441,-0.09649,0.02855,-0.01809,
1403638632,-0.34178,0.03623,0.19917,0.11006,0.82331,-0.15676,0.53430,-0.08641,0.02783,-0.01337,
